Title,ISBN,Author,Rating,Date of publish,Category,user_id,LIKE,Comment
Emil and the Detectives,9781590205549,"Erich Kästner,Maurice Sendak",1.0,"January 1, 1929",Children,82,0,
The One Thing: The Surprisingly Simple Truth Behind Extraordinary Results,9781885167774,"Gary Keller,Jay Papasan",4.0,"January 1, 2012",Business,41,0,
A Universe from Nothing: Why There Is Something Rather Than Nothing,9781451624458,"Lawrence M. Krauss,Richard Dawkins",4.0,"January 10, 2012",Biology,462,0,A classic for a reason. Highly enjoyable.
Smoke Gets in Your Eyes & Other Lessons from the Crematory,9780393351903,Caitlin Doughty,4.0,"September 15, 2014",nonfiction,96,1,I would recommend this to fans of [genre].
Smoke Gets in Your Eyes & Other Lessons from the Crematory,9780393351903,Caitlin Doughty,,"September 15, 2014",nonfiction,98,1,A thought-provoking and insightful book.
Smoke Gets in Your Eyes & Other Lessons from the Crematory,9780393351903,Caitlin Doughty,4.0,"September 15, 2014",nonfiction,183,0,A quick and entertaining read.
Dry,9780312423797,Augusten Burroughs,4.0,"January 1, 2003",nonfiction,365,0,The pacing felt a bit off in the middle.
Wonders of Nature,9780942299908,"Jane Werner Watson,Eloise Wilkin",4.0,"January 1, 1957",Math,129,1,A classic for a reason. Highly enjoyable.
"Geekerella (Once Upon a Con, #1)",9781594749476,Ashley Poston,,"April 4, 2017",Cars,14,0,A classic for a reason. Highly enjoyable.
Utopia for Realists: How We Can Build the Ideal World,9780316471893,Rutger Bregman,4.0,"September 14, 2014",Economics,297,1,This book really made me think about [a theme].
"The Book Woman's Daughter (The Book Woman of Troublesome Creek, #2)",9781728242590,Kim Michele Richardson,4.0,"May 3, 2022",nonfiction,28,1,I would recommend this to fans of [genre].
Island of Sweet Pies and Soldiers,9780778319214,Sara  Ackerman,,"February 1, 2018",Math,390,0,I struggled to connect with the main character.
"Dear Ijeawele, or A Feminist Manifesto in Fifteen Suggestions",9780008241032,Chimamanda Ngozi Adichie,5.0,"March 7, 2017",Personal-Development,276,0,I found the writing style to be quite beautiful.
"Redeeming Zorus (Cyborg Seduction, #6)",9781419933943,Laurann Dohner,4.0,"April 20, 2011",Biology,187,1,
"When the Earth Was Green: Plants, Animals, and Evolution's Greatest Romance",9781250288998,Riley Black,4.0,"February 25, 2025",Math,215,1,A quick and entertaining read.
You Wish,9781595142924,Mandy Hubbard,,"July 29, 2010",Children,133,1,Disappointing after all the hype.
Where the Sidewalk Ends,9780060513030,Shel Silverstein,4.0,"January 1, 1974",Math,434,1,This book really made me think about [a theme].
The Life of Senna,9780954685737,Tom Rubython,2.0,"May 1, 2004",Cars,114,0,A thought-provoking and insightful book.
"Daemon (Daemon, #1)",9780525951117,Daniel Suarez,,"December 1, 2006",Artificial-Intelligence,96,0,A quick and entertaining read.
Mathematics and Its History (Undergraduate Texts in Mathematics),9781441960528,John Stillwell,4.0,"May 1, 1997",Computer-Science,58,0,The world-building in this fantasy novel is incredible.
Mathematics and Its History (Undergraduate Texts in Mathematics),9781441960528,John Stillwell,4.0,"May 1, 1997",Computer-Science,175,0,
The Time Traveler's Guide to Medieval England: A Handbook for Visitors to the Fourteenth Century,9781439112892,Ian Mortimer,3.0,"October 2, 2008",Technology,169,0,"Not what I expected, but in a good way!"
The Time Traveler's Guide to Medieval England: A Handbook for Visitors to the Fourteenth Century,9781439112892,Ian Mortimer,4.0,"October 2, 2008",Technology,199,1,This book really made me think about [a theme].
A Certain Ambiguity: A Mathematical Novel,9780691127095,"Gaurav Suri,Hartosh Singh Bal",4.0,"July 2, 2007",Math,71,0,A thought-provoking and insightful book.
Alibaba: The House That Jack Ma Built,9780062413406,Duncan Clark,1.0,"April 12, 2016",Technology,440,0,A classic for a reason. Highly enjoyable.
Learn Python 3 the Hard Way: A Very Simple Introduction to the Terrifyingly Beautiful World of Computers and Code (Zed Shaw's Hard Way Series),9780134692883,Shaw Zed A.,1.0,"June 26, 2017",Computer-Science,467,0,The ending left me wanting more.
Data and Goliath: The Hidden Battles to Collect Your Data and Control Your World,9780393352177,Bruce Schneier,4.0,"March 2, 2015",Computer-Science,84,1,A classic for a reason. Highly enjoyable.
"Puff, the Magic Dragon Pop-Up Book",9781402779190,"Peter Yarrow,Lenny Lipton",4.0,"August 1, 2007",Children,468,1,I struggled to connect with the main character.
"Shades of Milk and Honey (Glamourist Histories, #1)",9781429963367,Mary Robinette Kowal,,"July 26, 2010",nonfiction,53,1,Disappointing after all the hype.
"Shades of Milk and Honey (Glamourist Histories, #1)",9781429963367,Mary Robinette Kowal,,"July 26, 2010",nonfiction,482,1,The ending left me wanting more.
The Wordy Shipmates,9781594489990,Sarah Vowell,4.0,"October 7, 2008",Children,261,1,I couldn't put it down!
"Little House in the Big Woods (Little House, #1)",9780060885373,"Laura Ingalls Wilder,Garth Williams",4.0,"January 1, 1932",self-help,154,0,"Not what I expected, but in a good way!"
American Sphinx: The Character of Thomas Jefferson,9780679764410,Joseph J. Ellis,4.0,"January 31, 1997",History,51,1,A quick and entertaining read.
Batman: The Dark Knight Strikes Again,9781563899294,"Frank Miller,Lynn Varley,Todd Klein",3.0,"January 1, 2001",Comics,243,0,A classic for a reason. Highly enjoyable.
Lantern Sam and the Blue Streak Bandits,9780385753173,Michael D. Beil,2.0,"January 1, 2014",Children,35,0,A thought-provoking and insightful book.
Lantern Sam and the Blue Streak Bandits,9780385753173,Michael D. Beil,4.0,"January 1, 2014",Children,438,1,A captivating story with well-developed characters.
"Once Upon a Marigold (Upon a Marigold, #1)",9780152050849,Jean Ferris,,"October 1, 2002",Children,321,1,The ending left me wanting more.
The Principles of Beautiful Web Design,9780975841969,"Jason Beaird,Alex Walker,James George",4.0,"January 31, 2007",Computer-Science,128,0,A quick and entertaining read.
Test-Driven Development: By Example,9780321146533,Kent Beck,4.0,"January 1, 2002",Computer-Science,267,0,Disappointing after all the hype.
Army of None: Autonomous Weapons and the Future of War,9780393356588,Paul Scharre,4.0,"April 24, 2018",Computer-Science,14,1,I would recommend this to fans of [genre].
The Jamange Line,9798863458434,"The Conductor,Ashley S. Clancy",4.0,"October 5, 2023",Children,284,1,This book really made me think about [a theme].
"Planet Mail (Mail Call, #1)",9781419956621,Kate Pearce,1.0,"July 5, 2006",Biology,292,0,A quick and entertaining read.
"Planet Mail (Mail Call, #1)",9781419956621,Kate Pearce,4.0,"July 5, 2006",Biology,329,0,A quick and entertaining read.
Fancy Nancy and the Boy from Paris (I Can Read Level 1),9780061236099,"Jane O&apos;Connor,Robin Preiss Glasser",3.0,"February 5, 2008",Children,106,0,I couldn't put it down!
"Homicidal Psycho Jungle Cat (Calvin and Hobbes, #9)",9780836217698,Bill Watterson,5.0,"September 1, 1994",Children,243,0,A captivating story with well-developed characters.
Grit: The Power of Passion and Perseverance,9781501111105,Angela Duckworth,4.0,"May 3, 2016",Personal-Development,218,1,This book really made me think about [a theme].
"Frost Burned (Mercy Thompson, #7)",9780441020010,Patricia Briggs,4.0,"January 1, 2013",Cars,136,1,I struggled to connect with the main character.
"Fortunately, the Milk",9780062224071,"Neil Gaiman,Skottie Young",4.0,"September 17, 2013",Comics,195,1,The plot twists kept me guessing until the end.
"You Do You: How to Be Who You Are and Use What You've Got to Get What You Want (A No F*cks Given Guide, 3)",9780316445122,Sarah Knight,4.0,"November 21, 2017",Personal-Development,375,1,The plot twists kept me guessing until the end.
Shanghai Girls: Uncensored & Unsentimental,9789881841940,Mina Hanbury-Tenison,,"January 1, 2010",Personal-Development,236,1,A quick and entertaining read.
Introduction to Analysis Pearson New International Edition,9781292039329,William R. Wade,4.0,"August 1, 1994",Computer-Science,178,0,The pacing felt a bit off in the middle.
Introduction to Analysis Pearson New International Edition,9781292039329,William R. Wade,4.0,"August 1, 1994",Computer-Science,414,0,Disappointing after all the hype.
The Tin Snail,9780857551290,"Cameron McAllister,Sam Usher",4.0,"January 1, 2014",Cars,40,1,I found the writing style to be quite beautiful.
Information Doesn't Want to Be Free: Laws for the Internet Age,9781940450285,"Cory Doctorow,Neil Gaiman,Amanda Palmer",4.0,"November 18, 2014",Computer-Science,87,1,Disappointing after all the hype.
"Green Mars (Mars Trilogy, #2)",9780553572391,Kim Stanley Robinson,4.0,"May 1, 1993",Children,113,1,A captivating story with well-developed characters.
"Green Mars (Mars Trilogy, #2)",9780553572391,Kim Stanley Robinson,4.0,"May 1, 1993",Children,239,0,The plot twists kept me guessing until the end.
"Safe House (1-800-Where-R-You, #3)",9781416927068,"Jenny Carroll,Meg Cabot",4.0,"March 1, 2002",Children,334,0,The ending left me wanting more.
The Only Woman in the Room,9781492666875,Marie Benedict,,"January 8, 2019",Computer-Science,321,1,A quick and entertaining read.
The Lost City of the Monkey God,9781504030267,Douglas Preston,2.0,"January 3, 2017",Personal-Development,156,0,The ending left me wanting more.
The Manny,9781603708821,Sara Bell,4.0,"December 19, 2009",Cars,473,1,The ending left me wanting more.
"Phoenix and Ashes (Elemental Masters, #3)",9780756402723,Mercedes Lackey,4.0,"October 4, 2004",Children,448,1,I couldn't put it down!
Recoding America: Why Government Is Failing in the Digital Age and How We Can Do Better,9781250266774,Jennifer Pahlka,4.0,"June 13, 2023",Computer-Science,218,1,The plot twists kept me guessing until the end.
Recoding America: Why Government Is Failing in the Digital Age and How We Can Do Better,9781250266774,Jennifer Pahlka,,"June 13, 2023",Computer-Science,398,0,Disappointing after all the hype.
Against the Day,9781594201202,Thomas Pynchon,4.0,"November 21, 2006",Math,182,0,I couldn't put it down!
Cassandra: The Definitive Guide,9781449390419,Eben Hewitt,4.0,"November 12, 2010",Computer-Science,337,1,A captivating story with well-developed characters.
The Science of Getting Rich,9781585426010,Wallace D. Wattles,4.0,"January 1, 1910",Business,288,0,I would recommend this to fans of [genre].
Tightwads and Spendthrifts: Navigating the Money Minefield in Real Relationships,9781250280084,Scott Rick,4.0,"January 9, 2024",Personal-Development,209,0,The plot twists kept me guessing until the end.
Tightwads and Spendthrifts: Navigating the Money Minefield in Real Relationships,9781250280084,Scott Rick,,"January 9, 2024",Personal-Development,242,0,
Tightwads and Spendthrifts: Navigating the Money Minefield in Real Relationships,9781250280084,Scott Rick,4.0,"January 9, 2024",Personal-Development,256,0,Disappointing after all the hype.
The 7 Habits of Highly Effective Families: Creating a Nurturing Family in a Turbulent World,9780307440853,"Stephen R. Covey,Sandra M. Covey",,"October 1, 1997",Personal-Development,376,0,"Not what I expected, but in a good way!"
The Transhumanism Handbook,9783030169190,Newton Lee,4.0,"August 6, 2019",Personal-Development,304,0,I found the writing style to be quite beautiful.
The Transhumanism Handbook,9783030169190,Newton Lee,4.0,"August 6, 2019",Personal-Development,377,1,A quick and entertaining read.
"Billy Bunter's Banknote (Billy Bunter, #2)",9780948248689,Frank Richards,4.0,"July 15, 1932",Children,87,1,This book really made me think about [a theme].
"Billy Bunter's Banknote (Billy Bunter, #2)",9780948248689,Frank Richards,3.0,"July 15, 1932",Children,473,0,The world-building in this fantasy novel is incredible.
Positively Izzy (Emmie & Friends #2),9780062484963,Terri Libenson,4.0,"May 1, 2018",Children,369,1,I struggled to connect with the main character.
"To Be Taught, If Fortunate",9780062936011,Becky  Chambers,4.0,"August 8, 2019",Technology,392,1,"Not what I expected, but in a good way!"
CEO-Stories: Children Employed by Owners,9781649530356,"Michael Eastwood,Dr Melissa Caudle",5.0,"August 24, 2020",Business,221,0,"Not what I expected, but in a good way!"
"The Fire at Mary Anne's House (The Baby-Sitters Club, #131)",9780590503907,Ann M. Martin,4.0,"June 1, 1999",Math,78,0,I would recommend this to fans of [genre].
My Neighbor Totoro 2,9781591166849,Hayao Miyazaki,4.0,"June 30, 1988",studio-ghibli,38,1,
Schindler’s List,9780340606513,Thomas Keneally,,"October 18, 1982",Personal-Development,348,0,Disappointing after all the hype.
"A Pride Christmas in Brooklyn (Pride, #1.1)",9781932866506,Shelly Laurenston,3.0,"September 25, 2007",nonfiction,100,0,This book really made me think about [a theme].
"Hitler's Daughter (Hitler Trilogy, #1)",9780060086527,Jackie French,,"October 13, 1999",Children,38,0,Disappointing after all the hype.
Who Fears Death,9780756406172,Nnedi Okorafor,4.0,"June 1, 2010",Children,36,1,The world-building in this fantasy novel is incredible.
"Tracking Trisha (Dragon Lords of Valdier, #3)",9781942562023,S.E. Smith,4.0,"June 8, 2012",Biology,275,0,A thought-provoking and insightful book.
"Maybe You Should Talk to Someone: A Therapist, Her Therapist, and Our Lives Revealed",9781328662057,Lori Gottlieb,4.0,"April 2, 2019",Personal-Development,414,0,I found the writing style to be quite beautiful.
The Orphanage (Shilling Grange Children’s Home #1),9781800192058,Lizzie Page,4.0,"August 27, 2021",Children,227,1,A thought-provoking and insightful book.
"The Forbidden Vial (Alessia in Atlantis, #1)",9781736170472,Nathalie Laine,4.0,"March 1, 2021",Children,322,0,"Not what I expected, but in a good way!"
Late Bloomer: Finding My Authentic Self at Midlife,9781647425203,Melissa Giberson,,"August 8, 2023",Personal-Development,309,0,The ending left me wanting more.
25 Ways to Win with People: How to Make Others Feel Like a Million Bucks,9780785260943,John C. Maxwell,,"June 5, 2005",Personal-Development,73,0,I struggled to connect with the main character.
You Better Not Cry: Stories for Christmas,9780312341916,Augusten Burroughs,,"October 1, 2009",Children,58,0,I found the writing style to be quite beautiful.
You Better Not Cry: Stories for Christmas,9780312341916,Augusten Burroughs,1.0,"October 1, 2009",Children,280,0,A quick and entertaining read.
Less,9780316465182,Andrew Sean Greer,4.0,"July 18, 2017",nonfiction,363,1,The pacing felt a bit off in the middle.
The Invention of Nature: Alexander von Humboldt's New World,9780385350679,Andrea Wulf,4.0,"September 1, 2015",Biology,365,1,A thought-provoking and insightful book.
What a Time to Be Alone: The Slumflower's Guide to Why You Are Already Enough,9781787132115,Chidera Eggerue,4.0,"July 26, 2018",Personal-Development,495,1,A thought-provoking and insightful book.
Big Pumpkin,9780689801297,"Erica Silverman,S.D. Schindler",4.0,"August 31, 1992",Math,8,1,A quick and entertaining read.
Big Pumpkin,9780689801297,"Erica Silverman,S.D. Schindler",2.0,"August 31, 1992",Math,151,0,A classic for a reason. Highly enjoyable.
Big Pumpkin,9780689801297,"Erica Silverman,S.D. Schindler",4.0,"August 31, 1992",Math,165,0,I couldn't put it down!
Big Pumpkin,9780689801297,"Erica Silverman,S.D. Schindler",4.0,"August 31, 1992",Math,468,0,The plot twists kept me guessing until the end.
Star Dog,9780590317771,A.M. Lightner,4.0,"January 1, 1973",Math,410,1,Disappointing after all the hype.
Bingo Love,9780995460409,"Tee Franklin,Jenn St-Onge,Joy San,Cardinal Rae",,"February 20, 2018",Comics,111,1,I found the writing style to be quite beautiful.
Bingo Love,9780995460409,"Tee Franklin,Jenn St-Onge,Joy San,Cardinal Rae",4.0,"February 20, 2018",Comics,120,0,I couldn't put it down!
"Wicked Fate (Wicked, #1)",9781480258297,Tabatha Vargo,4.0,"September 22, 2012",Children,212,1,This book really made me think about [a theme].
"The Three Body Problem (Cambridge Mysteries, #1)",9780749083472,Catherine Shaw,3.0,"January 1, 2004",Math,62,1,I found the writing style to be quite beautiful.
"The Three Body Problem (Cambridge Mysteries, #1)",9780749083472,Catherine Shaw,3.0,"January 1, 2004",Math,282,1,A quick and entertaining read.
Ship Fever: Stories,9780393316001,Andrea Barrett,2.0,"January 17, 1996",Math,6,0,A captivating story with well-developed characters.
"Ponyo, Volume 1",9781421530772,Hayao Miyazaki,4.0,"July 7, 2009",studio-ghibli,125,0,The world-building in this fantasy novel is incredible.
"Ponyo, Volume 1",9781421530772,Hayao Miyazaki,4.0,"July 7, 2009",studio-ghibli,150,0,The pacing felt a bit off in the middle.
"Doing Bayesian Data Analysis: A Tutorial with R, JAGS, and Stan",9780124059160,John K. Kruschke,4.0,"November 11, 2014",Computer-Science,170,1,
"Doing Bayesian Data Analysis: A Tutorial with R, JAGS, and Stan",9780124059160,John K. Kruschke,,"November 11, 2014",Computer-Science,177,1,
"Compulsory (The Murderbot Diaries, #0.5)",9781645241720,Martha Wells,,"December 17, 2018",Children,212,0,This book really made me think about [a theme].
"Compulsory (The Murderbot Diaries, #0.5)",9781645241720,Martha Wells,4.0,"December 17, 2018",Children,236,1,
"Compulsory (The Murderbot Diaries, #0.5)",9781645241720,Martha Wells,1.0,"December 17, 2018",Children,425,0,The pacing felt a bit off in the middle.
"Gödel, Escher, Bach: An Eternal Golden Braid",9780465026562,Douglas R. Hofstadter,4.0,"April 1, 1979",Biology,370,0,I couldn't put it down!
In the Company of Heroes: The Personal Story Behind Black Hawk Down,9780451219930,"Michael J. Durant,Steven Hartov",4.0,"May 12, 2003",History,243,1,The ending left me wanting more.
The Accidental Santera,9780312381882,Irete Lazo,,"October 14, 2008",Computer-Science,26,1,I struggled to connect with the main character.
"Communication Matters: ""That's Not What I Meant!"": The Sociolinguistics of Everyday Conversation",9781402547720,Deborah Tannen,4.0,"January 1, 1986",Personal-Development,297,1,The ending left me wanting more.
"Communication Matters: ""That's Not What I Meant!"": The Sociolinguistics of Everyday Conversation",9781402547720,Deborah Tannen,,"January 1, 1986",Personal-Development,430,1,I couldn't put it down!
JavaScript: The Definitive Guide: Master the World's Most-Used Programming Language,9781491952023,David Flanagan,4.0,"January 1, 1996",Computer-Science,349,0,A quick and entertaining read.
First Things First,9780684802039,"Stephen R. Covey,A. Roger Merrill,Rebecca R. Merrill",4.0,"January 17, 1996",Business,124,1,A thought-provoking and insightful book.
First Things First,9780684802039,"Stephen R. Covey,A. Roger Merrill,Rebecca R. Merrill",4.0,"January 17, 1996",Business,458,1,A thought-provoking and insightful book.
"Poorly Drawn Lines: Good Ideas and Amazing Stories (Poorly Drawn Lines, #1)",9780147515421,Reza Farazmand,4.0,"October 6, 2015",Math,141,1,Disappointing after all the hype.
"Poorly Drawn Lines: Good Ideas and Amazing Stories (Poorly Drawn Lines, #1)",9780147515421,Reza Farazmand,4.0,"October 6, 2015",Math,209,0,The ending left me wanting more.
The 33 Strategies of War,9780670034574,Robert Greene,4.0,"April 2, 2001",Personal-Development,32,1,I would recommend this to fans of [genre].
An Annoying ABC,9780375867088,"Barbara Bottner,Michael Emberley",4.0,"January 1, 2011",Math,21,1,
The Power of Moments: Why Certain Experiences Have Extraordinary Impact,9781501147760,"Chip Heath,Dan Heath",4.0,"October 3, 2017",Personal-Development,72,1,I struggled to connect with the main character.
The Power of Moments: Why Certain Experiences Have Extraordinary Impact,9781501147760,"Chip Heath,Dan Heath",4.0,"October 3, 2017",Personal-Development,222,0,This book really made me think about [a theme].
Crime and Punishment,9780521796705,"Fyodor Dostoevsky,David McDuff,Joseph Frank",4.0,"January 1, 1866",Fantasy,107,0,"Not what I expected, but in a good way!"
Crime and Punishment,9780521796705,"Fyodor Dostoevsky,David McDuff,Joseph Frank",4.0,"January 1, 1866",Fantasy,381,0,
The City ABC Book,9781550749489,Zoran Milich,,"January 1, 2001",Math,194,0,
The City ABC Book,9781550749489,Zoran Milich,1.0,"January 1, 2001",Math,366,0,The plot twists kept me guessing until the end.
I Like Old Clothes,9780375969515,"Mary Ann Hoberman,Patrice Barton",4.0,"January 1, 1976",Math,444,1,I would recommend this to fans of [genre].
Only the Longest Threads,9781589880887,Tasneem Zehra Husain,1.0,"October 25, 2014",Computer-Science,122,0,The pacing felt a bit off in the middle.
"Elderhood: Redefining Aging, Transforming Medicine, Reimagining Life",9781620405468,Louise Aronson,,"June 11, 2019",Computer-Science,423,1,I couldn't put it down!
"Donovan's Devils: OSS Commandos Behind Enemy Lines—Europe, World War II",9781628725674,Albert Lulushi,4.0,"February 2, 2016",Math,2,1,I would recommend this to fans of [genre].
"Donovan's Devils: OSS Commandos Behind Enemy Lines—Europe, World War II",9781628725674,Albert Lulushi,2.0,"February 2, 2016",Math,9,0,A quick and entertaining read.
"The Boyfriend Project (The Boyfriend Project, #1)",9781538716625,Farrah Rochon,4.0,"June 9, 2020",Math,287,1,The world-building in this fantasy novel is incredible.
"The Boyfriend Project (The Boyfriend Project, #1)",9781538716625,Farrah Rochon,1.0,"June 9, 2020",Math,468,0,"Not what I expected, but in a good way!"
A Cat in a Chorus Line (Alice Nestleton Mystery #13),9780451180841,Lydia Adamson,4.0,"January 1, 1996",Math,346,0,A classic for a reason. Highly enjoyable.
"Fluent Python: Clear, Concise, and Effective Programming",9781491946008,Luciano Ramalho,5.0,"January 25, 2015",Computer-Science,361,0,The plot twists kept me guessing until the end.
"Fluent Python: Clear, Concise, and Effective Programming",9781491946008,Luciano Ramalho,5.0,"January 25, 2015",Computer-Science,362,0,The world-building in this fantasy novel is incredible.
Angela's Christmas,9781534461222,"Frank McCourt,Raúl Colón",4.0,"January 1, 2007",Children,127,1,
Angela's Christmas,9781534461222,"Frank McCourt,Raúl Colón",4.0,"January 1, 2007",Children,456,1,The plot twists kept me guessing until the end.
Enigma Black (Enigma Black #1),9781508839880,Sara Furlong Burr,,"November 22, 2012",Comics,179,1,
Enigma Black (Enigma Black #1),9781508839880,Sara Furlong Burr,4.0,"November 22, 2012",Comics,201,1,I would recommend this to fans of [genre].
Enigma Black (Enigma Black #1),9781508839880,Sara Furlong Burr,4.0,"November 22, 2012",Comics,214,1,A classic for a reason. Highly enjoyable.
Pied Piper,9780345017338,Nevil Shute,4.0,"January 1, 1942",Math,235,1,Disappointing after all the hype.
"Romancing the Inventor (Supernatural Society, #1)",9781944751067,Gail Carriger,2.0,"November 1, 2016",Technology,277,0,I found the writing style to be quite beautiful.
"Romancing the Inventor (Supernatural Society, #1)",9781944751067,Gail Carriger,4.0,"November 1, 2016",Technology,413,0,The pacing felt a bit off in the middle.
"The Upward Spiral: Using Neuroscience to Reverse the Course of Depression, One Small Change at a Time",9781626251205,"Alex Korb,Daniel J. Siegel",4.0,"March 1, 2015",Personal-Development,417,1,
Elegant Objects,9781519166913,Yegor Bugayenko,4.0,"February 17, 2016",Computer-Science,148,1,A quick and entertaining read.
Elegant Objects,9781519166913,Yegor Bugayenko,4.0,"February 17, 2016",Computer-Science,287,1,I would recommend this to fans of [genre].
No Excuses!: The Power of Self-Discipline,9781593155827,Brian Tracy,4.0,"January 1, 2010",Personal-Development,496,1,
Reach for the Summit: The Definite Dozen System for Succeeding at Whatever You Do,9780767902298,Pat Summitt,4.0,"January 15, 1998",Personal-Development,24,0,
All the Mathematics You Missed: But Need to Know for Graduate School,9780521797078,"Thomas A. Garrity,Lori Pedersen",4.0,"November 12, 2001",Math,300,1,I struggled to connect with the main character.
Life in Code: A Personal History of Technology,9780374534516,Ellen Ullman,3.0,"August 8, 2017",Computer-Science,27,0,
The 12 Week Year,9781118509234,"Brian P. Moran,Michael Lennington",4.0,"January 1, 2009",Personal-Development,196,1,A quick and entertaining read.
The 12 Week Year,9781118509234,"Brian P. Moran,Michael Lennington",,"January 1, 2009",Personal-Development,419,0,This book really made me think about [a theme].
The Suitcase Entrepreneur,9781501178177,Natalie Sisson,2.0,"August 4, 2013",Personal-Development,209,0,I would recommend this to fans of [genre].
"Magic in the Air (WINX Club, Vol. 8)",9781421542058,Iginio Straffi,5.0,"July 2, 2013",Children,198,0,A thought-provoking and insightful book.
"Magic in the Air (WINX Club, Vol. 8)",9781421542058,Iginio Straffi,,"July 2, 2013",Children,444,1,The ending left me wanting more.
"Jellaby (Jellaby, #1)",9781423103035,Kean Soo,4.0,"February 5, 2008",Comics,68,0,I would recommend this to fans of [genre].
"Jellaby (Jellaby, #1)",9781423103035,Kean Soo,4.0,"February 5, 2008",Comics,96,1,I struggled to connect with the main character.
"Jellaby (Jellaby, #1)",9781423103035,Kean Soo,4.0,"February 5, 2008",Comics,455,0,I would recommend this to fans of [genre].
"Girl, Interrupted",9780679746041,Susanna Kaysen,4.0,"January 1, 1993",Personal-Development,361,1,A thought-provoking and insightful book.
The Wretched of the Earth,9780802141323,"Frantz Fanon,Homi K. Bhabha,Richard Philcox,Jean-Paul Sartre",4.0,"January 1, 1961",Economics,380,0,I found the writing style to be quite beautiful.
Topology: A Very Short Introduction (Very Short Introductions),9780192568991,Richard Earl,4.0,"December 12, 2019",Computer-Science,17,0,
Machine Learning: A Probabilistic Perspective,9780262018029,Kevin P. Murphy,4.0,"August 24, 2012",Computer-Science,278,1,I couldn't put it down!
Bad Science,9780007240197,Ben Goldacre,4.0,"January 1, 2008",Biology,135,0,A quick and entertaining read.
Why Elephants Have Big Ears: And Other Riddles from the Natural World,9780312303334,Chris Lavers,4.0,"January 1, 2000",Math,497,0,The world-building in this fantasy novel is incredible.
"The Walking Dead, Vol. 1: Days Gone Bye",9781582406725,"Robert Kirkman,Tony Moore",4.0,"May 1, 2004",Comics,178,1,The plot twists kept me guessing until the end.
The Berenstain Bears and Too Much Birthday,9780394873329,"Stan Berenstain,Jan Berenstain",,"February 1, 1986",Math,58,0,I struggled to connect with the main character.
The Berenstain Bears and Too Much Birthday,9780394873329,"Stan Berenstain,Jan Berenstain",4.0,"February 1, 1986",Math,340,0,This book really made me think about [a theme].
"Weapons Grade (Jack Ryan Jr, #17; Jack Ryan Universe, #36)",9780593422823,"Don Bentley,Tom Clancy",4.0,"September 5, 2023",Technology,91,0,The world-building in this fantasy novel is incredible.
"Weapons Grade (Jack Ryan Jr, #17; Jack Ryan Universe, #36)",9780593422823,"Don Bentley,Tom Clancy",4.0,"September 5, 2023",Technology,240,1,The plot twists kept me guessing until the end.
Slow Death by Rubber Duck: The Secret Danger of Everyday Things,9781582435671,"Rick Smith,Bruce Lourie",4.0,"January 1, 2009",Math,489,1,A thought-provoking and insightful book.
"Dream On, Amber",9781492622505,Emma Shevah,4.0,"March 6, 2014",Children,198,1,A classic for a reason. Highly enjoyable.
Otto of the Silver Hand,9780486217840,Howard Pyle,4.0,"January 1, 1888",Children,402,1,This book really made me think about [a theme].
Papyrus,9781605988283,John Gaudet,4.0,"May 15, 2014",Math,474,1,A classic for a reason. Highly enjoyable.
"Speaker for the Dead (Ender's Saga, #2)",9780812550757,Orson Scott Card,,"March 1, 1986",Artificial-Intelligence,395,0,I struggled to connect with the main character.
The Grapes of Wrath,9780143039433,John Steinbeck,4.0,"April 14, 1939",politics,131,1,I would recommend this to fans of [genre].
Mr. Putter & Tabby Spill the Beans,9780152050702,"Cynthia Rylant,Arthur Howard",4.0,"January 1, 2009",Children,209,0,A captivating story with well-developed characters.
"The Spirit Catches You and You Fall Down: A Hmong Child, Her American Doctors, and the Collision of Two Cultures",9780374525644,Anne Fadiman,4.0,"January 1, 1997",Personal-Development,55,0,
Christmas in the Big Woods (Little House Picture Book),9780064434874,"Laura Ingalls Wilder,Renée Graef",4.0,"October 30, 1995",Children,57,1,I would recommend this to fans of [genre].
Christmas in the Big Woods (Little House Picture Book),9780064434874,"Laura Ingalls Wilder,Renée Graef",,"October 30, 1995",Children,88,0,The ending left me wanting more.
"The Sandman, Vol. 9: The Kindly Ones",9781563892042,"Neil Gaiman,Marc Hempel,Richard Case,D&apos;Israeli,Teddy Kristiansen,Glyn Dillon,Charles Vess,Dean Ormston,Kevin Nowlan,Todd Klein,Frank McConnell",5.0,"May 11, 1995",Comics,396,1,"Not what I expected, but in a good way!"
"The Phoenix and the Carpet (The Psammead Trilogy, #2)",9780140367393,"E. Nesbit,H.R. Millar",4.0,"January 1, 1904",Math,64,0,I would recommend this to fans of [genre].
"The Phoenix and the Carpet (The Psammead Trilogy, #2)",9780140367393,"E. Nesbit,H.R. Millar",4.0,"January 1, 1904",Math,235,0,The ending left me wanting more.
"Rapunzel's Revenge (Rapunzel's Revenge, #1)",9781599900704,"Shannon Hale,Dean Hale,Nathan Hale",4.0,"August 5, 2008",Comics,101,1,A classic for a reason. Highly enjoyable.
That Used to Be Us: How America Fell Behind in the World It Invented and How We Can Come Back,9781427213716,"Thomas L. Friedman,Michael Mandelbaum,Jason Culp",4.0,"January 1, 2011",Personal-Development,124,1,I couldn't put it down!
That Used to Be Us: How America Fell Behind in the World It Invented and How We Can Come Back,9781427213716,"Thomas L. Friedman,Michael Mandelbaum,Jason Culp",,"January 1, 2011",Personal-Development,240,1,I struggled to connect with the main character.
The Mon$ter Money Book,9780823409228,Loreen Leedy,3.0,"March 1, 1992",Math,4,1,A captivating story with well-developed characters.
The Absolutely True Diary of a Part-Time Indian,9780316013680,"Sherman Alexie,Ellen Forney",4.0,"September 12, 2007",Math,353,0,I couldn't put it down!
The Remarkable Farkle McBride,9780689835414,"John Lithgow,C.F. Payne",4.0,"January 1, 2000",Math,93,0,A captivating story with well-developed characters.
Survival of the Sickest: A Medical Maverick Discovers Why We Need Disease,9780060889654,"Sharon  Moalem,Jonathan Prince",4.0,"January 1, 2007",Math,162,0,This book really made me think about [a theme].
Space Rocks!,9781595147134,Tom  O&apos;Donnell,4.0,"February 6, 2014",Children,340,1,I struggled to connect with the main character.
"Bad Boys Need Love Too (Bad Boys Need Love Too, #1)",9780996037013,Christa Tomlinson,4.0,"October 21, 2014",Cars,29,1,Disappointing after all the hype.
"Bad Boys Need Love Too (Bad Boys Need Love Too, #1)",9780996037013,Christa Tomlinson,,"October 21, 2014",Cars,431,0,I would recommend this to fans of [genre].
Never Split the Difference: Negotiating As If Your Life Depended On It,9780062407801,"Chris Voss,Tahl Raz",1.0,"May 17, 2016",Business,462,0,Disappointing after all the hype.
The Secret Teachings of All Ages,9781585422500,Manly P. Hall,1.0,"January 1, 1928",Technology,145,0,A captivating story with well-developed characters.
The Secret Teachings of All Ages,9781585422500,Manly P. Hall,2.0,"January 1, 1928",Technology,193,0,The ending left me wanting more.
"The Warrior Heir (The Heir Chronicles, #1)",9780786839179,Cinda Williams Chima,4.0,"March 28, 2006",Children,155,0,The pacing felt a bit off in the middle.
Civil War: A Marvel Comics Event,9780785121794,Mark Millar,3.0,"January 1, 2006",Comics,215,0,Disappointing after all the hype.
Christmas Oranges,9781591560982,"Linda Bethers,Ben Sowards",4.0,"January 1, 1999",Children,146,0,A quick and entertaining read.
Christmas Oranges,9781591560982,"Linda Bethers,Ben Sowards",4.0,"January 1, 1999",Children,226,0,"Not what I expected, but in a good way!"
Brain on Fire: My Month of Madness,9781451621372,Susannah Cahalan,4.0,"November 13, 2012",Children,345,0,
"The Sandman, Vol. 8: Worlds' End",9781563891700,"Neil Gaiman,Mike Allred,Gary Amaro,Mark Buckingham,David Giordano,Tony Harris,Steve Leialoha,Vince Locke,Shea Anton Pensa,Alec Stevens,Bryan Talbot,John Watkiss,Todd Klein,Michael Zulli,Stephen        King",,"November 4, 1993",Comics,445,1,A captivating story with well-developed characters.
Mathematics: The Loss of Certainty,9780195030853,Morris Kline,3.0,"January 1, 1980",Math,151,0,I found the writing style to be quite beautiful.
"Love, Aubrey",9780385737746,Suzanne LaFleur,4.0,"January 1, 2009",Cars,63,0,The plot twists kept me guessing until the end.
"Love, Aubrey",9780385737746,Suzanne LaFleur,4.0,"January 1, 2009",Cars,429,1,Disappointing after all the hype.
The Birds of Pandemonium: Life Among the Exotic & the Endangered,9781616201364,Michele Raffin,4.0,"August 28, 2014",Biology,394,0,The plot twists kept me guessing until the end.
The Goal: 40th Anniversary Edition: A Process of Ongoing Improvement,9780884271956,"Eliyahu M. Goldratt,Jeff Cox",4.0,"January 1, 1984",Personal-Development,116,1,I found the writing style to be quite beautiful.
The Mathematics of the Gods and the Algorithms of Men: A Cultural History,9781643134147,"Paolo Zellini,Erica Segre,Carnell Simon",3.0,"October 1, 2016",Math,124,1,A captivating story with well-developed characters.
King Bidgood's in the Bathtub,9780152055783,"Audrey Wood,Don Wood",4.0,"January 1, 1985",Children,487,1,The world-building in this fantasy novel is incredible.
"Theft of Swords (The Riyria Revelations, #1-2)",9780316187749,Michael J. Sullivan,2.0,"November 23, 2011",Fantasy,319,0,The world-building in this fantasy novel is incredible.
C++: How to Program,9780131857575,"Harvey M. Deitel,Paul J. Deitel",4.0,"January 1, 2014",Computer-Science,26,1,A thought-provoking and insightful book.
"Caps for Sale: A Tale of a Peddler, Some Monkeys and Their Monkey Business",9780064431439,Esphyr Slobodkina,,"January 1, 1940",Cars,228,1,The ending left me wanting more.
"Miss Moriarty, I Presume? (Lady Sherlock, #6)",9780593200582,Sherry Thomas,4.0,"November 2, 2021",nonfiction,193,0,A classic for a reason. Highly enjoyable.
Theoretical Neuroscience: Computational And Mathematical Modeling of Neural Systems (Computational Neuroscience),9780262541855,"Peter Dayan,Laurence F. Abbott",4.0,"September 1, 2001",Computer-Science,92,1,This book really made me think about [a theme].
A Short History of Nearly Everything,9780767908184,Bill Bryson,4.0,"January 1, 2003",Biology,30,0,This book really made me think about [a theme].
"Harry Potter and the Sorcerer’s Stone (Harry Potter, #1)",9789771418818,"J.K. Rowling,Olly Moss",4.0,"June 26, 1997",Fantasy,146,0,Disappointing after all the hype.
Fundamentals of Complex Analysis with Applications to Engineering and Science (Classic Version) (Pearson Modern Classics for Advanced Mathematics Series),9780134689487,"Edward B. Saff,Arthur David Snider",4.0,"December 1, 1999",Math,159,1,The world-building in this fantasy novel is incredible.
Fundamentals of Complex Analysis with Applications to Engineering and Science (Classic Version) (Pearson Modern Classics for Advanced Mathematics Series),9780134689487,"Edward B. Saff,Arthur David Snider",1.0,"December 1, 1999",Math,221,0,A captivating story with well-developed characters.
The Alchemist's Daughter,9780307335852,Katharine McMahon,3.0,"January 31, 2006",Computer-Science,404,0,A quick and entertaining read.
Musicophilia: Tales of Music and the Brain,9780307267917,Oliver Sacks,4.0,"January 1, 2007",Personal-Development,10,1,A quick and entertaining read.
Musicophilia: Tales of Music and the Brain,9780307267917,Oliver Sacks,4.0,"January 1, 2007",Personal-Development,30,0,Disappointing after all the hype.
"Heartstopper: Volume One (Heartstopper, #1)",9781527225336,Alice Oseman,4.0,"January 1, 2018",Comics,355,1,Disappointing after all the hype.
Flamingos Are Pretty Funky: A (Not So) Serious Guide,9780063234444,Abi Cushman,3.0,"June 4, 2024",Math,251,0,The ending left me wanting more.
Rootabaga Stories,9781463590857,Carl Sandburg,4.0,"January 1, 1922",Children,7,1,This book really made me think about [a theme].
An Introvert's Guide to World Domination: Become a High Level Networker and Upgrade Your Life,9781544515670,Nick  Shelton,,"September 2, 2020",Personal-Development,91,0,I would recommend this to fans of [genre].
"Rise of the Rocket Girls: The Women Who Propelled Us, from Missiles to the Moon to Mars",9780316338912,Nathalia Holt,4.0,"April 12, 2016",Math,189,1,Disappointing after all the hype.
Flying Free: My Victory over Fear to Become the First Latina Pilot on the US Aerobatic Team,9781982642464,Cecilia Aragon,4.0,"September 22, 2020",Computer-Science,264,0,The pacing felt a bit off in the middle.
The Measure of a Man: A Spiritual Autobiography,9780061357909,Sidney Poitier,4.0,"January 1, 2000",nonfiction,45,0,
"Great by Choice: Uncertainty, Chaos, and Luck—Why Some Thrive Despite Them All",9780062121004,"Jim Collins,Jim Collins,Morten T. Hansen",,"January 1, 2011",Business,42,0,The pacing felt a bit off in the middle.
Rosebush,9781595143532,Michele Jaffe,4.0,"December 7, 2010",Cars,485,0,I couldn't put it down!
Sally Ride: America's First Woman in Space,9781476725765,Lynn Sherr,4.0,"June 3, 2014",Math,29,1,"Not what I expected, but in a good way!"
Sally Ride: America's First Woman in Space,9781476725765,Lynn Sherr,1.0,"June 3, 2014",Math,48,0,"Not what I expected, but in a good way!"
Sally Ride: America's First Woman in Space,9781476725765,Lynn Sherr,2.0,"June 3, 2014",Math,290,0,A thought-provoking and insightful book.
The Checklist Manifesto: How to Get Things Right,9780805091748,Atul Gawande,2.0,"December 22, 2009",Personal-Development,278,0,A quick and entertaining read.
The Night Before Kindergarten,9780448425009,"Natasha Wing,Julie Durrell,Julie Durrel",4.0,"July 1, 2001",Math,58,0,The plot twists kept me guessing until the end.
The Night Before Kindergarten,9780448425009,"Natasha Wing,Julie Durrell,Julie Durrel",4.0,"July 1, 2001",Math,151,1,Disappointing after all the hype.
Just Love Her,9781068630019,Raz Mihal,1.0,"July 13, 2024",Business,366,0,A captivating story with well-developed characters.
Thinking in Java,9780131872486,Bruce Eckel,4.0,"February 19, 1998",Computer-Science,457,1,This book really made me think about [a theme].
Battle Lines: A Graphic History of the Civil War,9780809094745,"Jonathan Fetter-Vorm,Ari Kelman",4.0,"August 12, 2014",Math,244,1,A quick and entertaining read.
Battle Lines: A Graphic History of the Civil War,9780809094745,"Jonathan Fetter-Vorm,Ari Kelman",4.0,"August 12, 2014",Math,246,0,The world-building in this fantasy novel is incredible.
And a Bottle of Rum: A History of the New World in Ten Cocktails,9781400051670,Wayne Curtis,,"July 25, 2006",Technology,476,0,A captivating story with well-developed characters.
Relish: My Life in the Kitchen,9781596436237,Lucy Knisley,4.0,"April 2, 2013",Comics,189,1,Disappointing after all the hype.
"Whispers of the Dead (David Hunter, #3)",9780593055274,Simon Beckett,4.0,"January 1, 2009",Children,312,0,I found the writing style to be quite beautiful.
Heaven is for Real: A Little Boy's Astounding Story of His Trip to Heaven and Back,9780849946158,"Todd Burpo,Lynn Vincent",4.0,"November 2, 2010",Personal-Development,117,1,"Not what I expected, but in a good way!"
Heaven is for Real: A Little Boy's Astounding Story of His Trip to Heaven and Back,9780849946158,"Todd Burpo,Lynn Vincent",4.0,"November 2, 2010",Personal-Development,169,0,The pacing felt a bit off in the middle.
Heaven is for Real: A Little Boy's Astounding Story of His Trip to Heaven and Back,9780849946158,"Todd Burpo,Lynn Vincent",2.0,"November 2, 2010",Personal-Development,259,0,This book really made me think about [a theme].
Heaven is for Real: A Little Boy's Astounding Story of His Trip to Heaven and Back,9780849946158,"Todd Burpo,Lynn Vincent",,"November 2, 2010",Personal-Development,357,1,Disappointing after all the hype.
"Shadow Kiss (Vampire Academy, #3)",9781595141972,Richelle Mead,,"November 13, 2008",Fantasy,183,1,
"Shadow Kiss (Vampire Academy, #3)",9781595141972,Richelle Mead,4.0,"November 13, 2008",Fantasy,279,1,A captivating story with well-developed characters.
The Book of Mormon: Another Testament of Jesus Christ,9780967686561,Joseph Smith Jr.,1.0,"March 26, 1830",Personal-Development,241,0,This book really made me think about [a theme].
The Book of Mormon: Another Testament of Jesus Christ,9780967686561,Joseph Smith Jr.,4.0,"March 26, 1830",Personal-Development,258,1,A thought-provoking and insightful book.
"Check, Please! Book 2: Sticks & Scones (Check, Please!, #3-4)",9781250179500,Ngozi Ukazu,4.0,"April 7, 2020",Comics,204,0,I couldn't put it down!
A Wizard’s Guide to Defensive Baking,9781614505242,T. Kingfisher,4.0,"July 21, 2020",Math,131,1,Disappointing after all the hype.
A Wizard’s Guide to Defensive Baking,9781614505242,T. Kingfisher,4.0,"July 21, 2020",Math,498,0,This book really made me think about [a theme].
"Rhetoric, Poetics and Logic",9780786103010,Aristotle,4.0,"March 1, 1992",Math,263,0,A thought-provoking and insightful book.
"Rhetoric, Poetics and Logic",9780786103010,Aristotle,4.0,"March 1, 1992",Math,294,1,
"Rhetoric, Poetics and Logic",9780786103010,Aristotle,,"March 1, 1992",Math,330,0,The world-building in this fantasy novel is incredible.
Charlotte’s Web,9780064410939,"E.B. White,Garth Williams,Rosemary Wells",4.0,"October 15, 1952",Fantasy,477,0,I found the writing style to be quite beautiful.
Arithmechicks Take Away: A Math Story,9781629798080,"Ann Marie Stephens,Jia Liu",4.0,"August 11, 2020",Math,106,1,A captivating story with well-developed characters.
Algebra,9780132413770,Michael Artin,3.0,"January 1, 1991",Computer-Science,355,0,The world-building in this fantasy novel is incredible.
"The Power (The Secret, #2)",9781439181782,Rhonda Byrne,4.0,"August 17, 2010",Personal-Development,320,0,I found the writing style to be quite beautiful.
"Delivering Happiness: A Path to Profits, Passion, and Purpose",9780446563048,Tony Hsieh,4.0,"January 1, 2000",Business,246,1,I struggled to connect with the main character.
Branding: In Five and a Half Steps,9780500518960,Michael            Johnson,2.0,"November 15, 2016",Computer-Science,258,0,I would recommend this to fans of [genre].
Innovating Women:  The Changing Face of Technology,9781626814226,Vivek Wadhwa,4.0,"September 2, 2014",Computer-Science,151,1,I would recommend this to fans of [genre].
"The Darkest Night (Lords of the Underworld, #1)",9780373772469,Gena Showalter,4.0,"May 3, 2008",Biology,186,1,The pacing felt a bit off in the middle.
I'm a Stranger Here Myself: Notes on Returning to America After Twenty Years Away,9780767903820,Bill Bryson,1.0,"January 1, 1998",Personal-Development,223,0,Disappointing after all the hype.
I'm a Stranger Here Myself: Notes on Returning to America After Twenty Years Away,9780767903820,Bill Bryson,,"January 1, 1998",Personal-Development,410,1,A classic for a reason. Highly enjoyable.
"Stormdancer (The Lotus Wars, #1)",9780230762886,Jay Kristoff,3.0,"August 21, 2012",Children,253,0,
"Stormdancer (The Lotus Wars, #1)",9780230762886,Jay Kristoff,4.0,"August 21, 2012",Children,454,0,Disappointing after all the hype.
Discrete Mathematics and its Applications,9780072424348,Kenneth H. Rosen,,"April 1, 2000",Computer-Science,357,1,Disappointing after all the hype.
"Hellboy, Vol. 3: The Chained Coffin and Others",9781593070915,Mike Mignola,4.0,"January 1, 1998",Comics,35,0,I found the writing style to be quite beautiful.
"Hellboy, Vol. 3: The Chained Coffin and Others",9781593070915,Mike Mignola,4.0,"January 1, 1998",Comics,222,0,I struggled to connect with the main character.
Linear Algebra and Its Applications,9780321385178,David C. Lay,,"December 1, 1993",Math,235,1,"Not what I expected, but in a good way!"
Linear Algebra and Its Applications,9780321385178,David C. Lay,4.0,"December 1, 1993",Math,349,1,Disappointing after all the hype.
The Red Tent,9780312353766,Anita Diamant,1.0,"January 1, 1997",History,484,0,I couldn't put it down!
Remote: Office Not Required,9780804148993,"David Heinemeier Hansson,Jason Fried,Rebecca Lowman",3.0,"October 29, 2013",Personal-Development,115,0,"Not what I expected, but in a good way!"
xUnit Test Patterns: Refactoring Test Code,9780131495050,Gerard Meszaros,4.0,"May 1, 2003",Computer-Science,225,0,The plot twists kept me guessing until the end.
The Last Guardian (Clayton White #3),9781662510779,Simon Gervais,1.0,"October 10, 2023",Technology,320,0,A captivating story with well-developed characters.
The Boy in the Striped Pajamas,9780385751070,John Boyne,4.0,"January 1, 2006",History,394,0,A captivating story with well-developed characters.
Big Data: Principles and best practices of scalable realtime data systems,9781617290343,"Nathan Marz,James Warren",3.0,"January 1, 2012",Computer-Science,229,0,
I Am the Messenger,9780375830990,Markus Zusak,1.0,"January 10, 2002",Cars,74,0,
Why Beauty Is Truth: A History of Symmetry,9780465082360,Ian Stewart,3.0,"August 2, 2007",Math,262,0,A thought-provoking and insightful book.
Why Beauty Is Truth: A History of Symmetry,9780465082360,Ian Stewart,4.0,"August 2, 2007",Math,264,0,I found the writing style to be quite beautiful.
Animals in Translation: Using the Mysteries of Autism to Decode Animal Behavior (A Harvest Book),9780156031448,"Temple Grandin,Catherine  Johnson",4.0,"December 28, 2004",Computer-Science,373,1,A classic for a reason. Highly enjoyable.
Head First Design Patterns,9780596007126,"Eric Freeman,Bert Bates,Kathy Sierra,Elisabeth Robson",4.0,"January 1, 2004",Computer-Science,103,1,The world-building in this fantasy novel is incredible.
"Badass Habits: Cultivate the Awareness, Boundaries, and Daily Upgrades You Need to Make Them Stick",9781984877444,Jen Sincero,4.0,"December 1, 2020",Personal-Development,162,1,The pacing felt a bit off in the middle.
"Badass Habits: Cultivate the Awareness, Boundaries, and Daily Upgrades You Need to Make Them Stick",9781984877444,Jen Sincero,4.0,"December 1, 2020",Personal-Development,382,1,A captivating story with well-developed characters.
"The Geometry of Sisters (Newport, Rhode Island, #1)",9780553805130,Luanne Rice,4.0,"January 1, 2009",Math,158,1,A quick and entertaining read.
"The Geometry of Sisters (Newport, Rhode Island, #1)",9780553805130,Luanne Rice,4.0,"January 1, 2009",Math,248,1,The plot twists kept me guessing until the end.
The Magic School Bus Blows Its Top: A Book About Volcanoes,9780590508353,"Joanna Cole,Gail  Herman,Bob Ostrom",4.0,"January 1, 1996",Math,348,1,I would recommend this to fans of [genre].
The Wind in the Willows,9781526748805,Kenneth Grahame,4.0,"October 8, 1908",Children,44,0,I couldn't put it down!
The Wind in the Willows,9781526748805,Kenneth Grahame,4.0,"October 8, 1908",Children,416,0,
"Rocket Billionaires: Elon Musk, Jeff Bezos, and the New Space Race",9781328662231,Tim Fernholz,4.0,"March 20, 2018",Computer-Science,500,1,The world-building in this fantasy novel is incredible.
The Moments That Make Us,9780692288139,Pete Evick,4.0,"June 16, 2015",Personal-Development,286,1,
The Moments That Make Us,9780692288139,Pete Evick,4.0,"June 16, 2015",Personal-Development,400,0,A quick and entertaining read.
The Charge: Activating the 10 Human Drives That Make You Feel Alive,9781451667530,Brendon Burchard,2.0,"January 1, 2012",Personal-Development,106,0,A quick and entertaining read.
"Asterix the Legionary (Asterix, #10)",9780752866215,"René Goscinny,Albert Uderzo",4.0,"November 10, 1966",Children,55,1,The plot twists kept me guessing until the end.
"Asterix the Legionary (Asterix, #10)",9780752866215,"René Goscinny,Albert Uderzo",4.0,"November 10, 1966",Children,343,0,"Not what I expected, but in a good way!"
Real Digital Forensics: Computer Security and Incident Response,9780321240699,"Keith J. Jones,Richard Bejtlich,Curtis Rose",4.0,"October 3, 2005",Computer-Science,165,0,The world-building in this fantasy novel is incredible.
Can You Count to a Googol? (Robert E. Wells Science Series),9780807510605,Robert E. Wells,4.0,"January 1, 2000",Math,318,1,The pacing felt a bit off in the middle.
The Complete Guide to Absolutely Everything (Abridged): Adventures in Math and Science,9780393881578,"Adam Rutherford,Hannah Fry",4.0,"October 1, 2021",Computer-Science,316,1,A thought-provoking and insightful book.
The Sixth Extinction: An Unnatural History,9780805099799,Elizabeth Kolbert,,"February 11, 2014",Biology,104,0,The world-building in this fantasy novel is incredible.
Horton Hears a Who!,9780394800783,Dr. Seuss,4.0,"January 1, 1954",Children,128,0,A classic for a reason. Highly enjoyable.
"Forever Begins Tomorrow (A.I. Gang, #4)",9780671892531,Bruce Coville,,"January 1, 1986",Computer-Science,300,1,The world-building in this fantasy novel is incredible.
Awakenings,9780375704055,Oliver Sacks,4.0,"January 1, 1973",Math,90,0,A classic for a reason. Highly enjoyable.
The Calvin and Hobbes Tenth Anniversary Book,9780836204384,Bill Watterson,5.0,"September 1, 1995",Comics,284,1,Disappointing after all the hype.
The Five Love Languages of Children,9781881273653,"Gary Chapman,D. Ross Campbell",4.0,"May 28, 1995",Personal-Development,356,1,"Not what I expected, but in a good way!"
Sir Cumference and the Sword in the Cone,9781570916014,"Cindy Neuschwander,Wayne Geehan",4.0,"January 1, 2003",Math,185,1,"Not what I expected, but in a good way!"
Computer Networking: A Top-Down Approach,9780133594140,"James F. Kurose,Keith Ross",4.0,"November 1, 2000",Computer-Science,254,0,
Darwin's Ghosts: The Secret History of Evolution,9781400069378,Rebecca Stott,4.0,"January 1, 2012",Math,390,0,
"Why Mindfulness is Better than Chocolate: Your guide to inner peace, enhanced focus and deep happiness",9781743437698,David Michie,4.0,"May 28, 2014",Personal-Development,184,1,The world-building in this fantasy novel is incredible.
"Mystery in the Cave (The Boxcar Children, #50)",9780590568982,Gertrude Chandler Warner,,"January 1, 1995",Math,343,0,"Not what I expected, but in a good way!"
"Go for No! Yes is the Destination, No is How You Get There",9780966398137,"Richard Fenton,Andrea Waltz",4.0,"April 4, 2007",Personal-Development,16,0,The plot twists kept me guessing until the end.
Partial Differential Equations: An Introduction,9780470054567,Walter A. Strauss,4.0,"March 17, 1992",Math,176,1,The plot twists kept me guessing until the end.
"Exquisite Danger (Iron Horse, MC #2)",9781623221676,Ann Mayburn,4.0,"November 25, 2014",Cars,187,1,This book really made me think about [a theme].
Lady and the Tramp,9780394849553,Walt Disney Company,,"January 1, 1993",Math,403,1,The world-building in this fantasy novel is incredible.
"Hyperspace: A Scientific Odyssey Through Parallel Universes, Time Warps, and the Tenth Dimension",9780192861894,Michio Kaku,4.0,"January 1, 1994",Computer-Science,368,1,This book really made me think about [a theme].
Futuretrack 5,9780722658802,Robert Westall,4.0,"September 29, 1983",Computer-Science,344,1,I couldn't put it down!
"Magic Burns (Kate Daniels, #2)",9780441015832,Ilona Andrews,,"April 1, 2008",Fantasy,437,1,
"Magic Burns (Kate Daniels, #2)",9780441015832,Ilona Andrews,2.0,"April 1, 2008",Fantasy,496,0,
The Graveyard Book,9780060530921,"Neil Gaiman,Dave McKean",4.0,"September 30, 2008",Comics,364,1,I found the writing style to be quite beautiful.
Astrophysics for People in a Hurry,9780393609394,Neil deGrasse Tyson,4.0,"May 2, 2017",Biology,8,1,A quick and entertaining read.
Astrophysics for People in a Hurry,9780393609394,Neil deGrasse Tyson,4.0,"May 2, 2017",Biology,43,1,The world-building in this fantasy novel is incredible.
The Riddle of the Compass: The Invention that Changed the World,9780156007535,Amir D. Aczel,3.0,"May 2, 2001",Computer-Science,368,1,The pacing felt a bit off in the middle.
"Don't Bite the Hook: Finding Freedom from Anger, Resentment, and Other Destructive Emotions",9781590304341,Pema Chödrön,4.0,"June 12, 2007",Business,243,1,I found the writing style to be quite beautiful.
In the Line of Fire,9780515113297,Max Allan Collins,3.0,"January 16, 1992",Math,381,0,The pacing felt a bit off in the middle.
In the Line of Fire,9780515113297,Max Allan Collins,4.0,"January 16, 1992",Math,455,1,The pacing felt a bit off in the middle.
Breath: The New Science of a Lost Art,9780735213616,James Nestor,,"May 26, 2020",Personal-Development,83,0,The plot twists kept me guessing until the end.
Breath: The New Science of a Lost Art,9780735213616,James Nestor,4.0,"May 26, 2020",Personal-Development,205,0,A captivating story with well-developed characters.
Breath: The New Science of a Lost Art,9780735213616,James Nestor,4.0,"May 26, 2020",Personal-Development,357,1,I struggled to connect with the main character.
Implementing Domain-Driven Design,9780321834577,Vaughn Vernon,4.0,"January 1, 2013",Computer-Science,125,0,"Not what I expected, but in a good way!"
Implementing Domain-Driven Design,9780321834577,Vaughn Vernon,4.0,"January 1, 2013",Computer-Science,307,0,
Implementing Domain-Driven Design,9780321834577,Vaughn Vernon,4.0,"January 1, 2013",Computer-Science,389,0,A quick and entertaining read.
The Best of All Possible Worlds,9780345534057,Karen Lord,4.0,"February 12, 2013",Children,104,0,A classic for a reason. Highly enjoyable.
The Best of All Possible Worlds,9780345534057,Karen Lord,,"February 12, 2013",Children,421,0,The plot twists kept me guessing until the end.
The Staff Engineer's Path: A Guide for Individual Contributors Navigating Growth and Change,9781098118730,Tanya Reilly,4.0,"September 20, 2022",Computer-Science,385,1,
The Adventures of Mr Pink-Whistle (Happy Days),9780747532194,Enid Blyton,1.0,"January 1, 1941",Children,143,0,
Ever,9780061229626,Gail Carson Levine,,"May 1, 2008",Children,1,1,A captivating story with well-developed characters.
"Ashfall (Ashfall, #1)",9781933718552,Mike Mullin,4.0,"October 14, 2011",Children,346,1,
The First Garfield Fat Cat 3-Pack (Garfield #1-3),9780345464552,Jim Davis,4.0,"January 1, 1993",Children,390,1,I struggled to connect with the main character.
"Change Your Words, Change Your Life: Understanding the Power of Every Word You Speak",9780446538572,Joyce Meyer,4.0,"January 1, 2007",Personal-Development,243,0,The plot twists kept me guessing until the end.
"Change Your Words, Change Your Life: Understanding the Power of Every Word You Speak",9780446538572,Joyce Meyer,4.0,"January 1, 2007",Personal-Development,445,1,I found the writing style to be quite beautiful.
The Sterkarm Handshake,9780439978965,Susan Price,4.0,"January 1, 1998",Children,316,1,
"Hounded (The Iron Druid Chronicles, #1)",9780345522474,Kevin Hearne,4.0,"May 3, 2011",Fantasy,86,1,A classic for a reason. Highly enjoyable.
"Hounded (The Iron Druid Chronicles, #1)",9780345522474,Kevin Hearne,4.0,"May 3, 2011",Fantasy,467,0,I struggled to connect with the main character.
Switch: How to Change Things When Change Is Hard,9780307357274,"Chip Heath,Dan Heath",4.0,"February 16, 2010",Personal-Development,19,0,The ending left me wanting more.
"Magic Strikes (Kate Daniels, #3)",9780441017027,Ilona Andrews,3.0,"February 20, 2009",Fantasy,483,0,A thought-provoking and insightful book.
"On a Farther Shore: The Life and Legacy of Rachel Carson, Author of Silent Spring",9780307462206,William Souder,4.0,"September 4, 2012",Computer-Science,437,1,The world-building in this fantasy novel is incredible.
The Deserter (Scott Brodie & Maggie Taylor #1),9781501101779,"Nelson DeMille,Alex DeMille",4.0,"October 22, 2019",Technology,339,1,A quick and entertaining read.
The Lark and the Laurel,9780440201564,Barbara Willard,4.0,"April 1, 1970",Children,303,0,
The Diving Bell and the Butterfly: A Memoir of Life in Death,9780375701214,"Jean-Dominique Bauby,Jeremy Leggatt",4.0,"January 1, 1997",Personal-Development,78,1,A classic for a reason. Highly enjoyable.
The Diving Bell and the Butterfly: A Memoir of Life in Death,9780375701214,"Jean-Dominique Bauby,Jeremy Leggatt",4.0,"January 1, 1997",Personal-Development,99,0,I would recommend this to fans of [genre].
The Diving Bell and the Butterfly: A Memoir of Life in Death,9780375701214,"Jean-Dominique Bauby,Jeremy Leggatt",4.0,"January 1, 1997",Personal-Development,162,0,Disappointing after all the hype.
The Diving Bell and the Butterfly: A Memoir of Life in Death,9780375701214,"Jean-Dominique Bauby,Jeremy Leggatt",3.0,"January 1, 1997",Personal-Development,254,0,"Not what I expected, but in a good way!"
Burning Rubber: The Extraordinary Story of Formula One,9780857381255,Charles Jennings,4.0,"January 1, 2010",Cars,224,0,The world-building in this fantasy novel is incredible.
Burning Rubber: The Extraordinary Story of Formula One,9780857381255,Charles Jennings,,"January 1, 2010",Cars,382,0,
Gift from the Sea,9780394724553,Anne Morrow Lindbergh,4.0,"January 1, 1955",Personal-Development,20,0,I found the writing style to be quite beautiful.
Gift from the Sea,9780394724553,Anne Morrow Lindbergh,4.0,"January 1, 1955",Personal-Development,375,0,A quick and entertaining read.
You're Broke Because You Want to Be: How to Stop Getting By and Start Getting Ahead,9781592403349,Larry Winget,4.0,"December 27, 2007",Personal-Development,250,0,I would recommend this to fans of [genre].
In Ascension,9780754638742,Martin MacInnes,4.0,"April 3, 2023",Math,132,1,
Being Digital,9780340649305,Nicholas Negroponte,1.0,"January 1, 1995",Computer-Science,478,0,Disappointing after all the hype.
Deep Learning,9780521835688,"Ian Goodfellow,Yoshua Bengio,Aaron Courville",,"November 1, 2016",Computer-Science,85,0,A quick and entertaining read.
Deep Learning,9780521835688,"Ian Goodfellow,Yoshua Bengio,Aaron Courville",4.0,"November 1, 2016",Computer-Science,389,0,A quick and entertaining read.
Turing's Cathedral: The Origins of the Digital Universe,9780375422775,George Dyson,4.0,"January 1, 2012",Computer-Science,436,0,The world-building in this fantasy novel is incredible.
"The Billionaire's Curse (Billionaire, #1)",9780061944901,"Richard Newsome,Jonny Duddle",4.0,"August 3, 2009",Children,1,1,This book really made me think about [a theme].
"Customer Satisfaction Is Worthless, Customer Loyalty Is Priceless: How to Make Customers Love You, Keep Them Coming Back and Tell Everyone They Know",9781885167309,Jeffrey Gitomer,4.0,"June 12, 1998",Computer-Science,26,0,A captivating story with well-developed characters.
"Customer Satisfaction Is Worthless, Customer Loyalty Is Priceless: How to Make Customers Love You, Keep Them Coming Back and Tell Everyone They Know",9781885167309,Jeffrey Gitomer,4.0,"June 12, 1998",Computer-Science,372,1,The pacing felt a bit off in the middle.
Moneyball,9780393324815,Michael   Lewis,4.0,"January 1, 2003",Personal-Development,283,0,I would recommend this to fans of [genre].
Moneyball,9780393324815,Michael   Lewis,1.0,"January 1, 2003",Personal-Development,357,0,A captivating story with well-developed characters.
Rebel: My Life Outside the Lines,9780062219572,Nick Nolte,2.0,"January 23, 2018",Math,33,0,This book really made me think about [a theme].
"First and Only (Gaunt's Ghosts, #1)",9781841542683,Dan Abnett,4.0,"January 1, 1999",Children,454,0,"Not what I expected, but in a good way!"
The Shack,9780964729230,William Paul Young,4.0,"May 1, 2007",Personal-Development,332,1,The ending left me wanting more.
The Cricket on the Hearth,9780809500413,Charles Dickens,,"December 20, 1845",Children,190,1,A thought-provoking and insightful book.
The Purpose Driven Life: What on Earth Am I Here for?,9780310276999,Rick Warren,4.0,"January 1, 2002",Business,417,0,
The Purpose Driven Life: What on Earth Am I Here for?,9780310276999,Rick Warren,4.0,"January 1, 2002",Business,476,1,A thought-provoking and insightful book.
The Graves Family Goes Camping,9780399243691,Patricia Polacco,,"May 19, 2005",Math,338,1,I couldn't put it down!
The Graves Family Goes Camping,9780399243691,Patricia Polacco,3.0,"May 19, 2005",Math,346,0,
"Where the Wild Things Were: Life, Death, and Ecological Wreckage in a Land of Vanishing Predators",9781596912991,William Stolzenburg,4.0,"July 8, 2008",Biology,65,1,I struggled to connect with the main character.
"Math, Science, and UNIX Underpants",9780740791406,Bill Amend,4.0,"January 1, 2009",Math,206,0,A classic for a reason. Highly enjoyable.
Hidden Valley Road: Inside the Mind of an American Family,9780385543767,Robert Kolker,,"April 7, 2020",Children,403,1,I found the writing style to be quite beautiful.
Unbeatable Mind: Forge Resiliency and Mental Toughness to Succeed at an Elite Level,9781495393433,Mark Divine,4.0,"December 17, 2012",Personal-Development,23,1,I would recommend this to fans of [genre].
Unbeatable Mind: Forge Resiliency and Mental Toughness to Succeed at an Elite Level,9781495393433,Mark Divine,4.0,"December 17, 2012",Personal-Development,280,0,Disappointing after all the hype.
Unbeatable Mind: Forge Resiliency and Mental Toughness to Succeed at an Elite Level,9781495393433,Mark Divine,4.0,"December 17, 2012",Personal-Development,299,0,The plot twists kept me guessing until the end.
"Orientalism and Religion: Postcolonial Theory, India and 'The Mystic East'",9780415202589,Richard E. King,4.0,"April 15, 1999",Personal-Development,122,1,I couldn't put it down!
Lord of Light,9780060567231,Roger Zelazny,4.0,"January 1, 1967",Children,105,1,I found the writing style to be quite beautiful.
"Rough Justice (Rosato & Associates, #3)",9780006499947,Lisa Scottoline,4.0,"January 1, 1997",nonfiction,86,0,A captivating story with well-developed characters.
"The Vanished Man (Lincoln Rhyme, #5)",9780743437813,Jeffery Deaver,4.0,"March 11, 2003",Math,191,0,I struggled to connect with the main character.
Empire of the Summer Moon,9781416591054,S.C. Gwynne,4.0,"March 25, 2010",History,25,0,"Not what I expected, but in a good way!"
"This Is Water: Some Thoughts, Delivered on a Significant Occasion, about Living a Compassionate Life",9780316068222,David Foster Wallace,4.0,"January 1, 2009",Personal-Development,174,1,The world-building in this fantasy novel is incredible.
"This Is Water: Some Thoughts, Delivered on a Significant Occasion, about Living a Compassionate Life",9780316068222,David Foster Wallace,4.0,"January 1, 2009",Personal-Development,280,0,I struggled to connect with the main character.
"This Is Water: Some Thoughts, Delivered on a Significant Occasion, about Living a Compassionate Life",9780316068222,David Foster Wallace,4.0,"January 1, 2009",Personal-Development,344,1,A thought-provoking and insightful book.
"This Is Water: Some Thoughts, Delivered on a Significant Occasion, about Living a Compassionate Life",9780316068222,David Foster Wallace,,"January 1, 2009",Personal-Development,401,0,I would recommend this to fans of [genre].
What Is Mathematics? An Elementary Approach to Ideas and Methods,9780195105193,"Richard Courant,Ian Stewart,Herbert Robbins",,"January 1, 1941",Math,240,0,
Mindless Eating: Why We Eat More Than We Think,9780553804348,Brian Wansink,4.0,"October 17, 2006",Economics,97,1,"Not what I expected, but in a good way!"
M Is for Magic,9780061186424,"Neil Gaiman,Teddy Kristiansen",4.0,"July 1, 2007",Comics,79,1,A classic for a reason. Highly enjoyable.
M Is for Magic,9780061186424,"Neil Gaiman,Teddy Kristiansen",,"July 1, 2007",Comics,132,1,I struggled to connect with the main character.
Optimal Living 360: Smart Decision Making for a Balanced Life,9781608325832,Sanjay Jain,3.0,"January 7, 2014",Personal-Development,174,1,I would recommend this to fans of [genre].
Just Crazy!,9780330397278,Andy Griffiths,1.0,"August 1, 2000",Children,21,0,
Just Crazy!,9780330397278,Andy Griffiths,,"August 1, 2000",Children,438,0,The plot twists kept me guessing until the end.
Tolkien On Fairy-stories,9780007244669,"J.R.R. Tolkien,Verlyn Flieger,Douglas A. Anderson",4.0,"July 1, 2008",Fantasy,354,1,A captivating story with well-developed characters.
With the Old Breed: At Peleliu and Okinawa,9780195067149,"Eugene B. Sledge,Paul Fussell",4.0,"November 1, 1981",History,126,0,The ending left me wanting more.
The Great Gatsby,9780743273565,F. Scott Fitzgerald,,"April 10, 1925",Fantasy,137,0,The world-building in this fantasy novel is incredible.
The Great Gatsby,9780743273565,F. Scott Fitzgerald,1.0,"April 10, 1925",Fantasy,248,0,The world-building in this fantasy novel is incredible.
"Playing Big: Find Your Voice, Your Mission, Your Message",9781594206078,Tara Mohr,4.0,"October 14, 2014",Personal-Development,148,0,
Bloodline (Star Wars),9780451486080,"Claudia Gray,January LaVoy",1.0,"May 3, 2016",Children,49,0,The world-building in this fantasy novel is incredible.
"""I Will Not Be Erased"": Our stories about growing up as people of colour",9781406393194,gal-dem,,"June 6, 2019",Personal-Development,491,1,The pacing felt a bit off in the middle.
The Girl With the Dragon Tattoo (Millennium #1),9780670069019,"Stieg Larsson,Reg Keeland",,"August 1, 2005",History,363,1,The ending left me wanting more.
"Database Systems: A Practical Approach to Design, Implementation and Management",9781292061184,"Thomas M. Connolly,Carolyn Begg",,"November 1, 1995",Computer-Science,38,1,Disappointing after all the hype.
Rabid: A Cultural History of the World's Most Diabolical Virus,9780670023738,"Bill  Wasik,Monica Murphy",,"July 1, 2012",Technology,225,0,I found the writing style to be quite beautiful.
"Yawning at Tigers: You Can't Tame God, So Stop Trying",9781400205455,Drew Dyck,4.0,"May 13, 2014",Personal-Development,426,1,A captivating story with well-developed characters.
The Language of SQL,9780134658254,Larry Rockoff,4.0,"June 3, 2010",Computer-Science,60,1,I would recommend this to fans of [genre].
"A Curious Beginning (Veronica Speedwell, #1)",9780451476029,Deanna Raybourn,4.0,"September 1, 2015",Math,66,0,
DON'T FORGET YOUR CROWN: Self-Love has everything to do with it.,9780991033676,Derrick Jaxn,4.0,"October 5, 2018",Personal-Development,65,1,
A is for Activist,9780988344891,Innosanto Nagara,,"October 1, 2012",Personal-Development,67,1,A captivating story with well-developed characters.
A is for Activist,9780988344891,Innosanto Nagara,2.0,"October 1, 2012",Personal-Development,227,0,
A is for Activist,9780988344891,Innosanto Nagara,4.0,"October 1, 2012",Personal-Development,427,1,I would recommend this to fans of [genre].
Amazing Grace,9780803710405,"Mary Hoffman,Caroline Binch",3.0,"January 1, 1991",Personal-Development,31,0,
"Underground: Tales of Hacking, Madness and Obsession on the Electronic Frontier",9780857862600,"Julian Assange,Julian Assange",1.0,"January 1, 1997",Computer-Science,250,0,I found the writing style to be quite beautiful.
"Underground: Tales of Hacking, Madness and Obsession on the Electronic Frontier",9780857862600,"Julian Assange,Julian Assange",1.0,"January 1, 1997",Computer-Science,257,0,Disappointing after all the hype.
"A Superior Death (Anna Pigeon, #2)",9780425194713,Nevada Barr,,"January 1, 1994",nonfiction,395,0,I would recommend this to fans of [genre].
How I Became a Pirate,9780152018481,"Melinda Long,David Shannon",4.0,"September 1, 2003",Math,97,1,A thought-provoking and insightful book.
Free to Choose: A Personal Statement,9780156334600,"Milton Friedman,Rose Friedman",4.0,"January 1, 1979",Economics,135,1,The plot twists kept me guessing until the end.
The Tangled Web: A Guide to Securing Modern Web Applications,9781593273880,Michal Zalewski,4.0,"September 22, 2011",Computer-Science,324,1,I struggled to connect with the main character.
Princess (The Puppy Place #12),9780545034586,Ellen Miles,,"July 1, 2008",Math,82,0,The pacing felt a bit off in the middle.
God Created the Integers: The Mathematical Breakthroughs That Changed History,9780762419227,Stephen Hawking,4.0,"October 4, 2005",Math,128,0,A captivating story with well-developed characters.
The Story of Tea: A Cultural History and Drinking Guide,9781580087452,"Mary Lou Heiss,Robert J. Heiss",4.0,"October 1, 2007",Technology,113,1,A captivating story with well-developed characters.
"Rocket Girl: The Story of Mary Sherman Morgan, America's First Female Rocket Scientist",9781616147396,George D. Morgan,2.0,"July 9, 2013",Computer-Science,232,0,This book really made me think about [a theme].
"Mystic and Rider (Twelve Houses, #1)",9780441013036,Sharon Shinn,4.0,"March 1, 2005",Children,156,1,A quick and entertaining read.
Digital Fortress,9780552151696,Dan    Brown,3.0,"February 1, 1998",Math,230,0,
"How to Catch a Star (The Boy, #1)",9780007228072,Oliver Jeffers,4.0,"June 3, 2004",Cars,257,0,A thought-provoking and insightful book.
Cut,9780439324595,Patricia McCormick,4.0,"October 30, 2000",History,287,1,A thought-provoking and insightful book.
Scatterlings (Point - Science Fiction),9780590559058,Isobelle Carmody,4.0,"January 1, 1991",Children,440,0,This book really made me think about [a theme].
Secret to Startup Failure: Fail Fast. Fail Cheap. Fail Happy.,9780991426508,Sonia Lin,4.0,"January 8, 2014",Business,422,0,I would recommend this to fans of [genre].
Binky to the Rescue (A Binky Adventure),9781554535026,Ashley Spires,4.0,"September 1, 2010",Children,195,1,The world-building in this fantasy novel is incredible.
Binky to the Rescue (A Binky Adventure),9781554535026,Ashley Spires,4.0,"September 1, 2010",Children,452,1,A classic for a reason. Highly enjoyable.
The City in the Middle of the Night,9780765379962,Charlie Jane Anders,4.0,"February 12, 2019",Children,38,1,Disappointing after all the hype.
The City in the Middle of the Night,9780765379962,Charlie Jane Anders,4.0,"February 12, 2019",Children,234,1,
The Subtle Art of Not Giving a F*ck: A Counterintuitive Approach to Living a Good Life,9798804636129,Mark Manson,4.0,"January 1, 2016",Business,236,0,The pacing felt a bit off in the middle.
Middlesex,9780312422158,Jeffrey Eugenides,4.0,"September 4, 2002",Economics,143,1,I couldn't put it down!
The Art of UNIX Programming,9780131429017,Eric S. Raymond,4.0,"January 1, 2003",Computer-Science,488,0,Disappointing after all the hype.
Detour from Normal,9781491248638,Ken Dickson,,"December 9, 2013",nonfiction,450,1,I found the writing style to be quite beautiful.
"How to Build a Girl (How to Build a Girl, #1)",9780062335975,Caitlin Moran,4.0,"September 23, 2014",nonfiction,338,0,A quick and entertaining read.
Blind Pony: As True A Story As I Can Tell,9781648710100,Samantha   Hart,4.0,"March 15, 2021",Personal-Development,448,1,A captivating story with well-developed characters.
School Trip (New Kid #3),9780062885548,Jerry Craft,4.0,"April 4, 2023",Children,56,0,I would recommend this to fans of [genre].
The Element: How Finding Your Passion Changes Everything,9780670020478,"Ken Robinson,Lou Aronica",4.0,"January 8, 2009",Personal-Development,23,1,The world-building in this fantasy novel is incredible.
The Element: How Finding Your Passion Changes Everything,9780670020478,"Ken Robinson,Lou Aronica",4.0,"January 8, 2009",Personal-Development,314,1,The pacing felt a bit off in the middle.
NoSQL Distilled: A Brief Guide to the Emerging World of Polyglot Persistence,9780321826626,"Pramod J. Sadalage,Martin Fowler",4.0,"August 3, 2012",Computer-Science,406,1,This book really made me think about [a theme].
NoSQL Distilled: A Brief Guide to the Emerging World of Polyglot Persistence,9780321826626,"Pramod J. Sadalage,Martin Fowler",4.0,"August 3, 2012",Computer-Science,420,0,"Not what I expected, but in a good way!"
"Scale: The Universal Laws of Growth, Innovation, Sustainability, and the Pace of Life in Organisms, Cities, Economies, and Companies",9781594205583,Geoffrey B. West,4.0,"May 16, 2017",Math,20,1,A classic for a reason. Highly enjoyable.
"Scale: The Universal Laws of Growth, Innovation, Sustainability, and the Pace of Life in Organisms, Cities, Economies, and Companies",9781594205583,Geoffrey B. West,4.0,"May 16, 2017",Math,205,0,I found the writing style to be quite beautiful.
Let's Fly a Kite (MathStart 2),9780060280345,"Stuart J. Murphy,Brian Floca",4.0,"August 22, 2000",Math,316,0,"Not what I expected, but in a good way!"
Let's Fly a Kite (MathStart 2),9780060280345,"Stuart J. Murphy,Brian Floca",4.0,"August 22, 2000",Math,420,0,A thought-provoking and insightful book.
Rambunctious Garden: Saving Nature in a Post-Wild World,9781608194544,Emma Marris,4.0,"August 30, 2011",Computer-Science,4,1,A quick and entertaining read.
Rambunctious Garden: Saving Nature in a Post-Wild World,9781608194544,Emma Marris,4.0,"August 30, 2011",Computer-Science,336,0,I would recommend this to fans of [genre].
Rambunctious Garden: Saving Nature in a Post-Wild World,9781608194544,Emma Marris,4.0,"August 30, 2011",Computer-Science,455,0,This book really made me think about [a theme].
The Princess Diarist,9780399173592,Carrie Fisher,4.0,"October 18, 2016",Personal-Development,117,1,"Not what I expected, but in a good way!"
The Poincaré Conjecture: In Search of the Shape of the Universe,9780802715326,Donal O&apos;Shea,4.0,"January 1, 2007",Math,269,0,This book really made me think about [a theme].
Schaum's Outlines Vector Analysis (And An Introduction to Tensor Analysis),9780070602281,Murray R. Spiegel,4.0,"December 1, 1959",Math,449,1,I couldn't put it down!
The Martian Chronicles,9780553278224,"Ray Bradbury,Michael Whelan",4.0,"May 4, 1950",Fantasy,2,1,I couldn't put it down!
The Martian Chronicles,9780553278224,"Ray Bradbury,Michael Whelan",4.0,"May 4, 1950",Fantasy,328,1,A classic for a reason. Highly enjoyable.
The Martian Chronicles,9780553278224,"Ray Bradbury,Michael Whelan",4.0,"May 4, 1950",Fantasy,498,0,A captivating story with well-developed characters.
"Galileo's Daughter: A Historical Memoir of Science, Faith and Love",9780140280555,Dava Sobel,4.0,"October 1, 1999",Math,41,1,A captivating story with well-developed characters.
Us,9780615430461,Michael Kimball,4.0,"May 10, 2011",Personal-Development,331,1,
The Death of Ivan Ilych,9780451500137,"Leo Tolstoy,Aylmer Maude,Louise Maude",4.0,"January 1, 1886",Economics,155,0,The pacing felt a bit off in the middle.
The Death of Ivan Ilych,9780451500137,"Leo Tolstoy,Aylmer Maude,Louise Maude",4.0,"January 1, 1886",Economics,431,1,I would recommend this to fans of [genre].
Hen's Teeth and Horse's Toes,9780393302004,Stephen Jay Gould,4.0,"January 1, 1983",Computer-Science,53,0,
"The Tenth City (The Land of Elyon, #3)",9780439700955,Patrick Carman,4.0,"May 1, 2006",Children,404,1,The ending left me wanting more.
"The Fruit Hunters: A Story of Nature, Obsession, Commerce, and Adventure",9780385662673,Adam Leith Gollner,4.0,"January 1, 2008",Technology,295,1,Disappointing after all the hype.
"The Fruit Hunters: A Story of Nature, Obsession, Commerce, and Adventure",9780385662673,Adam Leith Gollner,4.0,"January 1, 2008",Technology,355,1,I couldn't put it down!
"Henrietta the Dragon Slayer (Henrietta the Dragon Slayer, #1)",9780983296041,Beth Barany,4.0,"June 7, 2011",Children,121,1,A thought-provoking and insightful book.
The Naming Song,9781250907981,Jedediah Berry,4.0,"September 24, 2024",studio-ghibli,321,1,
Hana's Suitcase,9780807531471,Karen Levine,4.0,"January 1, 2002",History,279,0,This book really made me think about [a theme].
Oulipo Compendium,9781900565189,"Alastair Brotchie,Jean-Louis Bailly,Jacques Barine,Marcel Bénabou,Jacques Bens,André Blavier,François Caradec,Lynn Crawford,Richard Curtis,Marcel Duchamp,Jacques Duchateau,Harry Mathews,Luc Etienne,Paul Fournel,Jean-Pierre Enard,IN.S.OMNIA,Jacques Jouet,Tom   King,Quirinus Kuhlmann,François Le Lionnais,Hervé Le Tellier,Michèle Métail,Paul Gayot,Ian Monk,Oulipo,Oulipopo,Georges Perec,Jean de Porla,Jacques Carelman,Jacques Roubaud,Raphael Rubinstein,Jerome Sala,Schuldt,Francis Debyser,Gilbert Sorrentino,Stefan Themerson,Keith Waldrop,Dallas Wiebe,Thieri Foulc,Raymond Queneau,Noël Arnaud,John Ashbery",4.0,"January 1, 1998",Math,334,1,I would recommend this to fans of [genre].
Saving Delicia: A Story about Small Seeds and Big Dreams,9781947888449,"Laura Gehl,Patricia Metola",5.0,"April 9, 2024",Math,204,1,The ending left me wanting more.
Saving Delicia: A Story about Small Seeds and Big Dreams,9781947888449,"Laura Gehl,Patricia Metola",5.0,"April 9, 2024",Math,256,1,The plot twists kept me guessing until the end.
"The Iron King (The Iron Fey, #1)",9780373210084,Julie Kagawa,,"January 19, 2010",Fantasy,454,0,The ending left me wanting more.
Unlimited Power: The New Science Of Personal Achievement,9781416586371,Anthony Robbins,3.0,"January 1, 1986",Personal-Development,310,0,A captivating story with well-developed characters.
Pigs Will Be Pigs: Fun with Math and Money,9780689812194,"Amy Axelrod,Sharon McGinley-Nally",,"March 1, 1994",Math,22,1,A thought-provoking and insightful book.
Artist to Artist: 23 Major Illustrators Talk to Children about Their Art,9780399246005,"Eric Carle,Mitsumasa Anno,Quentin Blake,Ashley Bryan,Nancy Ekholm Burkert,Tomie dePaola,Jane Dyer,Mordicai Gerstein,Robert Ingpen,Steven Kellogg,Leo Lionni,Petra Mathers,Wendell Minor,Barry Moser,Jerry Pinkney,Alice Provensen,Matthew Reinhart,Robert Sabuda,Maurice Sendak,Gennady Spirin,Chris Van Allsburg,Rosemary Wells,Paul O. Zelinsky,Patricia Lee Gauch,David Briggs,Courtenay Palmer",4.0,"September 25, 2007",Math,24,1,The plot twists kept me guessing until the end.
Numerical Recipes: The Art of Scientific Computing,9780521880688,"William H. Press,Saul A. Teukolsky,William T. Vetterling,Brian P. Flannery",4.0,"September 1, 2007",Computer-Science,312,1,The plot twists kept me guessing until the end.
Numerical Recipes: The Art of Scientific Computing,9780521880688,"William H. Press,Saul A. Teukolsky,William T. Vetterling,Brian P. Flannery",4.0,"September 1, 2007",Computer-Science,402,0,A classic for a reason. Highly enjoyable.
Introduction to Mathematical Thinking,9780615653631,Keith Devlin,1.0,"January 1, 2012",Math,374,0,A captivating story with well-developed characters.
The 17 Indisputable Laws of Teamwork: Embrace Them and Empower Your Team,9780785274346,John C. Maxwell,2.0,"January 1, 2001",Personal-Development,110,0,Disappointing after all the hype.
The 17 Indisputable Laws of Teamwork: Embrace Them and Empower Your Team,9780785274346,John C. Maxwell,4.0,"January 1, 2001",Personal-Development,237,1,The ending left me wanting more.
A Game Plan for Life: The Power of Mentoring,9781596917019,"John Wooden,Don Yeager,John C. Maxwell",4.0,"October 14, 2009",Personal-Development,492,1,A quick and entertaining read.
The Great Dinosaur Debate: New Theories Unlocking the Mystery of the Dinosaurs and Their Extinction,9780806522609,Robert T. Bakker,3.0,"January 1, 1986",Math,20,0,A thought-provoking and insightful book.
"Concurrency in C# Cookbook: Asynchronous, Parallel, and Multithreaded Programming",9781449367565,Stephen Cleary,4.0,"January 22, 2014",Computer-Science,20,0,
How Google Works,9781416596585,"Eric Schmidt,Jonathan Rosenberg",4.0,"September 1, 2014",Personal-Development,354,1,The pacing felt a bit off in the middle.
"The Alchemy of Air: A Jewish Genius, a Doomed Tycoon, and the Scientific Discovery That Fed the World but Fueled the Rise of Hitler",9780307351784,Thomas Hager,,"September 9, 2008",Math,459,1,The pacing felt a bit off in the middle.
"The Black Echo (Harry Bosch, #1; Harry Bosch Universe, #1)",9780446612739,Michael    Connelly,4.0,"January 21, 1992",Children,196,1,A captivating story with well-developed characters.
Personality Plus: How to Understand Others by Understanding Yourself,9781854245090,Florence Littauer,,"January 1, 1983",Personal-Development,236,1,Disappointing after all the hype.
Personality Plus: How to Understand Others by Understanding Yourself,9781854245090,Florence Littauer,,"January 1, 1983",Personal-Development,476,0,The pacing felt a bit off in the middle.
"A Great and Terrible Beauty (Gemma Doyle, #1)",9780689875342,Libba Bray,,"December 9, 2003",Fantasy,133,0,I would recommend this to fans of [genre].
The Millennium Problems,9781862077355,Keith Devlin,4.0,"January 1, 2002",Math,203,1,I found the writing style to be quite beautiful.
H is for Hawk,9780224097000,Helen Macdonald,4.0,"January 1, 2014",Biology,210,1,The pacing felt a bit off in the middle.
H is for Hawk,9780224097000,Helen Macdonald,4.0,"January 1, 2014",Biology,315,1,A classic for a reason. Highly enjoyable.
Through a Window: My Thirty Years with the Chimpanzees of Gombe,9780618056774,Jane Goodall,4.0,"January 1, 1990",Computer-Science,341,1,"Not what I expected, but in a good way!"
Heartland: A Memoir of Working Hard and Being Broke in the Richest Country on Earth,9781501133091,Sarah Smarsh,4.0,"September 18, 2018",nonfiction,451,0,I found the writing style to be quite beautiful.
Doctor January,9781781891247,Rhoda Baxter,4.0,"July 2, 2014",Math,104,0,I found the writing style to be quite beautiful.
Fangs,9781524860677,Sarah Andersen,,"September 1, 2020",Comics,216,0,A thought-provoking and insightful book.
Fangs,9781524860677,Sarah Andersen,4.0,"September 1, 2020",Comics,454,0,This book really made me think about [a theme].
Paradigms of Artificial Intelligence Programming: Case Studies in Common Lisp,9781558601918,Peter Norvig,3.0,"October 1, 1991",Computer-Science,154,0,
Kybalion: A Study of the Hermetic Philosophy of Ancient Egypt and Greece,9780911662252,"Three Initiates,William Walker Atkinson,Tre Iniziati",,"January 1, 1912",Personal-Development,482,0,Disappointing after all the hype.
"The Prime Minister's Brain (Demon Headmaster, #2)",9780140323122,Gillian Cross,4.0,"June 25, 1985",Computer-Science,38,1,I struggled to connect with the main character.
The Physics of Christmas: From the Aerodynamics of Reindeer to the Thermodynamics of Turkey,9780316366953,Roger Highfield,4.0,"January 1, 1998",Children,114,1,This book really made me think about [a theme].
The Physics of Christmas: From the Aerodynamics of Reindeer to the Thermodynamics of Turkey,9780316366953,Roger Highfield,3.0,"January 1, 1998",Children,235,0,Disappointing after all the hype.
Built: The Hidden Stories Behind our Structures,9781635570229,Roma Agrawal,4.0,"February 7, 2018",Math,105,1,I couldn't put it down!
Built: The Hidden Stories Behind our Structures,9781635570229,Roma Agrawal,3.0,"February 7, 2018",Math,199,0,
Seven Languages in Seven Weeks: A Pragmatic Guide to Learning Programming Languages (Pragmatic Programmers),9781934356593,Bruce A. Tate,4.0,"November 17, 2010",Computer-Science,499,0,"Not what I expected, but in a good way!"
Chaos Monkeys: Obscene Fortune and Random Failure in Silicon Valley,9780062884480,Antonio García Martínez,4.0,"June 28, 2016",Computer-Science,69,1,A quick and entertaining read.
Mathematical Proofs: A Transition to Advanced Mathematics,9780134746753,"Gary Chartrand,Albert D. Polimeni,Ping Zhang",4.0,"May 28, 2002",Math,317,0,The ending left me wanting more.
Secrets of Mental Math: The Mathemagician's Guide to Lightning Calculation and Amazing Math Tricks,9780307338402,"Arthur T. Benjamin,Michael Shermer",4.0,"January 1, 1993",Math,319,0,This book really made me think about [a theme].
Modern PHP: New Features and Good Practices,9781491905012,Josh Lockhart,1.0,"January 25, 2015",Computer-Science,102,0,A captivating story with well-developed characters.
"First Drop of Crimson (Night Huntress World, #1)",9780061583223,Jeaniene Frost,2.0,"January 27, 2010",Fantasy,244,0,This book really made me think about [a theme].
"Heartbreaker (Babymouse, #5)",9780375837982,"Jennifer L. Holm,Matthew  Holm",1.0,"December 1, 2006",Children,311,0,The plot twists kept me guessing until the end.
Feathers: The Evolution of a Natural Miracle,9780465020133,Thor Hanson,4.0,"January 1, 2001",Biology,432,1,
The Vagina Bible: The Vulva and the Vagina—Separating the Myth from the Medicine,9780806539317,Jen Gunter,4.0,"August 27, 2019",Computer-Science,188,1,This book really made me think about [a theme].
The Vagina Bible: The Vulva and the Vagina—Separating the Myth from the Medicine,9780806539317,Jen Gunter,,"August 27, 2019",Computer-Science,308,1,I would recommend this to fans of [genre].
The Vagina Bible: The Vulva and the Vagina—Separating the Myth from the Medicine,9780806539317,Jen Gunter,4.0,"August 27, 2019",Computer-Science,382,1,A captivating story with well-developed characters.
Spaceland,9780765303677,Rudy Rucker,4.0,"January 1, 2002",Math,165,0,The world-building in this fantasy novel is incredible.
Garlic and Sapphires: The Secret Life of a Critic in Disguise,9780143036616,Ruth Reichl,4.0,"April 4, 2005",Personal-Development,56,0,I found the writing style to be quite beautiful.
Garlic and Sapphires: The Secret Life of a Critic in Disguise,9780143036616,Ruth Reichl,4.0,"April 4, 2005",Personal-Development,71,1,The ending left me wanting more.
"A Year in Provence (Provence, #1)",9780679731146,Peter Mayle,4.0,"December 31, 1989",Personal-Development,318,0,A thought-provoking and insightful book.
"A Year in Provence (Provence, #1)",9780679731146,Peter Mayle,4.0,"December 31, 1989",Personal-Development,401,1,A quick and entertaining read.
Fool's Gold: How the Bold Dream of a Small Tribe at J.P. Morgan Was Corrupted by Wall Street Greed and Unleashed a Catastrophe,9781416598572,Gillian Tett,4.0,"January 1, 2009",Technology,160,1,
Don't Eat This If You're Taking That: The Hidden Risks of Mixing Food and Medicine,9781510715387,"Madelyn Fernstrom,John Fernstrom",4.0,"April 7, 2015",Computer-Science,118,0,
Don't Eat This If You're Taking That: The Hidden Risks of Mixing Food and Medicine,9781510715387,"Madelyn Fernstrom,John Fernstrom",4.0,"April 7, 2015",Computer-Science,346,0,
The Miracle of Mindfulness: An Introduction to the Practice of Meditation,9780807012390,"Thich Nhat Hanh,Vo-Dihn Mai,Mobi Ho",4.0,"January 1, 1975",Personal-Development,183,1,Disappointing after all the hype.
"All-Star Batman and Robin, the Boy Wonder",9781401216818,"Frank Miller,Jim Lee,Scott  Williams,Dave Stewart,Bob Schreck",3.0,"January 1, 2008",Comics,182,1,A quick and entertaining read.
Fourier Series (Dover Books on Mathematics),9780486633176,Georgi P. Tolstov,,"June 1, 1976",Math,129,0,
Fourier Series (Dover Books on Mathematics),9780486633176,Georgi P. Tolstov,4.0,"June 1, 1976",Math,286,1,This book really made me think about [a theme].
"The Sandman, Vol. 10: The Wake",9781563892875,Neil Gaiman,5.0,"March 27, 1996",Comics,188,1,Disappointing after all the hype.
Gödel: A Life of Logic,9780738205182,"John L. Casti,Werner DePauli",4.0,"September 20, 2000",Math,60,1,Disappointing after all the hype.
Gödel: A Life of Logic,9780738205182,"John L. Casti,Werner DePauli",4.0,"September 20, 2000",Math,396,1,"Not what I expected, but in a good way!"
"The Poison Frog Mystery (Boxcar Children Mysteries, 74)",9780807565865,"Gertrude Chandler Warner,Charles Tang",4.0,"January 1, 2000",Math,204,0,"Not what I expected, but in a good way!"
"The Poison Frog Mystery (Boxcar Children Mysteries, 74)",9780807565865,"Gertrude Chandler Warner,Charles Tang",4.0,"January 1, 2000",Math,313,1,Disappointing after all the hype.
The Monster That Ate My Socks,9780692335406,A.J. Cosmo,4.0,"January 27, 2012",Children,52,0,
Homo Deus: A History of Tomorrow,9780062464316,Yuval Noah Harari,4.0,"January 1, 2015",Biology,79,1,A captivating story with well-developed characters.
To the Survivors: One Man's Journey as a Rape Crisis Counselor with True Stories of Sexual Violence,9781490931661,Robert Uttaro,4.0,"October 23, 2013",Personal-Development,245,0,A quick and entertaining read.
To the Survivors: One Man's Journey as a Rape Crisis Counselor with True Stories of Sexual Violence,9781490931661,Robert Uttaro,3.0,"October 23, 2013",Personal-Development,411,0,
Whopper Cake,9780689838446,"Karma Wilson,Will Hillenbrand",3.0,"June 1, 2006",Cars,481,0,I struggled to connect with the main character.
"All-Star Superman, Vol. 1",9781401209148,"Grant Morrison,Frank Quitely",4.0,"April 11, 2007",Comics,405,1,A thought-provoking and insightful book.
Sometimes I Lie,9780008225353,Alice Feeney,,"March 23, 2017",nonfiction,147,1,The ending left me wanting more.
Sometimes I Lie,9780008225353,Alice Feeney,4.0,"March 23, 2017",nonfiction,188,1,A classic for a reason. Highly enjoyable.
The 360 Degree Leader: Developing Your Influence from Anywhere in the Organization,9780785260929,John C. Maxwell,4.0,"January 1, 2005",Personal-Development,464,1,The pacing felt a bit off in the middle.
"Neon Genesis Evangelion, Vol. 9",9781591167075,Yoshiyuki Sadamoto,4.0,"April 3, 2004",Computer-Science,113,0,I couldn't put it down!
Smoke Gets in Your Eyes,9781782111030,Caitlin Doughty,2.0,"September 15, 2014",Technology,43,0,A classic for a reason. Highly enjoyable.
Four Faces of the Moon,9781773214542,"Amanda   Strong,Sherry Farrell Racette",4.0,"June 8, 2021",Children,17,1,A quick and entertaining read.
"Lifehacker: The Guide to Working Smarter, Faster, and Better",9781118018378,"Adam Pash,Gina Trapani",4.0,"June 3, 2011",Personal-Development,248,1,I struggled to connect with the main character.
"Lifehacker: The Guide to Working Smarter, Faster, and Better",9781118018378,"Adam Pash,Gina Trapani",4.0,"June 3, 2011",Personal-Development,404,0,A captivating story with well-developed characters.
"One (One Universe, #1)",9781482690651,LeighAnn Kopans,4.0,"May 17, 2013",Computer-Science,314,1,I couldn't put it down!
I Want to Be a Cowgirl,9780805069976,"Jeanne Willis,Tony Ross",4.0,"January 1, 2001",Cars,22,1,The plot twists kept me guessing until the end.
"We Should All Be Millionaires: A Woman’s Guide to Earning More, Building Wealth, and Gaining Economic Power",9781400221622,Rachel Rodgers,4.0,"May 4, 2021",Business,413,1,Disappointing after all the hype.
"Scott Pilgrim's Precious Little Life (Scott Pilgrim, #1)",9781932664089,Bryan Lee O&apos;Malley,4.0,"August 18, 2004",Comics,88,1,The plot twists kept me guessing until the end.
"Scott Pilgrim's Precious Little Life (Scott Pilgrim, #1)",9781932664089,Bryan Lee O&apos;Malley,,"August 18, 2004",Comics,186,1,I found the writing style to be quite beautiful.
"Scott Pilgrim's Precious Little Life (Scott Pilgrim, #1)",9781932664089,Bryan Lee O&apos;Malley,4.0,"August 18, 2004",Comics,273,0,The pacing felt a bit off in the middle.
R in a Nutshell: A Desktop Quick Reference,9781449312084,Joseph Adler,4.0,"January 1, 2009",Computer-Science,57,0,
"Rosamund's Tuckshop (The Abbey Girls, #25; Kentisbury, #2; Quellyn/Woodend, #2)",9781904417064,Elsie J. Oxenham,4.0,"January 1, 1937",Children,230,1,The plot twists kept me guessing until the end.
"Rosamund's Tuckshop (The Abbey Girls, #25; Kentisbury, #2; Quellyn/Woodend, #2)",9781904417064,Elsie J. Oxenham,4.0,"January 1, 1937",Children,404,1,A quick and entertaining read.
Eight Dates: Essential Conversations for a Lifetime of Love,9781523504466,"John M. Gottman,Julie Schwartz Gottman,Douglas Carlton Abrams,Rachel Carlton",4.0,"February 5, 2019",Personal-Development,163,1,This book really made me think about [a theme].
Eight Dates: Essential Conversations for a Lifetime of Love,9781523504466,"John M. Gottman,Julie Schwartz Gottman,Douglas Carlton Abrams,Rachel Carlton",4.0,"February 5, 2019",Personal-Development,443,1,The world-building in this fantasy novel is incredible.
"Kidnapping Casey (Zorn Warriors, #2)",9781419924552,Laurann Dohner,,"January 29, 2010",Biology,214,0,A thought-provoking and insightful book.
The Mitten,9780439925440,"Jim Aylesworth,Barbara McClintock",4.0,"October 1, 2009",Math,58,1,I couldn't put it down!
"Banana Cream Pie Murder (Hannah Swensen, #21)",9781617732201,Joanne Fluke,4.0,"February 28, 2017",Math,160,1,I would recommend this to fans of [genre].
"Banana Cream Pie Murder (Hannah Swensen, #21)",9781617732201,Joanne Fluke,,"February 28, 2017",Math,398,0,The plot twists kept me guessing until the end.
The Sociopath Next Door,9780767915823,Martha Stout,4.0,"January 1, 2005",Personal-Development,421,1,I struggled to connect with the main character.
Applied Multivariate Statistical Analysis: Pearson New International Edition,9781292024943,Dean Wichern,,"April 28, 1982",Computer-Science,335,0,I would recommend this to fans of [genre].
How Not to Die: Discover the Foods Scientifically Proven to Prevent and Reverse Disease,9781250066114,"Michael Greger,Gene  Stone",3.0,"December 8, 2015",Personal-Development,407,0,The world-building in this fantasy novel is incredible.
Spartan Up!: A Take-No-Prisoners Guide to Overcoming Obstacles and Achieving Peak Performance in Life,9780544286177,"Joe De Sena,O&apos;Connell Jeff",,"January 1, 2014",Personal-Development,310,1,
The Multiplying Menace Divides,9781570917813,"Pam Calvert,Wayne Geehan",4.0,"January 1, 2011",Math,76,0,I couldn't put it down!
The Multiplying Menace Divides,9781570917813,"Pam Calvert,Wayne Geehan",,"January 1, 2011",Math,142,1,A thought-provoking and insightful book.
The Plum-Rain Scroll,9780702235054,Ruth Manley,4.0,"January 1, 1978",studio-ghibli,171,1,I found the writing style to be quite beautiful.
"A Lady's Formula for Love (The Secret Scientists of London, #1)",9780593200629,Elizabeth  Everett,3.0,"February 9, 2021",Technology,454,0,A quick and entertaining read.
Professor Stewart's Incredible Numbers,9781781254516,Ian Stewart,4.0,"March 19, 2015",Math,188,1,Disappointing after all the hype.
Catching Fire: How Cooking Made Us Human,9780465013623,Richard W. Wrangham,,"May 26, 2009",Math,252,1,A thought-provoking and insightful book.
"Freefall: America, Free Markets, and the Sinking of the World Economy",9780393075960,Joseph E. Stiglitz,4.0,"January 1, 2010",Economics,304,1,A captivating story with well-developed characters.
The Princess Bride,9780345418265,William Goldman,4.0,"September 1, 1973",Fantasy,136,1,
Call Me a Cab,9781789098181,Donald E. Westlake,4.0,"February 1, 2022",Cars,180,1,"Not what I expected, but in a good way!"
Coraline,9780060825430,"P. Craig Russell,Neil Gaiman",4.0,"January 1, 2008",Children,152,1,I couldn't put it down!
Coraline,9780060825430,"P. Craig Russell,Neil Gaiman",4.0,"January 1, 2008",Children,210,1,A thought-provoking and insightful book.
Release It!: Design and Deploy Production-Ready Software,9781680502398,Michael T. Nygard,4.0,"March 30, 2007",Computer-Science,266,1,The pacing felt a bit off in the middle.
Pigs in the Pantry: Fun with Math and Cooking (Pigs Will Be Pigs),9780689825552,"Amy Axelrod,Sharon McGinley-Nally",3.0,"January 1, 1997",Math,49,0,
A Parcel of Patterns,9780613070638,Jill Paton Walsh,4.0,"October 1, 1983",Children,128,0,Disappointing after all the hype.
A Parcel of Patterns,9780613070638,Jill Paton Walsh,4.0,"October 1, 1983",Children,248,1,The world-building in this fantasy novel is incredible.
The Boys in the Boat: Nine Americans and Their Epic Quest for Gold at the 1936 Berlin Olympics,9780670025817,Daniel James Brown,4.0,"June 4, 2013",Biology,104,0,
The Boys in the Boat: Nine Americans and Their Epic Quest for Gold at the 1936 Berlin Olympics,9780670025817,Daniel James Brown,,"June 4, 2013",Biology,368,1,A quick and entertaining read.
Feminism Is for Everybody: Passionate Politics,9780896086289,bell hooks,4.0,"October 1, 2000",Personal-Development,156,0,I struggled to connect with the main character.
Ethan Frome,9780764586811,"Edith Wharton,Anita Shreve,Elizabeth Ammons",3.0,"January 1, 1911",Economics,22,0,I struggled to connect with the main character.
Ethan Frome,9780764586811,"Edith Wharton,Anita Shreve,Elizabeth Ammons",3.0,"January 1, 1911",Economics,160,1,A thought-provoking and insightful book.
Ethan Frome,9780764586811,"Edith Wharton,Anita Shreve,Elizabeth Ammons",3.0,"January 1, 1911",Economics,461,1,The world-building in this fantasy novel is incredible.
"Ship of Magic (Liveship Traders, #1)",9780006498858,Robin Hobb,4.0,"March 1, 1998",Biology,64,0,This book really made me think about [a theme].
"Red Queen (Red Queen, #1)",9781409151173,Victoria Aveyard,4.0,"February 10, 2015",nonfiction,242,0,The pacing felt a bit off in the middle.
Blood River: A Journey to Africa's Broken Heart,9781407414935,Tim Butcher,4.0,"July 3, 2007",Technology,141,0,I would recommend this to fans of [genre].
Blood River: A Journey to Africa's Broken Heart,9781407414935,Tim Butcher,4.0,"July 3, 2007",Technology,349,1,The ending left me wanting more.
"Bread and Roses, Too",9780618654796,Katherine Paterson,4.0,"July 28, 2006",Children,185,1,The world-building in this fantasy novel is incredible.
"Bread and Roses, Too",9780618654796,Katherine Paterson,4.0,"July 28, 2006",Children,303,1,"Not what I expected, but in a good way!"
"Blood Song (Raven's Shadow, #1)",9781466085664,Anthony Ryan,4.0,"January 1, 2011",Fantasy,413,0,I would recommend this to fans of [genre].
"The State of the Art (Culture, #4)",9781857230307,Iain M. Banks,,"March 1, 1991",Artificial-Intelligence,40,0,A thought-provoking and insightful book.
Four Colors Suffice: How the Map Problem Was Solved,9780691120232,Robin J. Wilson,4.0,"November 7, 2002",Math,449,0,I found the writing style to be quite beautiful.
"He Wanted the Moon: The Madness and Medical Genius of Dr. Perry Baird, and His Daughter's Quest to Know Him",9780804137478,"Mimi Baird,Eve Claxton",,"February 17, 2015",Computer-Science,425,0,I couldn't put it down!
Alice’s Adventures in Wonderland / Through the Looking-Glass,9780393048476,"Lewis Carroll,Martin Gardner,John Tenniel",4.0,"December 27, 1871",Fantasy,349,0,
The Little SAS Book: A Primer,9781642953442,"Lora D. Delwiche,Susan J. Slaughter",4.0,"January 1, 1995",Computer-Science,106,1,The plot twists kept me guessing until the end.
Functional and Reactive Domain Modeling,9781617292248,Debasish Ghosh,4.0,"October 24, 2016",Computer-Science,471,0,This book really made me think about [a theme].
Mathematics and Humor,9780226650258,John Allen Paulos,3.0,"January 1, 1980",Math,3,0,I found the writing style to be quite beautiful.
Mathematics and Humor,9780226650258,John Allen Paulos,3.0,"January 1, 1980",Math,17,1,The plot twists kept me guessing until the end.
Prom,9780142405703,Laurie Halse Anderson,3.0,"March 3, 2005",Cars,238,1,The plot twists kept me guessing until the end.
"The Wild Life of Our Bodies: Predators, Parasites, and Partners That Shape Who We Are Today",9780061806483,Rob Dunn,4.0,"June 21, 2011",Math,242,0,This book really made me think about [a theme].
What Ukulele Players Really Want To Know,9781465816832,Barry Maz,,"January 18, 2011",Personal-Development,368,0,The plot twists kept me guessing until the end.
Miss Happiness and Miss Flower,9781405088565,"Rumer Godden,Jean Primrose",1.0,"March 1, 1961",Children,211,0,
Miss Happiness and Miss Flower,9781405088565,"Rumer Godden,Jean Primrose",4.0,"March 1, 1961",Children,306,0,The plot twists kept me guessing until the end.
Miss Happiness and Miss Flower,9781405088565,"Rumer Godden,Jean Primrose",4.0,"March 1, 1961",Children,340,1,
"Python Crash Course: A Hands-On, Project-Based Introduction to Programming",9781593276034,Eric Matthes,,"February 25, 2015",Computer-Science,142,1,
Anything But Ordinary,9781423163862,Lara Avery,4.0,"September 11, 2012",Cars,8,1,This book really made me think about [a theme].
Anything But Ordinary,9781423163862,Lara Avery,1.0,"September 11, 2012",Cars,281,0,This book really made me think about [a theme].
"The Absolute Sandman, Volume 1",9781401210823,"Neil Gaiman,Mike Dringenberg,Chris Bachalo,Michael Zulli,Kelly  Jones,Charles Vess,Colleen Doran,Malcolm Jones III,Steve Parkhouse,Daniel Vozzo,Lee Loughridge,Steve Oliff,Todd Klein,Dave McKean,Sam Kieth",5.0,"October 1, 1990",Comics,54,0,
Fatal Vision,9780451165664,Joe McGinniss,4.0,"January 1, 1983",History,226,1,
The Teeny-Tiny Woman (Paul Galdone Nursery Classic),9780899194639,Paul Galdone,,"September 17, 1984",Children,464,1,The pacing felt a bit off in the middle.
The Tenth Muse,9780062574060,Catherine Chung,4.0,"June 6, 2019",Math,266,0,I would recommend this to fans of [genre].
Arthur's Perfect Christmas,9780439381161,Marc Brown,2.0,"January 1, 2000",Math,192,0,The pacing felt a bit off in the middle.
The Magic School Bus in the Arctic: A Book About Heat,9780590187244,"Anne Schreiber,Art Ruiz,Joanna Cole,Bruce Degen",4.0,"January 28, 1998",Math,202,1,The ending left me wanting more.
Swallows and Amazons,9780224606318,Arthur Ransome,4.0,"January 1, 1930",Children,206,1,
Software Architecture Patterns,9781491924242,Mark   Richards,4.0,"February 1, 2015",Computer-Science,438,1,This book really made me think about [a theme].
"Rules of Engagement (Cyberevolution, #7)",9781603940245,Kaitlyn O&apos;Connor,4.0,"January 1, 2008",Biology,3,1,The ending left me wanting more.
"Rules of Engagement (Cyberevolution, #7)",9781603940245,Kaitlyn O&apos;Connor,,"January 1, 2008",Biology,70,1,I would recommend this to fans of [genre].
Glucose Revolution: The Life-Changing Power of Balancing Your Blood Sugar,9781982179410,Jessie Inchauspé,,"January 10, 2022",Personal-Development,211,1,The plot twists kept me guessing until the end.
"Realm of Racket: Learn to Program, One Game at a Time!",9781593274917,"Matthias Felleisen,David Van Horn,Conrad Barski,Northeastern University Students",4.0,"May 22, 2013",Computer-Science,253,0,The plot twists kept me guessing until the end.
Sir Cumference and All the King's Tens: A Math Adventure,9781570917288,"Cindy Neuschwander,Wayne Geehan",4.0,"January 1, 2009",Math,301,1,I couldn't put it down!
The Keeping Quilt,9780153052125,Patricia Polacco,4.0,"January 1, 1988",Children,52,1,Disappointing after all the hype.
The Keeping Quilt,9780153052125,Patricia Polacco,4.0,"January 1, 1988",Children,387,1,
"Passenger (Passenger, #1)",9781484715772,Alexandra Bracken,4.0,"January 5, 2016",Children,237,1,Disappointing after all the hype.
Edgar Allan Poe's Pie: Math Puzzlers in Classic Poems,9780547513386,"J. Patrick Lewis,Michael Slack",4.0,"April 3, 2012",Math,260,1,I found the writing style to be quite beautiful.
Battle Cry of Freedom: The Civil War Era,9780195168952,James M. McPherson,4.0,"February 25, 1988",History,217,1,The pacing felt a bit off in the middle.
Battle Cry of Freedom: The Civil War Era,9780195168952,James M. McPherson,4.0,"February 25, 1988",History,226,1,A quick and entertaining read.
"Thomas Jefferson's Battle for Science: Bias, Truth, and a Mighty Moose!",9781635926200,"Beth  Anderson,Jeremy  Holmes",4.0,"May 14, 2024",Math,18,0,
Women in Science: 50 Fearless Pioneers Who Changed the World,9781607749769,Rachel Ignotofsky,,"July 26, 2016",Personal-Development,245,0,A thought-provoking and insightful book.
Women in Science: 50 Fearless Pioneers Who Changed the World,9781607749769,Rachel Ignotofsky,4.0,"July 26, 2016",Personal-Development,408,1,I found the writing style to be quite beautiful.
"Mathematical Thought From Ancient to Modern Times, Volume 2",9780199840427,Morris Kline,4.0,"September 29, 1972",Math,115,0,I found the writing style to be quite beautiful.
"Mathematical Thought From Ancient to Modern Times, Volume 2",9780199840427,Morris Kline,4.0,"September 29, 1972",Math,373,1,The plot twists kept me guessing until the end.
Brother from a Box,9781442426580,"Evan Kuhlman,Iacopo Bruno",4.0,"May 1, 2012",Math,2,0,
The Unfortunates,9780330353298,"B.S. Johnson,Jonathan Coe",4.0,"January 1, 1969",Math,165,1,Disappointing after all the hype.
"Everything She Ever Wanted: A True Story of Obsessive Love, Murder, and Betrayal",9780671690717,Ann Rule,4.0,"December 1, 1992",nonfiction,194,0,The pacing felt a bit off in the middle.
Socialism Is Dead! Long Live Socialism!: The Marx Code—Socialism with a Human Face: (A New World Order),9781681819648,Todor Bombov,4.0,"January 9, 2017",Personal-Development,452,0,"Not what I expected, but in a good way!"
You Can Win : A Step by Step Tool for Top Achievers,9781904910039,Shiv Kehra,4.0,"January 1, 1998",Personal-Development,453,0,I would recommend this to fans of [genre].
Ghostopolis,9780545210287,Doug TenNapel,4.0,"July 1, 2010",Comics,56,0,A thought-provoking and insightful book.
Ghostopolis,9780545210287,Doug TenNapel,4.0,"July 1, 2010",Comics,372,1,The ending left me wanting more.
Linear Algebra: Step by Step,9780199654444,Kuldeep Singh,4.0,"January 1, 2013",Computer-Science,381,1,
AngularJS: Up and Running: Enhanced Productivity with Structured Web Apps,9781491901946,"Shyam Seshadri,Brad Green",4.0,"September 8, 2014",Computer-Science,299,0,The world-building in this fantasy novel is incredible.
"The Mortal Instruments Boxed Set: City of Bones; City of Ashes; City of Glass (The Mortal Instruments, #1-3)",9781416997856,Cassandra Clare,,"October 27, 2009",Fantasy,122,1,
"The Galaxy, and the Ground Within (Wayfarers, #4)",9780062936042,Becky  Chambers,4.0,"February 19, 2021",studio-ghibli,386,1,A captivating story with well-developed characters.
"The Galaxy, and the Ground Within (Wayfarers, #4)",9780062936042,Becky  Chambers,4.0,"February 19, 2021",studio-ghibli,403,0,The world-building in this fantasy novel is incredible.
"Danny Dunn and the Homework Machine (Danny Dunn, #3)",9780070705203,"Jay Williams,Raymond Abrashkin",4.0,"January 1, 1958",Computer-Science,246,1,This book really made me think about [a theme].
"Danny Dunn and the Homework Machine (Danny Dunn, #3)",9780070705203,"Jay Williams,Raymond Abrashkin",4.0,"January 1, 1958",Computer-Science,442,0,I found the writing style to be quite beautiful.
Effective Programming: More Than Writing Code,978-1478300540,Jeff Atwood,,"July 4, 2012",Computer-Science,302,1,I would recommend this to fans of [genre].
American Kingpin: The Epic Hunt for the Criminal Mastermind Behind the Silk Road,9781591848141,Nick Bilton,4.0,"May 2, 2017",Children,472,0,I would recommend this to fans of [genre].
"Flying Witch, Vol. 1",9781945054099,"Chihiro Ishizuka,Melissa Tanaka",4.0,"December 9, 2013",studio-ghibli,485,1,I couldn't put it down!
"The Golden Ratio: The Story of Phi, the World's Most Astonishing Number",9780767908160,Mario Livio,4.0,"January 1, 2002",Math,284,1,I found the writing style to be quite beautiful.
"Wild Ones: A Sometimes Dismaying, Weirdly Reassuring Story About Looking at People Looking at Animals in America",9781594204425,Jon Mooallem,4.0,"May 16, 2013",Math,94,1,The pacing felt a bit off in the middle.
"Wild Ones: A Sometimes Dismaying, Weirdly Reassuring Story About Looking at People Looking at Animals in America",9781594204425,Jon Mooallem,4.0,"May 16, 2013",Math,99,1,A quick and entertaining read.
"Birth of a Killer (The Saga of Larten Crepsley, #1)",9780316078634,Darren Shan,1.0,"September 1, 2010",Children,500,0,I would recommend this to fans of [genre].
The Drunkard's Walk: How Randomness Rules Our Lives,9780307377548,"Leonard Mlodinow,Sean Pratt",,"May 13, 2008",Math,213,1,A captivating story with well-developed characters.
The Drunkard's Walk: How Randomness Rules Our Lives,9780307377548,"Leonard Mlodinow,Sean Pratt",,"May 13, 2008",Math,426,1,Disappointing after all the hype.
What Game Are You Playing?: A Framework for Redefining Success and Achieving What Matters Most,9781626346543,Robin Moriarty,4.0,"September 10, 2019",Personal-Development,440,1,A thought-provoking and insightful book.
Thomas' Calculus: Early Transcendentals,9780134439020,"Joel Hass,Christopher Heil,Maurice Weir",4.0,"November 8, 2001",Math,133,1,
Thomas' Calculus: Early Transcendentals,9780134439020,"Joel Hass,Christopher Heil,Maurice Weir",4.0,"November 8, 2001",Math,443,0,"Not what I expected, but in a good way!"
The Coma,9781573222730,Alex Garland,,"June 17, 2004",nonfiction,259,1,I would recommend this to fans of [genre].
Granfa' Grig Had a Pig and Other Rhymes Without Reason from Mother Goose,9780316852821,"Mother Goose,Wallace Tripp",4.0,"January 1, 1976",Children,76,0,
"The Fire Within (The Last Dragon Chronicles, #1)",9780439672443,Chris d&apos;Lacey,4.0,"September 27, 2001",Children,116,0,This book really made me think about [a theme].
"The Fire Within (The Last Dragon Chronicles, #1)",9780439672443,Chris d&apos;Lacey,4.0,"September 27, 2001",Children,135,1,A quick and entertaining read.
"The Fire Within (The Last Dragon Chronicles, #1)",9780439672443,Chris d&apos;Lacey,4.0,"September 27, 2001",Children,330,0,The ending left me wanting more.
Cassandra,9780374519049,"Christa Wolf,Jan van Heurck",4.0,"January 1, 1983",Children,356,1,
The Same and Not the Same,9780231101394,Roald Hoffmann,4.0,"January 1, 1995",Computer-Science,190,1,A captivating story with well-developed characters.
The Same and Not the Same,9780231101394,Roald Hoffmann,4.0,"January 1, 1995",Computer-Science,260,1,The pacing felt a bit off in the middle.
The Same and Not the Same,9780231101394,Roald Hoffmann,4.0,"January 1, 1995",Computer-Science,278,1,This book really made me think about [a theme].
The Same and Not the Same,9780231101394,Roald Hoffmann,4.0,"January 1, 1995",Computer-Science,359,1,
Patterns of Enterprise Application Architecture,9780321127426,Martin Fowler,4.0,"November 5, 2002",Computer-Science,192,1,The world-building in this fantasy novel is incredible.
"Queen of Shadows (Throne of Glass, #4)",9781619636040,Sarah J. Maas,5.0,"September 1, 2015",Fantasy,89,0,A thought-provoking and insightful book.
A New Kind of Science,9781579550080,Stephen Wolfram,4.0,"May 14, 2002",Computer-Science,421,1,The ending left me wanting more.
Dead Wake: The Last Crossing of the Lusitania,9780307408860,Erik Larson,4.0,"January 1, 2015",Personal-Development,117,1,A classic for a reason. Highly enjoyable.
Jacquard's Web: How a Hand-Loom Led to the Birth of the Information Age,9780192805775,James Essinger,4.0,"October 28, 2004",Math,149,0,"Not what I expected, but in a good way!"
"Wizard's First Rule (Sword of Truth, #1)",9780765346520,Terry Goodkind,4.0,"August 15, 1994",Fantasy,150,1,The plot twists kept me guessing until the end.
"Wizard's First Rule (Sword of Truth, #1)",9780765346520,Terry Goodkind,2.0,"August 15, 1994",Fantasy,434,0,I struggled to connect with the main character.
"Little Brother (Little Brother, #1)",9780765319852,Cory Doctorow,4.0,"April 29, 2008",Children,63,1,
Super Scratch Programming Adventure! (Covers Version 2): Learn to Program by Making Cool Games (Covers Version 2),9781593275310,The LEAD Project,,"September 22, 2013",Computer-Science,50,0,
Super Scratch Programming Adventure! (Covers Version 2): Learn to Program by Making Cool Games (Covers Version 2),9781593275310,The LEAD Project,,"September 22, 2013",Computer-Science,126,1,The pacing felt a bit off in the middle.
Super Scratch Programming Adventure! (Covers Version 2): Learn to Program by Making Cool Games (Covers Version 2),9781593275310,The LEAD Project,4.0,"September 22, 2013",Computer-Science,202,0,
Extreme Ownership: How U.S. Navy SEALs Lead and Win,9781250067050,"Jocko Willink,Leif Babin",4.0,"October 20, 2015",Personal-Development,355,1,I found the writing style to be quite beautiful.
Vanished Kingdoms: The History of Half-Forgotten Europe,9780141048864,Norman Davies,4.0,"September 1, 2011",Biology,289,1,A captivating story with well-developed characters.
"Bird & Squirrel on the Run (Bird & Squirrel, #1)",9780545312837,James Burks,4.0,"August 1, 2012",Children,30,1,A quick and entertaining read.
"Bird & Squirrel on the Run (Bird & Squirrel, #1)",9780545312837,James Burks,4.0,"August 1, 2012",Children,174,1,A thought-provoking and insightful book.
She’s Come Undone,9780671021009,Wally Lamb,4.0,"August 24, 1992",History,214,1,The plot twists kept me guessing until the end.
She’s Come Undone,9780671021009,Wally Lamb,4.0,"August 24, 1992",History,492,0,
Klara and the Sun,9780593318171,Kazuo Ishiguro,,"March 2, 2021",Technology,95,1,The world-building in this fantasy novel is incredible.
Klara and the Sun,9780593318171,Kazuo Ishiguro,4.0,"March 2, 2021",Technology,273,0,The world-building in this fantasy novel is incredible.
Klara and the Sun,9780593318171,Kazuo Ishiguro,3.0,"March 2, 2021",Technology,431,0,The pacing felt a bit off in the middle.
"The Battle of Corrin (Legends of Dune, #3)",9780765340795,"Brian Herbert,Kevin J. Anderson",4.0,"August 11, 2004",Math,125,1,I struggled to connect with the main character.
"The Girl Who Circumnavigated Fairyland in a Ship of Her Own Making (Fairyland, #1)",9780312649616,Catherynne M. Valente,4.0,"May 10, 2011",Children,379,1,I struggled to connect with the main character.
Oh Say Can You Say?,9780007175222,Dr. Seuss,4.0,"January 1, 1979",Children,363,0,A captivating story with well-developed characters.
"Addy Learns a Lesson: A School Story (American Girls: Addy, #2)",9781562470777,Connie Rose Porter,4.0,"January 1, 1993",Children,483,1,I struggled to connect with the main character.
"Where She Went (If I Stay, #2)",9780525422945,Gayle Forman,,"April 5, 2011",Cars,234,1,Disappointing after all the hype.
"Where She Went (If I Stay, #2)",9780525422945,Gayle Forman,4.0,"April 5, 2011",Cars,463,0,
Viral: The Search for the Origin of Covid-19,9780008487492,"Alina Chan,Matt Ridley",2.0,"November 16, 2021",Computer-Science,321,0,A quick and entertaining read.
Viral: The Search for the Origin of Covid-19,9780008487492,"Alina Chan,Matt Ridley",4.0,"November 16, 2021",Computer-Science,474,1,A captivating story with well-developed characters.
Remember: The Science of Memory and the Art of Forgetting,9780593137956,Lisa Genova,4.0,"March 23, 2021",Math,473,0,This book really made me think about [a theme].
"Avatar: The Last Airbender - The Promise, Part 1 (The Promise, #1)",9781595828118,"Gene Luen Yang,Bryan Konietzko,Michael Dante DiMartino,Gurihiru",4.0,"January 25, 2012",Comics,41,1,"Not what I expected, but in a good way!"
Deadline,9780060850890,Chris Crutcher,4.0,"September 1, 2007",Math,277,1,I struggled to connect with the main character.
Deadline,9780060850890,Chris Crutcher,4.0,"September 1, 2007",Math,495,1,This book really made me think about [a theme].
Catch-22,9780684833392,Joseph Heller,4.0,"November 10, 1961",Technology,189,0,A quick and entertaining read.
Essentials of Programming Languages,9780262062176,"Daniel P. Friedman,Mitchell Wand,Christopher T. Haynes",4.0,"January 7, 1992",Computer-Science,363,0,I would recommend this to fans of [genre].
Easter Island,9780385336741,Jennifer Vanderbes,4.0,"January 1, 2003",Computer-Science,13,0,"Not what I expected, but in a good way!"
Easter Island,9780385336741,Jennifer Vanderbes,4.0,"January 1, 2003",Computer-Science,54,1,The plot twists kept me guessing until the end.
Easter Island,9780385336741,Jennifer Vanderbes,4.0,"January 1, 2003",Computer-Science,74,1,A quick and entertaining read.
Easter Island,9780385336741,Jennifer Vanderbes,4.0,"January 1, 2003",Computer-Science,313,1,The pacing felt a bit off in the middle.
"APE: Author, Publisher, Entrepreneur. How to Publish a Book",978-0-9885231-1,"Guy Kawasaki,Shawn Welch",4.0,"December 4, 2012",Computer-Science,160,1,The ending left me wanting more.
Cracking the Coding Interview: 189 Programming Questions and Solutions (Cracking the Interview & Career),9780984782857,Gayle Laakmann McDowell,4.0,"October 14, 2008",Computer-Science,275,1,I struggled to connect with the main character.
"So Much to Tell You (So Much to Tell You, #1)",9781844289462,John Marsden,,"January 1, 1987",Children,71,1,A quick and entertaining read.
The Principles of Mathematics,9780393314045,Bertrand Russell,2.0,"January 1, 1903",Math,182,0,The pacing felt a bit off in the middle.
"Wings: A Fairy Tale (Fairy Wings, #1)",9781599901930,E.D. Baker,4.0,"May 1, 2008",Children,378,1,I found the writing style to be quite beautiful.
April 1865: The Month That Saved America,9780060899684,Jay Winik,4.0,"March 20, 2001",History,202,0,The plot twists kept me guessing until the end.
The Plant Hunter: A Scientist's Quest for Nature's Next Medicines,9781984879134,Cassandra Leah Quave,4.0,"October 19, 2021",Math,74,1,"Not what I expected, but in a good way!"
The Plant Hunter: A Scientist's Quest for Nature's Next Medicines,9781984879134,Cassandra Leah Quave,4.0,"October 19, 2021",Math,254,0,A classic for a reason. Highly enjoyable.
Knight of a Trillion Stars (Matrix of Destiny #1),9780505522658,Dara Joy,4.0,"December 31, 1995",Biology,141,1,The pacing felt a bit off in the middle.
The Cat at the Wall,9781554984916,Deborah Ellis,4.0,"September 1, 2014",Children,393,0,A thought-provoking and insightful book.
"The Purloined Letter (C. Auguste Dupin, #3)",9780886820619,Edgar Allan Poe,4.0,"December 1, 1844",Math,109,0,"Not what I expected, but in a good way!"
"Quarantine Life from Cholera to COVID-19: What Pandemics Teach Us About Parenting, Work, Life, and Communities from the 1700s to Today",9781982172466,Kari Nixon,,"June 15, 2021",Computer-Science,173,0,A quick and entertaining read.
A New Index for Predicting Catastrophes,9780771006982,Madhur Anand,4.0,"April 14, 2015",Math,79,0,I found the writing style to be quite beautiful.
A New Index for Predicting Catastrophes,9780771006982,Madhur Anand,4.0,"April 14, 2015",Math,239,0,
Pedagogy of the Oppressed,9780826412768,"Paulo Freire,Myra Bergman Ramos,Donaldo Macedo",,"January 1, 1968",Economics,102,0,"Not what I expected, but in a good way!"
Pedagogy of the Oppressed,9780826412768,"Paulo Freire,Myra Bergman Ramos,Donaldo Macedo",2.0,"January 1, 1968",Economics,308,0,I struggled to connect with the main character.
Warped,9780385738910,Maurissa Guibord,4.0,"January 11, 2011",Children,450,1,I struggled to connect with the main character.
Seth Speaks: The Eternal Validity of the Soul,9781934408353,"Jane Roberts,Seth (Spirit),Robert F. Butts",4.0,"January 1, 1972",Personal-Development,420,0,A thought-provoking and insightful book.
"Batman: Hush, Vol. 1",9781401200602,"Jeph Loeb,Jim Lee,Scott  Williams",4.0,"January 1, 2002",Comics,330,1,"Not what I expected, but in a good way!"
Mathematical Analysis,9780521091893,"Tom M. Apostol,Lynn Harold Loomis",4.0,"January 1, 1957",Computer-Science,447,1,A classic for a reason. Highly enjoyable.
"Pink & Green Is the New Black (Pink & Green, #3)",9781419712258,Lisa Greenwald,4.0,"October 7, 2014",Children,268,1,
"Pink & Green Is the New Black (Pink & Green, #3)",9781419712258,Lisa Greenwald,4.0,"October 7, 2014",Children,292,1,I couldn't put it down!
"The Promised Neverland, Vol. 1",9781421597126,"Kaiu Shirai,Posuka Demizu",4.0,"December 2, 2016",studio-ghibli,176,1,I struggled to connect with the main character.
"The Promised Neverland, Vol. 1",9781421597126,"Kaiu Shirai,Posuka Demizu",4.0,"December 2, 2016",studio-ghibli,197,1,"Not what I expected, but in a good way!"
"City of Golden Shadow (Otherland, #1)",9780886777630,Tad Williams,3.0,"December 5, 1996",Children,337,0,Disappointing after all the hype.
Bad Blood: Secrets and Lies in a Silicon Valley Startup,9781524731656,John Carreyrou,4.0,"May 21, 2018",Personal-Development,270,1,A quick and entertaining read.
"The Whole Truth (A. Shaw, #1)",9780446195973,David Baldacci,,"April 22, 2008",Children,335,0,A captivating story with well-developed characters.
Heidi,9780764524561,"Johanna Spyri,Eva Ibbotson,Cecil Leslie",4.0,"January 1, 1880",Children,309,0,The ending left me wanting more.
"Papa, Please Get the Moon for Me",9780887081774,Eric Carle,4.0,"September 26, 1986",Children,443,1,The pacing felt a bit off in the middle.
Far From the Madding Crowd,9780497253219,"Thomas Hardy,Rosemarie Morgan,Shannon Russell",4.0,"January 1, 1874",Children,169,1,The plot twists kept me guessing until the end.
Far From the Madding Crowd,9780497253219,"Thomas Hardy,Rosemarie Morgan,Shannon Russell",4.0,"January 1, 1874",Children,344,1,This book really made me think about [a theme].
The Reckoning,9780380721474,David Halberstam,4.0,"January 1, 1986",Technology,327,1,The plot twists kept me guessing until the end.
Batman: Haunted Knight,9781563892738,"Jeph Loeb,Tim Sale",4.0,"September 1, 1996",Comics,151,0,
Batman: Haunted Knight,9781563892738,"Jeph Loeb,Tim Sale",4.0,"September 1, 1996",Comics,179,1,A classic for a reason. Highly enjoyable.
Batman: Haunted Knight,9781563892738,"Jeph Loeb,Tim Sale",4.0,"September 1, 1996",Comics,299,0,A captivating story with well-developed characters.
"Zen Mind, Beginner's Mind: Informal Talks on Zen Meditation and Practice",9780834800793,"Shunryu Suzuki,Trudy Dixon,Huston Smith,Richard Baker",4.0,"June 1, 1970",Personal-Development,437,1,A captivating story with well-developed characters.
Sarah's Key,9780312370831,Tatiana de Rosnay,4.0,"September 1, 2006",Children,412,1,"Not what I expected, but in a good way!"
Sarah's Key,9780312370831,Tatiana de Rosnay,4.0,"September 1, 2006",Children,458,0,
"Shape: The Hidden Geometry of Information, Biology, Strategy, Democracy, and EverythingElse",9781984879066,Jordan Ellenberg,4.0,"May 25, 2021",Math,59,0,I struggled to connect with the main character.
Maximum Confidence: Ten Secrets of Extreme Self-Esteem,9780743570015,Jack Canfield,4.0,"August 14, 2007",Personal-Development,101,1,The pacing felt a bit off in the middle.
"Shipwreck Island (Shipwreck Island, #1)",9781250027771,S.A. Bodeen,,"July 29, 2014",Children,113,0,A captivating story with well-developed characters.
"Shipwreck Island (Shipwreck Island, #1)",9781250027771,S.A. Bodeen,,"July 29, 2014",Children,325,0,The pacing felt a bit off in the middle.
"Shipwreck Island (Shipwreck Island, #1)",9781250027771,S.A. Bodeen,,"July 29, 2014",Children,414,1,The pacing felt a bit off in the middle.
My Even Day (Arbordale Collection),9780977742332,"Doris Fisher,Dani Sneed,Karen Lee",4.0,"September 10, 2007",Math,210,0,A classic for a reason. Highly enjoyable.
Over in the Meadow,9780140565089,"Olive A. Wadsworth,Ezra Jack Keats",4.0,"January 1, 1971",Children,385,1,A captivating story with well-developed characters.
Sharp Objects,9780297851530,Gillian Flynn,4.0,"September 26, 2006",History,93,1,Disappointing after all the hype.
"Same Kind of Different as Me: A Modern-Day Slave, an International Art Dealer, and the Unlikely Woman Who Bound Them Together",9780849900419,"Ron Hall,Denver Moore,Lynn Vincent",4.0,"January 1, 2006",Personal-Development,242,1,The pacing felt a bit off in the middle.
"18 Minutes: Find Your Focus, Master Distraction, and Get the Right Things Done",9780446583411,Peter Bregman,4.0,"January 1, 2011",Personal-Development,170,0,A classic for a reason. Highly enjoyable.
"18 Minutes: Find Your Focus, Master Distraction, and Get the Right Things Done",9780446583411,Peter Bregman,4.0,"January 1, 2011",Personal-Development,296,1,I struggled to connect with the main character.
The Buckskin Line (Texas Rangers),9780812540208,Elmer Kelton,4.0,"July 30, 1999",Math,401,1,A quick and entertaining read.
"The Council of Mirrors (The Sisters Grimm, #9)",9781419701863,"Michael Buckley,Peter Ferguson",,"April 24, 2012",Children,33,0,The plot twists kept me guessing until the end.
"Nausicaä of the Valley of the Wind, Vol. 7",9781591163558,Hayao Miyazaki,5.0,"January 15, 1995",studio-ghibli,148,0,A quick and entertaining read.
"Nausicaä of the Valley of the Wind, Vol. 7",9781591163558,Hayao Miyazaki,5.0,"January 15, 1995",studio-ghibli,160,0,A classic for a reason. Highly enjoyable.
"Attack of the Deranged Mutant Killer Monster Snow Goons (Calvin and Hobbes, #7)",9781417642168,Bill Watterson,5.0,"January 1, 1992",Comics,337,0,The world-building in this fantasy novel is incredible.
Complexity: A Guided Tour,9780199798100,Melanie  Mitchell,4.0,"March 2, 2009",Computer-Science,108,1,
Churchill: A Life,9780805023961,Martin  Gilbert,4.0,"November 1, 1991",History,481,0,"Not what I expected, but in a good way!"
"Nana, Vol. 1",9781421501086,Ai Yazawa,1.0,"May 15, 2000",Comics,285,0,I struggled to connect with the main character.
Get Your Life Back: Everyday Practices for a World Gone Mad,9781400208678,John Eldredge,4.0,"February 11, 2020",Personal-Development,13,0,A thought-provoking and insightful book.
Get Your Life Back: Everyday Practices for a World Gone Mad,9781400208678,John Eldredge,4.0,"February 11, 2020",Personal-Development,47,0,The world-building in this fantasy novel is incredible.
Get Your Life Back: Everyday Practices for a World Gone Mad,9781400208678,John Eldredge,4.0,"February 11, 2020",Personal-Development,229,1,I found the writing style to be quite beautiful.
Get Your Life Back: Everyday Practices for a World Gone Mad,9781400208678,John Eldredge,4.0,"February 11, 2020",Personal-Development,311,1,A thought-provoking and insightful book.
Gut: The Inside Story of Our Body's Most Underrated Organ,9781771641494,"Giulia Enders,Jill Enders",4.0,"February 28, 2014",Personal-Development,46,1,A classic for a reason. Highly enjoyable.
Gut: The Inside Story of Our Body's Most Underrated Organ,9781771641494,"Giulia Enders,Jill Enders",4.0,"February 28, 2014",Personal-Development,294,1,"Not what I expected, but in a good way!"
Gut: The Inside Story of Our Body's Most Underrated Organ,9781771641494,"Giulia Enders,Jill Enders",4.0,"February 28, 2014",Personal-Development,481,0,I struggled to connect with the main character.
On the Line,9780373830213,"Donna Hill,Vincent Alexandria,L.A. Banks",4.0,"December 1, 2007",Math,368,1,The ending left me wanting more.
Dopamine Nation: Finding Balance in the Age of Indulgence,9781524746735,Anna Lembke,,"June 1, 2021",Personal-Development,292,0,
Starman Jones,9780345328113,Robert A. Heinlein,4.0,"January 1, 1953",Math,50,1,
Wiseguy,9780671723224,Nicholas Pileggi,,"January 1, 1985",nonfiction,304,1,The ending left me wanting more.
Wiseguy,9780671723224,Nicholas Pileggi,4.0,"January 1, 1985",nonfiction,349,1,A captivating story with well-developed characters.
The End of Everything (Astrophysically Speaking),9781982103545,Katie  Mack,,"August 4, 2020",Computer-Science,449,1,The world-building in this fantasy novel is incredible.
Ladies of the Field: Early Women Archaeologists and Their Search for Adventure,9781553654339,Amanda Adams,4.0,"January 1, 2010",Computer-Science,453,1,
The Artifact,9783035615159,David Collins,4.0,"August 23, 2024",Children,217,0,Disappointing after all the hype.
Dewey: The Small-Town Library Cat Who Touched the World,9780446407410,"Vicki Myron,Bret Witter",4.0,"September 24, 2008",Personal-Development,453,0,A quick and entertaining read.
Codependent No More: How to Stop Controlling Others and Start Caring for Yourself,9780894864025,Melody Beattie,4.0,"January 1, 1986",Personal-Development,192,0,
Codependent No More: How to Stop Controlling Others and Start Caring for Yourself,9780894864025,Melody Beattie,4.0,"January 1, 1986",Personal-Development,361,0,A classic for a reason. Highly enjoyable.
On the Couch,9780425215104,Lorraine Bracco,,"June 6, 2006",nonfiction,80,0,The plot twists kept me guessing until the end.
"Ender's Shadow (The Shadow Series, #1)",9780765342409,Orson Scott Card,4.0,"October 1, 1999",Fantasy,223,1,I couldn't put it down!
"Ender's Shadow (The Shadow Series, #1)",9780765342409,Orson Scott Card,4.0,"October 1, 1999",Fantasy,276,1,A thought-provoking and insightful book.
"Moonstruck, Vol. 1: Magic to Brew (Moonstruck, #1)",9781534304772,"Grace Ellis,Shae Beagle,Kate Leth",4.0,"February 14, 2018",Comics,200,1,"Not what I expected, but in a good way!"
"Hellboy, Vol. 1: Seed of Destruction",9781593070946,Mike Mignola,4.0,"June 1, 1994",Comics,179,1,A thought-provoking and insightful book.
"City of Bones (The Mortal Instruments, #1)",9781416914280,Cassandra Clare,4.0,"March 27, 2007",Children,129,1,A classic for a reason. Highly enjoyable.
Ups and Downs: A Book About Floating and Sinking (The Magic School Bus),9780590921589,"Joanna Cole,Nancy Stevenson",4.0,"January 1, 1997",Math,97,0,A captivating story with well-developed characters.
Ups and Downs: A Book About Floating and Sinking (The Magic School Bus),9780590921589,"Joanna Cole,Nancy Stevenson",4.0,"January 1, 1997",Math,498,1,A thought-provoking and insightful book.
"Everlost (The Skinjacker Trilogy, #1)",9780689872372,Neal Shusterman,4.0,"October 1, 2006",Cars,247,1,A captivating story with well-developed characters.
"Everlost (The Skinjacker Trilogy, #1)",9780689872372,Neal Shusterman,4.0,"October 1, 2006",Cars,251,0,A captivating story with well-developed characters.
"Everlost (The Skinjacker Trilogy, #1)",9780689872372,Neal Shusterman,,"October 1, 2006",Cars,293,0,A quick and entertaining read.
"Everlost (The Skinjacker Trilogy, #1)",9780689872372,Neal Shusterman,4.0,"October 1, 2006",Cars,402,1,The pacing felt a bit off in the middle.
Schaum's Outline of General Topology,9780070379886,Seymour Lipschutz,4.0,"January 1, 1965",Math,127,1,This book really made me think about [a theme].
Schaum's Outline of General Topology,9780070379886,Seymour Lipschutz,4.0,"January 1, 1965",Math,187,1,The ending left me wanting more.
Schaum's Outline of General Topology,9780070379886,Seymour Lipschutz,4.0,"January 1, 1965",Math,208,1,The world-building in this fantasy novel is incredible.
"Tonight on the Titanic (Magic Tree House, #17)",9780679890638,"Mary Pope Osborne,Salvatore Murdocca",4.0,"February 20, 1999",Math,35,1,This book really made me think about [a theme].
"Tonight on the Titanic (Magic Tree House, #17)",9780679890638,"Mary Pope Osborne,Salvatore Murdocca",4.0,"February 20, 1999",Math,477,1,I found the writing style to be quite beautiful.
The Happiness of Pursuit: Finding the Quest That Will Bring Purpose to Your Life,9780385348843,Chris Guillebeau,,"September 9, 2014",Personal-Development,130,1,A captivating story with well-developed characters.
The Happiness of Pursuit: Finding the Quest That Will Bring Purpose to Your Life,9780385348843,Chris Guillebeau,,"September 9, 2014",Personal-Development,217,0,A quick and entertaining read.
"Only Good Enemies (Galactic Bonds, #2)",9781950076208,Jennifer Estep,4.0,"July 18, 2023",Children,112,1,Disappointing after all the hype.
"Only Good Enemies (Galactic Bonds, #2)",9781950076208,Jennifer Estep,4.0,"July 18, 2023",Children,239,1,
"Only Good Enemies (Galactic Bonds, #2)",9781950076208,Jennifer Estep,4.0,"July 18, 2023",Children,333,0,I struggled to connect with the main character.
The Devil's Arithmetic,9780142401095,Jane Yolen,4.0,"October 1, 1988",Math,107,1,This book really made me think about [a theme].
The Devil's Arithmetic,9780142401095,Jane Yolen,1.0,"October 1, 1988",Math,108,0,A quick and entertaining read.
Swipe to Unlock: The Primer on Technology and Business Strategy,9781976182198,"Parth Detroja,Neel Mehta,Aditya Agashe",4.0,"September 1, 2017",Personal-Development,95,1,A classic for a reason. Highly enjoyable.
The Developer's Code: What Real Programmers Do,9781934356791,Ka Wai Cheung,3.0,"February 1, 2012",Computer-Science,377,0,I would recommend this to fans of [genre].
The Developer's Code: What Real Programmers Do,9781934356791,Ka Wai Cheung,3.0,"February 1, 2012",Computer-Science,483,0,"Not what I expected, but in a good way!"
Don't Eat the Marshmallow Yet! The Secret to Sweet Success in Work and Life,9780425205457,"Joachim de Posada,Ellen Singer",4.0,"September 6, 2005",Personal-Development,42,1,A thought-provoking and insightful book.
Don't Eat the Marshmallow Yet! The Secret to Sweet Success in Work and Life,9780425205457,"Joachim de Posada,Ellen Singer",4.0,"September 6, 2005",Personal-Development,417,0,The world-building in this fantasy novel is incredible.
Algorithms,9780321573513,"Robert Sedgewick,Kevin Wayne",4.0,"January 1, 1983",Math,76,1,I couldn't put it down!
Algorithms,9780321573513,"Robert Sedgewick,Kevin Wayne",4.0,"January 1, 1983",Math,291,1,This book really made me think about [a theme].
Wreck You (Trade Me),9781925448399,Randi Perrin,,"September 27, 2016",Cars,14,1,
Wreck You (Trade Me),9781925448399,Randi Perrin,4.0,"September 27, 2016",Cars,84,0,A quick and entertaining read.
"The Boxcar Children (The Boxcar Children, #1)",9780807508527,"Gertrude Chandler Warner,L. Kate Deal",4.0,"February 6, 1924",Children,167,1,A captivating story with well-developed characters.
The Frozen River,9780385546874,Ariel Lawhon,4.0,"December 5, 2023",Math,176,1,A thought-provoking and insightful book.
The Art of the Infinite: The Pleasures of Mathematics,9780195147438,"Robert M.  Kaplan,Ellen Kaplan",2.0,"January 1, 1980",Math,147,0,I couldn't put it down!
A Cancer Prevention Guide for the Human Race,9781608446919,Robert A. Wascher,,"September 7, 2010",Personal-Development,131,1,A quick and entertaining read.
"The Zodiac Legacy: Convergence (Zodiac Legacy, #1)",9781423180852,"Stan Lee,Stuart Moore,Andie Tong",4.0,"August 26, 2015",Children,472,0,A thought-provoking and insightful book.
Be Here Now,9780517543054,Ram Dass,4.0,"January 1, 1971",Personal-Development,301,1,A thought-provoking and insightful book.
Be Here Now,9780517543054,Ram Dass,4.0,"January 1, 1971",Personal-Development,406,0,The pacing felt a bit off in the middle.
"Database Systems: Design, Implementation, & Management",9781337627900,Carlos M. Coronel,,"January 1, 2018",Computer-Science,362,0,I found the writing style to be quite beautiful.
The Tapping Solution: A Revolutionaly System for Stress-Free Living,9781401939410,Nick Ortner,4.0,"April 1, 2013",Personal-Development,143,1,A thought-provoking and insightful book.
The Tapping Solution: A Revolutionaly System for Stress-Free Living,9781401939410,Nick Ortner,3.0,"April 1, 2013",Personal-Development,261,0,The pacing felt a bit off in the middle.
Unstressable: A Practical Guide to Stress-Free Living,9781250319760,"Mo Gawdat,Alice Law",4.0,"April 30, 2024",Personal-Development,453,1,I would recommend this to fans of [genre].
"Slathbog's Gold (Adventurers Wanted, #1)",9781606410295,M.L. Forman,4.0,"February 1, 2009",Children,327,0,
"A College of Magics (A College of Magics, #1)",9780765342454,Caroline Stevermer,,"March 1, 1994",Children,284,1,A classic for a reason. Highly enjoyable.
"Be a Sales Superstar: 21 Great Ways to Sell More, Faster, Easier in Tough Markets",9781576752739,Brian Tracy,,"April 1, 1902",Personal-Development,19,0,
Learned by Heart,9780316564434,Emma Donoghue,4.0,"August 29, 2023",Children,455,1,A thought-provoking and insightful book.
"Maya of the In-between (Maya Rising, #1)",9781393451914,Sita Bennett,4.0,"July 1, 2021",Personal-Development,94,0,A thought-provoking and insightful book.
"Infinity (Chronicles of Nick, #1)",9780312599072,Sherrilyn Kenyon,4.0,"May 25, 2010",Children,158,1,I would recommend this to fans of [genre].
"Infinity (Chronicles of Nick, #1)",9780312599072,Sherrilyn Kenyon,4.0,"May 25, 2010",Children,200,1,The pacing felt a bit off in the middle.
The Art of Computer Programming: Volume 3: Sorting and Searching,0785342896855,Donald Ervin Knuth,4.0,"January 1, 1973",Computer-Science,241,0,A classic for a reason. Highly enjoyable.
The Art of Computer Programming: Volume 3: Sorting and Searching,0785342896855,Donald Ervin Knuth,4.0,"January 1, 1973",Computer-Science,290,1,I found the writing style to be quite beautiful.
The Story of Snow: The Science of Winter's Wonder,9780811868662,Mark Cassino,4.0,"October 7, 2009",Math,475,0,
Dangerous Dimensions: Mind-Bending Tales of the Mathematical Weird (Tales of the Weird),9780712353687,Henry Bartholomew,4.0,"January 21, 2021",Math,68,0,
A Book of Abstract Algebra,9780486474175,Charles C. Pinter,4.0,"March 1, 1982",Math,137,1,I would recommend this to fans of [genre].
The Blindspots Between Us: How to Overcome Unconscious Cognitive Bias and Build Better Relationships,9781684035083,"Gleb Tsipursky,David McRaney",,"April 1, 2020",Personal-Development,4,0,
The Fantastic Laboratory of Dr. Weigl: How Two Brave Scientists Battled Typhus and Sabotaged the Nazis,9780393351040,Arthur Allen,4.0,"July 21, 2014",Math,490,1,I would recommend this to fans of [genre].
Front Lines (Front Lines #1),9780062342171,Michael  Grant,4.0,"January 26, 2016",Math,130,1,This book really made me think about [a theme].
The Society of Mind,9780671657130,Marvin Minsky,4.0,"January 1, 1985",Computer-Science,457,1,The pacing felt a bit off in the middle.
The Book of Barely Imagined Beings: A 21st Century Bestiary,9781847081728,"Caspar Henderson,Golbanou Moghaddas",2.0,"October 4, 2012",Math,459,0,A classic for a reason. Highly enjoyable.
"Heir of Fire (Throne of Glass, #3)",9781619630659,Sarah J. Maas,4.0,"September 2, 2014",Fantasy,88,0,A captivating story with well-developed characters.
"Heir of Fire (Throne of Glass, #3)",9781619630659,Sarah J. Maas,4.0,"September 2, 2014",Fantasy,233,1,This book really made me think about [a theme].
Software Estimation: Demystifying the Black Art,9780735605350,Steve McConnell,4.0,"January 1, 2006",Computer-Science,498,0,I would recommend this to fans of [genre].
The Last Astronaut,9780356512297,David Wellington,4.0,"July 23, 2019",Biology,51,0,A quick and entertaining read.
Reinventing Your Life: The Breakthrough Program to End Negative Behavior...and Feel Great Again,9780452272040,"Jeffrey E. E. Young,Janet S. Klosko,Aaron T. Beck",4.0,"May 1, 1993",Personal-Development,241,1,"Not what I expected, but in a good way!"
The New Better Off: Reinventing the American Dream,9781580055796,Courtney E. Martin,4.0,"September 13, 2016",Personal-Development,106,1,The pacing felt a bit off in the middle.
The New Better Off: Reinventing the American Dream,9781580055796,Courtney E. Martin,4.0,"September 13, 2016",Personal-Development,356,0,The ending left me wanting more.
"The Sweet Far Thing (Gemma Doyle, #3)",9780385730303,Libba Bray,4.0,"December 26, 2007",Children,105,0,I couldn't put it down!
"The Sweet Far Thing (Gemma Doyle, #3)",9780385730303,Libba Bray,4.0,"December 26, 2007",Children,120,0,The ending left me wanting more.
Marley and Me: Life and Love With the World’s Worst Dog,9780739461198,John Grogan,4.0,"January 1, 2005",Personal-Development,248,0,
The Last Stargazers: The Enduring Story of Astronomy's Vanishing Explorers,9781492681083,Emily M. Levesque,4.0,"August 4, 2020",Computer-Science,323,0,I would recommend this to fans of [genre].
"Night Comes to the Cretaceous: Comets, Craters, Controversy, and the Last Days of the Dinosaurs",9780156007030,James Lawrence Powell,,"September 1, 1999",Computer-Science,62,0,The ending left me wanting more.
"The Castle Mystery (The Boxcar Children, #36)",9780807510797,Gertrude Chandler Warner,4.0,"January 1, 1993",Math,120,1,A thought-provoking and insightful book.
"The Castle Mystery (The Boxcar Children, #36)",9780807510797,Gertrude Chandler Warner,4.0,"January 1, 1993",Math,280,0,
Domain-Driven Design Distilled,9780134434421,Vaughn Vernon,3.0,"May 23, 2016",Computer-Science,59,0,I found the writing style to be quite beautiful.
Domain-Driven Design Distilled,9780134434421,Vaughn Vernon,,"May 23, 2016",Computer-Science,334,1,Disappointing after all the hype.
The Beauty in Breaking,9780525537380,Michele Harper,,"July 7, 2020",Math,432,0,The ending left me wanting more.
The Gold Bug Variations,9780060975005,Richard Powers,4.0,"August 25, 1991",Math,288,1,A classic for a reason. Highly enjoyable.
The Power of Positive Thinking,9781416560616,Norman Vincent Peale,4.0,"October 1, 1952",Business,194,1,"Not what I expected, but in a good way!"
FDR Unmasked: 73 Years of Medical Cover-ups That Rewrote History,9789062993048,Steven Lomazow,4.0,"February 27, 2024",Personal-Development,452,0,A thought-provoking and insightful book.
"Christmas from Hell (Neighbor from Hell, #7)",9781310090110,R.L. Mathewson,4.0,"December 29, 2015",Children,307,0,A thought-provoking and insightful book.
Murach's MySQL,9781943872367,Joel Murach,4.0,"May 1, 2012",Computer-Science,378,0,I found the writing style to be quite beautiful.
Call Me Tuesday,9781621111672,Leigh Byrne,4.0,"February 15, 2012",Personal-Development,198,1,I struggled to connect with the main character.
Call Me Tuesday,9781621111672,Leigh Byrne,4.0,"February 15, 2012",Personal-Development,495,1,I found the writing style to be quite beautiful.
"Thrive: The Third Metric to Redefining Success and Creating a Life of Well-Being, Wisdom, and Wonder",9780804140843,Arianna Huffington,4.0,"May 15, 2014",Personal-Development,248,1,I would recommend this to fans of [genre].
Wired That Way,9780830738403,"Marita Littauer,Florence Littauer",4.0,"May 8, 2006",Personal-Development,8,1,I would recommend this to fans of [genre].
Wired That Way,9780830738403,"Marita Littauer,Florence Littauer",4.0,"May 8, 2006",Personal-Development,168,1,The world-building in this fantasy novel is incredible.
Wired That Way,9780830738403,"Marita Littauer,Florence Littauer",,"May 8, 2006",Personal-Development,281,0,The world-building in this fantasy novel is incredible.
"Sun Blind (The Secret of the Unicorn Queen, #2)",9780449902974,Gwen Hansen,3.0,"November 5, 1988",Children,372,0,The plot twists kept me guessing until the end.
Schaum's Outline of Spanish Grammar (4th edition),9780070580473,"Conrad J. Schmitt,Schaums",3.0,"January 1, 1972",Math,39,0,I couldn't put it down!
The Genius of Birds,9781594205217,Jennifer Ackerman,,"April 12, 2016",Biology,14,1,
Snowball Earth: The Story of the Great Global Catastrophe That Spawned Life as We Know It,9780609609736,Gabrielle Walker,4.0,"January 1, 2003",Math,147,1,The world-building in this fantasy novel is incredible.
Gravity,9780006513087,Tess Gerritsen,4.0,"January 1, 1983",Children,366,1,The ending left me wanting more.
"Moby-Duck: The True Story of 28,800 Bath Toys Lost at Sea and of the Beachcombers, Oceanographers, Environmentalists, and Fools, Including the Author, Who Went in Search of Them",9780670022199,Donovan Hohn,,"March 1, 2011",Math,201,0,I couldn't put it down!
What I Know for Sure,9781250054050,Oprah Winfrey,4.0,"September 2, 2014",Personal-Development,247,1,A quick and entertaining read.
"Learn to Program with Scratch: A Visual Introduction to Programming with Art, Science, Math and Games",9781593275433,Majed Marji,3.0,"January 1, 2014",Computer-Science,281,0,The ending left me wanting more.
El Deafo,9781419710209,"Cece Bell,David  Lasky",4.0,"January 1, 2014",Comics,151,1,I couldn't put it down!
El Deafo,9781419710209,"Cece Bell,David  Lasky",4.0,"January 1, 2014",Comics,242,1,I struggled to connect with the main character.
The Time-Travelling Cat,9780006746348,Julia Jarman,3.0,"January 1, 1993",Math,108,0,"Not what I expected, but in a good way!"
"Bloodlines (Bloodlines, #1)",9781595143174,Richelle Mead,2.0,"August 23, 2011",Fantasy,2,0,I struggled to connect with the main character.
"A Forest of Wolves (The Uprising, #2)",9781601835116,Chelsea Luna,4.0,"September 13, 2016",Children,50,1,Disappointing after all the hype.
"A Forest of Wolves (The Uprising, #2)",9781601835116,Chelsea Luna,4.0,"September 13, 2016",Children,57,1,Disappointing after all the hype.
The Adventures of Taxi Dog (Picture Puffins),9780140566659,"Debra Barracca,Sal Barracca,Mark Buehner",4.0,"January 1, 1990",Cars,300,0,The plot twists kept me guessing until the end.
The Adventures of Taxi Dog (Picture Puffins),9780140566659,"Debra Barracca,Sal Barracca,Mark Buehner",4.0,"January 1, 1990",Cars,377,0,A classic for a reason. Highly enjoyable.
King Solomon's Ring,9780415267472,"Konrad Lorenz,Marjorie Kerr Wilson",4.0,"January 1, 1949",Biology,475,0,I struggled to connect with the main character.
Manhattan Beach,9781472150905,Jennifer Egan,4.0,"October 3, 2017",Math,395,0,A quick and entertaining read.
"That Hideous Strength (The Space Trilogy, #3)",9780007157174,C.S. Lewis,4.0,"December 1, 1945",Children,69,1,The pacing felt a bit off in the middle.
Hell Yeah or No: What's Worth Doing,9781988575971,Derek Sivers,4.0,"July 12, 2020",Personal-Development,346,0,"Not what I expected, but in a good way!"
The Three Kitties That Saved My Life,9781501446306,Mike  Meyer,3.0,"April 20, 2013",nonfiction,452,0,The pacing felt a bit off in the middle.
Learn You a Haskell for Great Good!,9781593272838,Miran Lipovača,4.0,"March 1, 2011",Computer-Science,137,1,A quick and entertaining read.
Left Neglected,9781439164631,Lisa Genova,4.0,"January 4, 2011",Personal-Development,424,1,A captivating story with well-developed characters.
A Bridge Too Far,9780450837319,Cornelius Ryan,4.0,"January 1, 1974",History,103,1,The pacing felt a bit off in the middle.
A Bridge Too Far,9780450837319,Cornelius Ryan,4.0,"January 1, 1974",History,396,1,This book really made me think about [a theme].
The Hacking of the American Mind: The Science Behind the Corporate Takeover of Our Bodies and Brains,9781101982945,Robert H. Lustig,4.0,"September 12, 2017",Math,158,1,The plot twists kept me guessing until the end.
The Hacking of the American Mind: The Science Behind the Corporate Takeover of Our Bodies and Brains,9781101982945,Robert H. Lustig,4.0,"September 12, 2017",Math,286,1,The plot twists kept me guessing until the end.
Sir Machinery,9780695801670,"Tom McGowen,Trina Schart Hyman",4.0,"January 1, 1970",Computer-Science,12,1,I couldn't put it down!
So You've Been Publicly Shamed,9781594487132,Jon Ronson,4.0,"March 9, 2015",Personal-Development,320,0,I would recommend this to fans of [genre].
The Obstacle Is the Way: The Timeless Art of Turning Trials into Triumph,9781591846352,Ryan Holiday,4.0,"May 1, 2014",Personal-Development,164,1,The ending left me wanting more.
The Obstacle Is the Way: The Timeless Art of Turning Trials into Triumph,9781591846352,Ryan Holiday,,"May 1, 2014",Personal-Development,386,1,A captivating story with well-developed characters.
Jackdaws,9780451207524,Ken Follett,4.0,"December 3, 2001",Math,198,0,A captivating story with well-developed characters.
Killing Lincoln: The Shocking Assassination that Changed America Forever,9780805093070,"Bill O&apos;Reilly,Martin Dugard",4.0,"January 1, 2011",Personal-Development,23,1,I struggled to connect with the main character.
Killing Lincoln: The Shocking Assassination that Changed America Forever,9780805093070,"Bill O&apos;Reilly,Martin Dugard",1.0,"January 1, 2011",Personal-Development,98,0,A quick and entertaining read.
Killing Lincoln: The Shocking Assassination that Changed America Forever,9780805093070,"Bill O&apos;Reilly,Martin Dugard",3.0,"January 1, 2011",Personal-Development,271,0,I found the writing style to be quite beautiful.
Chicken Little,9780688070458,Steven Kellogg,4.0,"January 1, 1985",Children,153,1,I found the writing style to be quite beautiful.
Chicken Little,9780688070458,Steven Kellogg,4.0,"January 1, 1985",Children,378,1,"Not what I expected, but in a good way!"
"The Bird Way: A New Look at How Birds Talk, Work, Play, Parent, and Think",9780735223011,Jennifer Ackerman,1.0,"May 5, 2020",Biology,495,0,I found the writing style to be quite beautiful.
"Skinwalker (Jane Yellowrock, #1)",9780451462800,Faith Hunter,4.0,"July 7, 2009",Fantasy,371,0,I found the writing style to be quite beautiful.
The Ghost (Thorndike Press Large Print Basic Series),9780786298754,Robert   Harris,4.0,"October 23, 2007",nonfiction,314,0,"Not what I expected, but in a good way!"
"Chicken Soup for the Soul: Christmas Cheer: Stories about the Love, Inspiration, and Joy of Christmas",9781935096153,"Jack Canfield,Mark Victor Hansen,Amy Newmark",4.0,"October 21, 2008",Children,8,0,
"Chicken Soup for the Soul: Christmas Cheer: Stories about the Love, Inspiration, and Joy of Christmas",9781935096153,"Jack Canfield,Mark Victor Hansen,Amy Newmark",1.0,"October 21, 2008",Children,369,0,A captivating story with well-developed characters.
"Freckles (Limberlost, #1)",9780253203632,Gene Stratton-Porter,4.0,"January 1, 1904",Children,18,1,I struggled to connect with the main character.
"Freckles (Limberlost, #1)",9780253203632,Gene Stratton-Porter,4.0,"January 1, 1904",Children,438,0,
The House of Four Seasons,9781414325934,Roger Duvoisin,4.0,"January 1, 1956",Children,315,1,I would recommend this to fans of [genre].
Countdown to Zero Day: Stuxnet and the Launch of the World's First Digital Weapon,9780770436179,Kim Zetter,4.0,"June 3, 2014",Computer-Science,12,1,A quick and entertaining read.
"The Future Is Faster Than You Think: How Converging Technologies Are Transforming Business, Industries, and Our Lives",9781982109660,"Peter H. Diamandis,Steven Kotler",4.0,"January 28, 2020",Personal-Development,12,1,A captivating story with well-developed characters.
"The Future Is Faster Than You Think: How Converging Technologies Are Transforming Business, Industries, and Our Lives",9781982109660,"Peter H. Diamandis,Steven Kotler",,"January 28, 2020",Personal-Development,241,0,The plot twists kept me guessing until the end.
"Vaccine Epidemic: How Corporate Greed, Biased Science, and Coercive Government Threaten Our Human Rights, Our Health, and Our Children",9781616082727,"Louise Kuo Habakus,Mary Holland",4.0,"February 9, 2011",Computer-Science,10,1,The world-building in this fantasy novel is incredible.
"Vaccine Epidemic: How Corporate Greed, Biased Science, and Coercive Government Threaten Our Human Rights, Our Health, and Our Children",9781616082727,"Louise Kuo Habakus,Mary Holland",4.0,"February 9, 2011",Computer-Science,34,0,The world-building in this fantasy novel is incredible.
Spilled Milk,9781594860409,K.L. Randis,4.0,"January 1, 2013",Personal-Development,317,1,
Spilled Milk,9781594860409,K.L. Randis,1.0,"January 1, 2013",Personal-Development,484,0,The ending left me wanting more.
How to Think Like a Mathematician: A Companion to Undergraduate Mathematics,9780521719780,Kevin Houston,4.0,"February 12, 2009",Computer-Science,68,1,I would recommend this to fans of [genre].
How to Think Like a Mathematician: A Companion to Undergraduate Mathematics,9780521719780,Kevin Houston,3.0,"February 12, 2009",Computer-Science,320,0,The pacing felt a bit off in the middle.
How to Think Like a Mathematician: A Companion to Undergraduate Mathematics,9780521719780,Kevin Houston,4.0,"February 12, 2009",Computer-Science,450,1,Disappointing after all the hype.
ALS Saved My Life ... until it didn't,9780692066690,Jenni Kleinman Berebitsky,5.0,"March 18, 2018",self-help,111,0,I couldn't put it down!
ALS Saved My Life ... until it didn't,9780692066690,Jenni Kleinman Berebitsky,,"March 18, 2018",self-help,297,0,The ending left me wanting more.
Seven Brief Lessons on Physics,9780399184413,Carlo Rovelli,4.0,"October 22, 2014",Children,373,1,The pacing felt a bit off in the middle.
Seven Brief Lessons on Physics,9780399184413,Carlo Rovelli,4.0,"October 22, 2014",Children,376,1,This book really made me think about [a theme].
The Door to the Lost,9781101933169,Jaleigh Johnson,4.0,"July 3, 2018",Children,178,1,The ending left me wanting more.
Truman,9780671869205,David McCullough,4.0,"June 15, 1992",History,359,1,A captivating story with well-developed characters.
The Stars My Destination,9780679767800,Alfred Bester,4.0,"June 14, 1956",Children,85,1,"Not what I expected, but in a good way!"
Portrait of a Killer: Jack the Ripper - Case Closed,9780425192733,Patricia Cornwell,3.0,"January 1, 2002",nonfiction,120,0,The plot twists kept me guessing until the end.
Portrait of a Killer: Jack the Ripper - Case Closed,9780425192733,Patricia Cornwell,3.0,"January 1, 2002",nonfiction,399,1,I would recommend this to fans of [genre].
Notes from a Small Island,9780380727506,Bill Bryson,4.0,"January 1, 1995",Personal-Development,150,0,
Notes from a Small Island,9780380727506,Bill Bryson,4.0,"January 1, 1995",Personal-Development,222,1,A thought-provoking and insightful book.
Notes from a Small Island,9780380727506,Bill Bryson,,"January 1, 1995",Personal-Development,266,0,
The Why of Work: How Great Leaders Build Abundant Organizations That Win,9780071744249,"David Ulrich,Marshall Goldsmith,Wendy Ulrich",2.0,"May 10, 2010",Personal-Development,120,0,I struggled to connect with the main character.
The Why of Work: How Great Leaders Build Abundant Organizations That Win,9780071744249,"David Ulrich,Marshall Goldsmith,Wendy Ulrich",,"May 10, 2010",Personal-Development,144,0,A quick and entertaining read.
The Why of Work: How Great Leaders Build Abundant Organizations That Win,9780071744249,"David Ulrich,Marshall Goldsmith,Wendy Ulrich",,"May 10, 2010",Personal-Development,382,0,This book really made me think about [a theme].
Hunger: A Memoir of (My) Body,9780062362599,Roxane Gay,4.0,"June 13, 2017",Personal-Development,255,0,I couldn't put it down!
The Yellow Wallpaper and Other Stories,9780486298573,Charlotte Perkins Gilman,4.0,"January 1, 1892",History,192,0,The world-building in this fantasy novel is incredible.
How to Think Like Leonardo da Vinci: Seven Steps to Genius Every Day,9780440508274,Michael J. Gelb,4.0,"January 1, 1998",Personal-Development,88,0,"Not what I expected, but in a good way!"
How to Think Like Leonardo da Vinci: Seven Steps to Genius Every Day,9780440508274,Michael J. Gelb,4.0,"January 1, 1998",Personal-Development,116,1,
"Never Eat Alone: And Other Secrets to Success, One Relationship at a Time",9780385512053,"Keith Ferrazzi,Tahl Raz",4.0,"February 22, 2005",Personal-Development,127,0,A classic for a reason. Highly enjoyable.
Custodians: Beyond Abduction,9781886940048,Dolores Cannon,4.0,"January 1, 1998",Personal-Development,172,0,This book really made me think about [a theme].
Birds Art Life: A Year of Observation,9781501154201,Kyo Maclear,3.0,"February 9, 2017",Biology,231,0,The plot twists kept me guessing until the end.
Creative Visualization: Use the Power of Your Imagination to Create What You Want in Your Life,9781577312291,Shakti Gawain,4.0,"January 1, 1978",Personal-Development,11,1,I couldn't put it down!
Creative Visualization: Use the Power of Your Imagination to Create What You Want in Your Life,9781577312291,Shakti Gawain,4.0,"January 1, 1978",Personal-Development,51,0,I found the writing style to be quite beautiful.
Creative Visualization: Use the Power of Your Imagination to Create What You Want in Your Life,9781577312291,Shakti Gawain,4.0,"January 1, 1978",Personal-Development,384,0,A classic for a reason. Highly enjoyable.
Wishful Drinking,9781439102251,Carrie Fisher,4.0,"December 2, 2008",Personal-Development,249,1,"Not what I expected, but in a good way!"
#1 Freedom!: Freedom! (Graphic Universe),9780761378846,"Frank Le Gall,Flore Balthazar,Robin Doo",4.0,"January 1, 2012",Children,324,1,I struggled to connect with the main character.
CRACK99: The Takedown of a $100 Million Chinese Software Pirate,9780393249545,David Locke Hall,3.0,"October 19, 2015",Computer-Science,230,1,A captivating story with well-developed characters.
"Holy Hour of Reparation to the Sacred Heart of Jesus (English, Spanish, French and Italian Edition)",9781891280399,Soul Assurance Prayer Plan,5.0,"October 1, 2001",Personal-Development,308,0,The pacing felt a bit off in the middle.
"Uninvited: Living Loved When You Feel Less Than, Left Out, and Lonely",9781400205875,Lysa  TerKeurst,4.0,"August 9, 2016",Personal-Development,192,1,A thought-provoking and insightful book.
Infectious Madness,9780316277815,Harriet A. Washington,4.0,"September 1, 2015",Personal-Development,313,1,A quick and entertaining read.
Infectious Madness,9780316277815,Harriet A. Washington,4.0,"September 1, 2015",Personal-Development,486,1,
"The Globotics Upheaval: Globalisation, Robotics and the Future of Work",9781474609043,Richard Baldwin,3.0,"January 10, 2019",Computer-Science,406,0,A classic for a reason. Highly enjoyable.
"The Holy Bible: New American Standard Version, NASB",9781585161782,Anonymous,5.0,"January 1, 1971",Personal-Development,326,0,
Looking for Alaska,9781435249158,John Green,4.0,"January 1, 2005",History,165,1,I found the writing style to be quite beautiful.
Grokking Algorithms An Illustrated Guide For Programmers and Other Curious People,9781617292231,Aditya Y. Bhargava,4.0,"January 1, 2015",Computer-Science,204,1,This book really made me think about [a theme].
"Triss (Redwall, #15)",9780142402481,"Brian Jacques,Allan Curless",4.0,"January 1, 2002",Children,391,1,I would recommend this to fans of [genre].
"Tess of the Road (Tess of the Road, #1)",9781101931288,Rachel Hartman,1.0,"February 27, 2018",Math,433,0,The ending left me wanting more.
Life: A User's Manual,9780879237516,"Georges Perec,David Bellos",4.0,"May 15, 1978",Math,49,0,
Life: A User's Manual,9780879237516,"Georges Perec,David Bellos",1.0,"May 15, 1978",Math,350,0,I found the writing style to be quite beautiful.
"Tomorrow, and Tomorrow, and Tomorrow",9780735243347,Gabrielle Zevin,4.0,"July 5, 2022",Technology,129,0,I couldn't put it down!
Mystery on Magnolia Circle,9781250756862,"Kate Klise,Celia Krampien",4.0,"August 3, 2021",Math,247,1,The world-building in this fantasy novel is incredible.
97 Things Every Programmer Should Know: Collective Wisdom from the Experts,9780596809485,Kevlin Henney,,"January 1, 2010",Computer-Science,63,0,I found the writing style to be quite beautiful.
The Magic of Believing,9780671745219,Claude M. Bristol,4.0,"January 1, 1948",Personal-Development,71,1,
"Save the Unicorns (The Unicorn Club, #1)",9780553482027,Francine Pascal,,"January 1, 1994",Children,219,0,I couldn't put it down!
"Dreamfever (Fever, #4)",9780385341653,Karen Marie Moning,4.0,"August 18, 2009",Fantasy,210,0,A thought-provoking and insightful book.
Mathematical Statistics with Applications,9780495110811,"Dennis D. Wackerly,William Mendenhall,Richard L. Scheaffer",4.0,"January 1, 1995",Math,230,1,This book really made me think about [a theme].
The Bastard Brigade: The True Story of the Renegade Scientists and Spies Who Sabotaged the Nazi Atomic Bomb,9780316381680,Sam Kean,4.0,"July 9, 2019",Math,356,1,
The Bastard Brigade: The True Story of the Renegade Scientists and Spies Who Sabotaged the Nazi Atomic Bomb,9780316381680,Sam Kean,4.0,"July 9, 2019",Math,476,1,
Dear Zoo: A Lift-the-Flap Book,9781416947370,Rod Campbell,4.0,"January 1, 1982",Children,290,1,Disappointing after all the hype.
"Devlin and Garrick (Seeking Redemption, #2)",9781595787088,Cameron Dane,4.0,"June 7, 2010",Cars,185,0,I struggled to connect with the main character.
Fast Food Nation: The Dark Side of the All-American Meal,9780060838584,Eric Schlosser,4.0,"January 17, 2001",Personal-Development,11,0,I would recommend this to fans of [genre].
A Kid for Two Farthings,9781608190485,Wolf Mankowitz,4.0,"January 1, 1953",Children,110,0,I couldn't put it down!
This Is the House That Jack Built,9780142402009,Simms Taback,4.0,"January 1, 2002",Children,294,1,I couldn't put it down!
Project Hail Mary,9780593135204,Andy Weir,3.0,"May 4, 2021",Math,242,0,A thought-provoking and insightful book.
Project Hail Mary,9780593135204,Andy Weir,4.0,"May 4, 2021",Math,337,1,I would recommend this to fans of [genre].
The Inmates Are Running the Asylum: Why High Tech Products Drive Us Crazy and How to Restore the Sanity,9780672326141,Alan Cooper,4.0,"March 23, 1999",Computer-Science,442,1,A thought-provoking and insightful book.
Have a Little Faith: a True Story,9780786868728,Mitch Albom,4.0,"January 1, 2009",Personal-Development,414,0,A thought-provoking and insightful book.
Discrete Mathematics with Applications,9780534359454,Susanna S. Epp,4.0,"January 1, 1990",Math,366,1,The plot twists kept me guessing until the end.
The Magic School Bus Inside the Earth (The Magic School Bus #2),9780590407601,"Joanna Cole,Bruce Degen",4.0,"October 1, 1987",Math,422,1,I would recommend this to fans of [genre].
"I Love You, Stinky Face",9780439634694,"Lisa McCourt,Cyd Moore",,"August 1, 1997",Children,109,1,The plot twists kept me guessing until the end.
"I Love You, Stinky Face",9780439634694,"Lisa McCourt,Cyd Moore",,"August 1, 1997",Children,208,0,I struggled to connect with the main character.
The House of the Spirits,9780553383805,"Isabel Allende,Magda Bogin",4.0,"January 1, 1982",self-help,335,1,A captivating story with well-developed characters.
"Power Up Your Mind: Learn Faster, Work Smarter",9781857882759,Bill Lucas,3.0,"October 1, 2001",Personal-Development,112,1,The pacing felt a bit off in the middle.
Mindfulness in Plain English,9780861713219,"Henepola Gunaratana,Lauri Porceddu",4.0,"January 25, 1992",Personal-Development,135,0,A thought-provoking and insightful book.
Mindfulness in Plain English,9780861713219,"Henepola Gunaratana,Lauri Porceddu",,"January 25, 1992",Personal-Development,428,0,
Places I Never Meant to Be: Original Stories by Censored Writers,9780689842580,Judy Blume,,"August 1, 1999",Personal-Development,153,1,I would recommend this to fans of [genre].
Places I Never Meant to Be: Original Stories by Censored Writers,9780689842580,Judy Blume,4.0,"August 1, 1999",Personal-Development,350,1,
Places I Never Meant to Be: Original Stories by Censored Writers,9780689842580,Judy Blume,4.0,"August 1, 1999",Personal-Development,393,0,The ending left me wanting more.
The Practical SQL Handbook: Using Structured Query Language (3rd Edition),9780201447873,"Judith S. Bowman,Sandra L. Emerson,Marcy Darnovsky",4.0,"May 1, 1989",Computer-Science,315,1,I found the writing style to be quite beautiful.
The Little Schemer,9780262560993,"Daniel P. Friedman,Matthias Felleisen,Gerald Jay Sussman,Duane Bibby",4.0,"January 1, 1974",Computer-Science,220,0,I struggled to connect with the main character.
The Changeover,9780140365993,Margaret Mahy,1.0,"January 1, 1984",Children,47,0,This book really made me think about [a theme].
"The Feather Thief: Beauty, Obsession, and the Natural History Heist of the Century",9781101981634,Kirk Wallace Johnson,2.0,"April 24, 2018",Biology,177,0,I would recommend this to fans of [genre].
"The Feather Thief: Beauty, Obsession, and the Natural History Heist of the Century",9781101981634,Kirk Wallace Johnson,,"April 24, 2018",Biology,435,0,A captivating story with well-developed characters.
"The 13th Element: The Sordid Tale of Murder, Fire, and Phosphorus",9780471441496,John Emsley,1.0,"February 18, 2000",Computer-Science,198,0,
Linear Models with R (Chapman & Hall/CRC Texts in Statistical Science),9781439887349,Julian James Faraway,4.0,"July 26, 2004",Computer-Science,65,1,
You Are My Miracle,9780399240379,"Maryann Cusimano Love,Satomi Ichikawa",1.0,"September 15, 2005",Math,271,0,I found the writing style to be quite beautiful.
You Are My Miracle,9780399240379,"Maryann Cusimano Love,Satomi Ichikawa",4.0,"September 15, 2005",Math,415,0,Disappointing after all the hype.
"The 5 Second Rule: Transform Your Life, Work, and Confidence with Everyday Courage",9781682612392,Mel Robbins,4.0,"February 28, 2017",Personal-Development,432,1,I struggled to connect with the main character.
Zombies and Calculus,9780691161907,Colin Conrad Adams,3.0,"January 1, 2014",Math,412,1,A classic for a reason. Highly enjoyable.
Tibetan Peach Pie: A True Account of an Imaginative Life,9780062267405,Tom Robbins,4.0,"May 27, 2014",Math,112,1,The plot twists kept me guessing until the end.
Tibetan Peach Pie: A True Account of an Imaginative Life,9780062267405,Tom Robbins,4.0,"May 27, 2014",Math,136,1,The plot twists kept me guessing until the end.
Tibetan Peach Pie: A True Account of an Imaginative Life,9780062267405,Tom Robbins,4.0,"May 27, 2014",Math,200,1,I couldn't put it down!
"Harold and the Purple Crayon (Harold, #1)",9780747532033,Crockett Johnson,,"January 1, 1955",Cars,329,0,"Not what I expected, but in a good way!"
Black Tuesday,9780525477662,Susan Colebank,4.0,"June 14, 2007",Cars,60,1,A quick and entertaining read.
"The Splendid and the Vile: A Saga of Churchill, Family, and Defiance During the Blitz",9780385348720,Erik Larson,4.0,"February 25, 2020",Personal-Development,27,0,The pacing felt a bit off in the middle.
"The Big Picture: On the Origins of Life, Meaning, and the Universe Itself",9780525954828,Sean Carroll,3.0,"May 10, 2016",Math,355,0,The plot twists kept me guessing until the end.
"The Big Picture: On the Origins of Life, Meaning, and the Universe Itself",9780525954828,Sean Carroll,4.0,"May 10, 2016",Math,420,0,I struggled to connect with the main character.
"Moon Called (Mercy Thompson, #1)",9780441013814,Patricia Briggs,,"January 31, 2006",Fantasy,342,1,The ending left me wanting more.
"Baby-Sitters Club Boxed Set #1 (The Baby-Sitters Club, #1-4)",9780590598873,Ann M. Martin,,"January 1, 1986",Children,116,0,The plot twists kept me guessing until the end.
"Baby-Sitters Club Boxed Set #1 (The Baby-Sitters Club, #1-4)",9780590598873,Ann M. Martin,,"January 1, 1986",Children,312,1,A captivating story with well-developed characters.
Major Pettigrew's Last Stand,9781400068937,Helen Simonson,4.0,"March 2, 2010",Children,52,1,The world-building in this fantasy novel is incredible.
Call the Nurse: True Stories of a Country Nurse on a Scottish Isle (The Country Nurse #1),9781611458312,"Mary J. MacLeod,Claire Macdonald",4.0,"January 1, 2012",Computer-Science,365,0,A classic for a reason. Highly enjoyable.
"Destiny of the Republic: A Tale of Madness, Medicine and the Murder of a President",9780385526265,Candice Millard,3.0,"September 20, 2011",Biology,151,0,A quick and entertaining read.
Knight Rider,9780523421704,"Glen A. Larson,Roger Hill",4.0,"January 1, 1983",Cars,116,1,The plot twists kept me guessing until the end.
Knight Rider,9780523421704,"Glen A. Larson,Roger Hill",4.0,"January 1, 1983",Cars,162,1,A quick and entertaining read.
Knight Rider,9780523421704,"Glen A. Larson,Roger Hill",4.0,"January 1, 1983",Cars,281,1,The world-building in this fantasy novel is incredible.
Knight Rider,9780523421704,"Glen A. Larson,Roger Hill",4.0,"January 1, 1983",Cars,481,1,I would recommend this to fans of [genre].
To Fly Among the Stars: The Hidden Story of the Fight for Women Astronauts (Scholastic Focus),9781338290158,Rebecca  Siegel,4.0,"March 3, 2020",Computer-Science,292,0,
Supernature,9780340173688,Lyall Watson,4.0,"January 1, 1973",Math,409,0,Disappointing after all the hype.
"Ikigami: The Ultimate Limit, Volume 7 (Ikigami, #7)",9781421536682,Motorō Mase,4.0,"September 30, 2009",nonfiction,347,0,A quick and entertaining read.
"The Ultimate Hitchhiker’s Guide to the Galaxy (Hitchhiker's Guide to the Galaxy, #1-5)",9780345453747,Douglas Adams,2.0,"January 17, 1996",Fantasy,125,0,The world-building in this fantasy novel is incredible.
Programming Elixir ≥ 1.6: Functional |> Concurrent |> Pragmatic |> Fun,9781680502992,Dave         Thomas,4.0,"January 1, 2013",Computer-Science,157,1,I struggled to connect with the main character.
The Batman Adventures Vol. 1,9781401252298,Kelley Puckett,4.0,"November 11, 2014",Children,267,0,The plot twists kept me guessing until the end.
A Darkling Sea,9780765336279,James L. Cambias,1.0,"January 28, 2014",Biology,82,0,I couldn't put it down!
The One,9780387061528,John Marrs,4.0,"July 15, 2016",Personal-Development,283,0,This book really made me think about [a theme].
Letters to a Young Poet,9780486422459,"Rainer Maria Rilke,Franz Xaver Kappus,Reginald Snell",4.0,"January 1, 1929",Business,158,1,The plot twists kept me guessing until the end.
Letters to a Young Poet,9780486422459,"Rainer Maria Rilke,Franz Xaver Kappus,Reginald Snell",4.0,"January 1, 1929",Business,353,1,A captivating story with well-developed characters.
"The Pianist: The Extraordinary Story of One Man's Survival in Warsaw, 1939–45",9780575067080,"Władysław Szpilman,Anthea Bell",4.0,"January 1, 1946",History,419,1,I found the writing style to be quite beautiful.
Baba Yaga and Vasilisa the Brave,9780688085001,"Marianna Mayer,Kinuko Y. Craft",4.0,"May 19, 1994",Children,35,1,I would recommend this to fans of [genre].
The Year Without Pants: WordPress.com and the Future of Work,9781118660638,Scott Berkun,4.0,"September 10, 2013",Personal-Development,20,0,The pacing felt a bit off in the middle.
Prelude,9780814903513,Madeleine L&apos;Engle,,"March 1, 1968",Children,358,1,The ending left me wanting more.
The Road to Character,9780812993257,David  Brooks,4.0,"March 10, 2015",Personal-Development,191,0,This book really made me think about [a theme].
Holidays on Ice,9780316191296,David Sedaris,,"December 1, 1997",Personal-Development,274,0,The ending left me wanting more.
"The Dark Is Rising Sequence (The Dark is Rising, #1-5)",9780020425656,Susan Cooper,4.0,"January 1, 1984",Fantasy,364,0,
"Listful Thinking: Using Lists to Be More Productive, Successful and Less Stressed",9781632280039,Paula Rizzo,3.0,"January 13, 2015",Personal-Development,130,0,The ending left me wanting more.
The Zookeeper's Wife: A War Story,9780393354256,Diane Ackerman,3.0,"September 7, 2007",Personal-Development,410,1,"Not what I expected, but in a good way!"
"Happy Birthday, Moon",9780689835445,Frank Asch,4.0,"January 1, 1982",Children,26,0,The pacing felt a bit off in the middle.
Feathers and Fools,9780152023652,"Mem Fox,Nicholas Wilton",4.0,"January 1, 1989",Children,146,0,A thought-provoking and insightful book.
A Little Princess,9780142437018,"Frances Hodgson Burnett,U.C. Knoepflmacher",4.0,"January 1, 1905",self-help,443,0,A captivating story with well-developed characters.
Hidden Figures,9780062662378,Margot Lee Shetterly,4.0,"January 1, 2016",Computer-Science,232,0,This book really made me think about [a theme].
"The Burning Dark (Spider Wars, #1)",9780765335081,Adam Christopher,3.0,"March 14, 2014",Biology,197,0,The plot twists kept me guessing until the end.
Our Tribal Future: How to Channel Our Foundational Human Instincts into a Force for Good,9781250272249,David R. Samson,4.0,"May 30, 2023",Biology,144,0,Disappointing after all the hype.
"Second Foundation (Foundation, #3)",9780553803730,Isaac Asimov,4.0,"January 1, 1953",Children,377,1,A thought-provoking and insightful book.
The Design of Everyday Things,9780465067107,Donald A. Norman,4.0,"January 1, 1988",Personal-Development,365,1,I couldn't put it down!
What's Best Next: How the Gospel Transforms the Way You Get Things Done,9780310494225,"Matt Perman,John      Piper",4.0,"January 1, 2014",Personal-Development,137,1,The world-building in this fantasy novel is incredible.
Dr. Euler's Fabulous Formula: Cures Many Mathematical Ills,9780691118222,Paul J. Nahin,4.0,"April 10, 2006",Math,66,1,
"Concepts, Techniques, and Models of Computer Programming",9780262220699,"Peter Van Roy,Seif Haridi",4.0,"January 1, 2004",Computer-Science,123,1,This book really made me think about [a theme].
"Concepts, Techniques, and Models of Computer Programming",9780262220699,"Peter Van Roy,Seif Haridi",4.0,"January 1, 2004",Computer-Science,195,0,A classic for a reason. Highly enjoyable.
Programming TypeScript: Making Your JavaScript Applications Scale,9781492037613,Boris Cherny,3.0,"January 1, 2019",Computer-Science,382,0,The world-building in this fantasy novel is incredible.
"Grabbed by Vicious (Grabbed, #1)",9781419944277,Lolita Lopez,4.0,"March 29, 2013",Biology,45,0,I would recommend this to fans of [genre].
"Grabbed by Vicious (Grabbed, #1)",9781419944277,Lolita Lopez,4.0,"March 29, 2013",Biology,165,1,This book really made me think about [a theme].
"Grabbed by Vicious (Grabbed, #1)",9781419944277,Lolita Lopez,4.0,"March 29, 2013",Biology,272,0,Disappointing after all the hype.
Under the Tuscan Sun: At Home in Italy,9780767900386,Frances Mayes,1.0,"January 1, 1996",Personal-Development,479,0,I found the writing style to be quite beautiful.
Ready for Anything: 52 Productivity Principles for Getting Things Done,9780143034544,David    Allen,4.0,"January 1, 2003",Personal-Development,435,1,A quick and entertaining read.
Alphaboat,9780374302443,Michael Chesworth,3.0,"September 23, 2002",Math,6,0,I couldn't put it down!
"The Goblin Wood (Goblin Wood, #1)",9780060513733,Hilari Bell,,"April 15, 2003",Children,17,1,
"The Goblin Wood (Goblin Wood, #1)",9780060513733,Hilari Bell,4.0,"April 15, 2003",Children,452,1,A thought-provoking and insightful book.
"The Reality Dysfunction (Night's Dawn, #1)",9780330340328,Peter F. Hamilton,4.0,"January 26, 1996",Biology,21,1,A captivating story with well-developed characters.
Emotional Intelligence 2.0,9780974320625,"Travis Bradberry,Jean Greaves",4.0,"January 28, 2003",Business,146,1,A quick and entertaining read.
Emotional Intelligence 2.0,9780974320625,"Travis Bradberry,Jean Greaves",,"January 28, 2003",Business,198,1,A classic for a reason. Highly enjoyable.
From Time to Time,9781999957100,Daniel Mangena,4.0,"April 29, 2018",Personal-Development,311,0,I struggled to connect with the main character.
Spirited Away Picture Book,9781569317969,Hayao Miyazaki,,"December 1, 2002",studio-ghibli,54,1,A captivating story with well-developed characters.
Beyond the Headlines (Clare Carlson #4),9781608094097,R.G. Belsky,,"May 4, 2021",Math,9,0,
Violent Python,9781597499576,T.J. O&apos;Connor,4.0,"November 8, 2012",Computer-Science,392,0,The pacing felt a bit off in the middle.
Coming of Age in the Milky Way,9780385263269,Timothy Ferris,4.0,"May 4, 1988",Computer-Science,381,0,
Confident You: An Introvert's Guide to Success in Life and Business,9781515086765,"S.J. Scott,Rebecca Livermore",,"June 23, 2015",Personal-Development,220,1,Disappointing after all the hype.
Why Men Love Bitches,9781605501550,Sherry Argov,4.0,"October 1, 2009",Personal-Development,77,1,I would recommend this to fans of [genre].
"Trickster's Choice (Daughter of the Lioness, #1)",9780375828799,Tamora Pierce,4.0,"September 23, 2003",Fantasy,223,1,I would recommend this to fans of [genre].
"The Woman From Death Row (Jade Stryker, #1)",9798215946787,Peter Hogenkamp,1.0,"June 20, 2023",Technology,310,0,A quick and entertaining read.
Rain: A Natural and Cultural History,9780804137119,Cynthia Barnett,,"April 21, 2015",Computer-Science,6,0,The ending left me wanting more.
Rain: A Natural and Cultural History,9780804137119,Cynthia Barnett,3.0,"April 21, 2015",Computer-Science,39,0,I struggled to connect with the main character.
"Ella of All-of-a-Kind Family (All-of-a-Kind-Family, #5)",9780929093055,Sydney Taylor,4.0,"January 1, 1978",Children,326,1,"Not what I expected, but in a good way!"
The Number Devil: A Mathematical Adventure,9780805062991,"Hans Magnus Enzensberger,Michael Henry Heim",4.0,"January 1, 1997",Math,210,0,A thought-provoking and insightful book.
A First Course in Database Systems,9781292038247,"Jeffrey D. Ullman,Jennifer Widom",4.0,"January 1, 1997",Computer-Science,378,1,The pacing felt a bit off in the middle.
Visual Group Theory (MAA Problem Book Series),9780883857571,Nathan Carter,4.0,"June 1, 2009",Math,90,1,I would recommend this to fans of [genre].
Alien³,9780708852408,Alan Dean Foster,4.0,"June 1, 1992",Biology,61,1,The ending left me wanting more.
Thing,9780195545494,Robin Klein,4.0,"January 1, 1987",Children,45,0,
Thing,9780195545494,Robin Klein,4.0,"January 1, 1987",Children,238,1,I would recommend this to fans of [genre].
Archimedes' Revenge: Joys and Perils of Mathematics (Penguin Press Science),9780140125061,Paul Hoffman,4.0,"May 1, 1988",Math,197,1,The ending left me wanting more.
Archimedes' Revenge: Joys and Perils of Mathematics (Penguin Press Science),9780140125061,Paul Hoffman,4.0,"May 1, 1988",Math,467,0,I found the writing style to be quite beautiful.
High Performance Browser Networking,9781449344764,Ilya Grigorik,5.0,"January 1, 2013",Computer-Science,488,1,The world-building in this fantasy novel is incredible.
"Inside of a Dog: What Dogs See, Smell, and Know",9781416583400,Alexandra Horowitz,4.0,"January 1, 2009",Math,463,1,A thought-provoking and insightful book.
"The Epigenetics Revolution: How Modern Biology Is Rewriting Our Understanding of Genetics, Disease and Inheritance",9781848313477,Nessa Carey,2.0,"January 1, 2011",Math,350,0,A classic for a reason. Highly enjoyable.
"The Epigenetics Revolution: How Modern Biology Is Rewriting Our Understanding of Genetics, Disease and Inheritance",9781848313477,Nessa Carey,1.0,"January 1, 2011",Math,480,0,
One More Sheep,9781561453788,"Mij Kelly,Russell Ayto",,"June 17, 2004",Math,309,0,I couldn't put it down!
"Women After All: Sex, Evolution, and the End of Male Supremacy",9780393352313,Melvin Konner,4.0,"February 23, 2015",Computer-Science,141,0,I struggled to connect with the main character.
"Women After All: Sex, Evolution, and the End of Male Supremacy",9780393352313,Melvin Konner,2.0,"February 23, 2015",Computer-Science,500,0,I would recommend this to fans of [genre].
Six Thinking Hats,9780140296662,Edward de Bono,4.0,"January 1, 1985",Business,42,1,
Jassy,9780449241011,Norah Lofts,4.0,"January 1, 1944",Children,228,1,Disappointing after all the hype.
The Curious Incident of the Dog in the Night-Time: A Novel,9780385509459,Mark Haddon,4.0,"July 31, 2003",nonfiction,235,0,The ending left me wanting more.
Shakespeare: The World as Stage,9780060740221,"Bill Bryson,Auke Leistra",3.0,"January 1, 2007",Personal-Development,210,0,A classic for a reason. Highly enjoyable.
An Introduction to Thermal Physics,9780201380279,Daniel V. Schroeder,4.0,"August 18, 1999",Math,106,0,The ending left me wanting more.
An Introduction to Thermal Physics,9780201380279,Daniel V. Schroeder,4.0,"August 18, 1999",Math,263,0,"Not what I expected, but in a good way!"
Gender Queer: A Memoir,9781549304002,Maia Kobabe,,"May 28, 2019",Comics,460,1,I struggled to connect with the main character.
Gender Queer: A Memoir,9781549304002,Maia Kobabe,4.0,"May 28, 2019",Comics,475,0,A quick and entertaining read.
Starring Sally J. Freedman as Herself,9780689840890,Judy Blume,1.0,"March 7, 1977",Children,368,0,The world-building in this fantasy novel is incredible.
"Does a Kangaroo Have a Mother, Too?",9780060287672,Eric Carle,4.0,"January 1, 1991",Children,499,0,The plot twists kept me guessing until the end.
The Now Habit: A Strategic Program for Overcoming Procrastination and Enjoying Guilt-Free Play,9781585425525,Neil A. Fiore,4.0,"November 1, 1988",Personal-Development,303,0,I found the writing style to be quite beautiful.
"The Fourth Apprentice (Warriors: Omen of the Stars, #1)",9780061555091,"Erin Hunter,Owen Richardson,Allen Douglas",3.0,"July 12, 2009",Children,111,0,I couldn't put it down!
"The Fourth Apprentice (Warriors: Omen of the Stars, #1)",9780061555091,"Erin Hunter,Owen Richardson,Allen Douglas",4.0,"July 12, 2009",Children,241,1,"Not what I expected, but in a good way!"
"The Raven Boys (The Raven Cycle, #1)",9780545424929,Maggie Stiefvater,4.0,"September 18, 2012",Fantasy,480,1,I couldn't put it down!
"Nonlinear Dynamics and Chaos: With Applications to Physics, Biology, Chemistry, and Engineering",9780367092061,Steven H. Strogatz,4.0,"January 1, 1994",Computer-Science,210,1,The ending left me wanting more.
"Nonlinear Dynamics and Chaos: With Applications to Physics, Biology, Chemistry, and Engineering",9780367092061,Steven H. Strogatz,1.0,"January 1, 1994",Computer-Science,431,0,A classic for a reason. Highly enjoyable.
The One That Got Away: My SAS Mission Behind Enemy Lines,9781574881561,Chris Ryan,4.0,"January 1, 1995",Math,379,0,
"Changes for Kaya: A Story of Courage (American Girls: Kaya, #6)",9781584854333,Janet Beeler Shaw,,"September 1, 2002",Math,345,1,The world-building in this fantasy novel is incredible.
Great North Road,9780345526663,Peter F. Hamilton,4.0,"July 1, 2012",Children,237,1,This book really made me think about [a theme].
Hackers & Painters: Big Ideas from the Computer Age,9780596006624,Paul    Graham,4.0,"May 20, 2004",Computer-Science,158,1,"Not what I expected, but in a good way!"
"Hawkeye Collins & Amy Adams in The Case of the Video Game Smugglers & Other Mysteries (Can You Solve the Mystery?, #3)",9780915658886,M. Masters,,"January 1, 1983",Computer-Science,150,0,
"Hawkeye Collins & Amy Adams in The Case of the Video Game Smugglers & Other Mysteries (Can You Solve the Mystery?, #3)",9780915658886,M. Masters,4.0,"January 1, 1983",Computer-Science,180,0,A captivating story with well-developed characters.
This Is How They Tell Me the World Ends: The Cyberweapons Arms Race,9781635576054,Nicole Perlroth,,"February 9, 2021",Computer-Science,494,1,
Against the Fall of Night,9781596871229,Arthur C. Clarke,4.0,"January 1, 1953",Children,245,0,A thought-provoking and insightful book.
Against the Fall of Night,9781596871229,Arthur C. Clarke,4.0,"January 1, 1953",Children,496,0,A classic for a reason. Highly enjoyable.
Finding Flow: The Psychology of Engagement with Everyday Life,9780465024117,Mihály Csíkszentmihályi,4.0,"January 1, 1995",Personal-Development,192,1,I struggled to connect with the main character.
Found Things,9781442460874,Marilyn Hilton,4.0,"July 1, 2014",Children,499,0,I couldn't put it down!
"Billion Dollar Whale: The Man Who Fooled Wall Street, Hollywood, and the World",9780316436502,"Tom         Wright,Bradley Hope",,"September 18, 2018",Technology,154,1,This book really made me think about [a theme].
"Thinking In Numbers: On Life, Love, Meaning, and Math",9780316187374,Daniel Tammet,4.0,"August 1, 2012",Math,103,1,Disappointing after all the hype.
"Dead and Gone (Sookie Stackhouse, #9)",9780441017157,Charlaine Harris,1.0,"May 5, 2009",Children,393,0,I couldn't put it down!
"The Last Lion: Winston Spencer Churchill: Alone, 1932-40",9780385313315,William Manchester,4.0,"October 28, 1988",History,350,0,I struggled to connect with the main character.
Salt Sugar Fat: How the Food Giants Hooked Us,9781400069804,Michael  Moss,4.0,"February 26, 2013",Personal-Development,267,1,The plot twists kept me guessing until the end.
John Adams,9780743223133,David McCullough,4.0,"May 1, 2001",Biology,211,0,A captivating story with well-developed characters.
John Adams,9780743223133,David McCullough,4.0,"May 1, 2001",Biology,264,0,The plot twists kept me guessing until the end.
Stealing the Network: How to Own the Box,9781931836876,Ryan Russell,,"January 1, 2003",Computer-Science,331,1,The plot twists kept me guessing until the end.
Arthur's New Puppy (Arthur Adventure Series),9780316109215,Marc Brown,4.0,"January 1, 1993",Math,315,0,
"Winger (Winger, #1)",9781442444928,Andrew  Smith,3.0,"May 14, 2013",Children,489,0,A thought-provoking and insightful book.
Planning Extreme Programming,9780201710915,"Kent Beck,Martin Fowler",4.0,"October 26, 2000",Computer-Science,124,1,A thought-provoking and insightful book.
I Never Promised You a Rose Garden,9780451160317,"Hannah  Green,Joanne Greenberg",4.0,"January 1, 1964",History,62,0,A quick and entertaining read.
The Nature Notes of an Edwardian Lady,9781559700443,Edith Holden,1.0,"January 1, 1905",Computer-Science,86,0,I found the writing style to be quite beautiful.
The Nature Notes of an Edwardian Lady,9781559700443,Edith Holden,4.0,"January 1, 1905",Computer-Science,134,0,The ending left me wanting more.
"Mona Lisa Overdrive (Sprawl, #3)",9780553281743,William Gibson,4.0,"June 1, 1988",Artificial-Intelligence,235,0,I would recommend this to fans of [genre].
"This Is How: Proven Aid in Overcoming Shyness, Molestation, Fatness, Spinsterhood, Grief, Disease, Lushery, Decrepitude & More. For Young and Old Alike.",9780312563554,Augusten Burroughs,4.0,"May 8, 2012",Personal-Development,277,1,A thought-provoking and insightful book.
Red Platoon: A True Story of American Valor,9780525955054,Clinton Romesha,,"May 3, 2016",History,73,1,A captivating story with well-developed characters.
The Righteous Mind: Why Good People Are Divided by Politics and Religion,9780307907035,"Jonathan Haidt,Simona Drelciuc",4.0,"March 13, 2012",Personal-Development,258,0,A quick and entertaining read.
The Righteous Mind: Why Good People Are Divided by Politics and Religion,9780307907035,"Jonathan Haidt,Simona Drelciuc",3.0,"March 13, 2012",Personal-Development,466,0,
Prejudices: The Complete Series,9781598530766,H.L. Mencken,4.0,"January 1, 1927",Math,469,0,I couldn't put it down!
The Watsons Go to Birmingham - 1963,9780440228004,Christopher Paul Curtis,4.0,"January 1, 1995",Children,230,0,A quick and entertaining read.
"The Strange Case of the Alchemist's Daughter (The Extraordinary Adventures of the Athena Club, #1)",9781534409637,Theodora Goss,4.0,"June 20, 2017",Math,297,1,A classic for a reason. Highly enjoyable.
Taash and the Jesters,9780805023817,Ellen Kindt McKenzie,5.0,"November 1, 1968",Children,95,1,The plot twists kept me guessing until the end.
Taash and the Jesters,9780805023817,Ellen Kindt McKenzie,5.0,"November 1, 1968",Children,358,0,Disappointing after all the hype.
Taash and the Jesters,9780805023817,Ellen Kindt McKenzie,5.0,"November 1, 1968",Children,370,0,
The Making of the Atomic Bomb,9780684813783,Richard Rhodes,2.0,"September 18, 1986",Math,1,0,This book really made me think about [a theme].
The Making of the Atomic Bomb,9780684813783,Richard Rhodes,4.0,"September 18, 1986",Math,200,0,The ending left me wanting more.
Wicked Plants: The Weed That Killed Lincoln's Mother and Other Botanical Atrocities,9781565126831,"Amy  Stewart,Briony Morrow-Cribbs,Jonathon Rosen",4.0,"May 1, 2009",nonfiction,465,0,I would recommend this to fans of [genre].
The Easy Way to Stop Smoking: Join the Millions Who Have Become Non-Smokers Using Allen Carr's Easyway Method,9781402718618,Allen Carr,4.0,"January 1, 1985",Personal-Development,348,1,This book really made me think about [a theme].
"A Case of Conscience (After Such Knowledge, #4)",9780345438355,"James Blish,Greg Bear",4.0,"January 1, 1958",Children,175,1,The pacing felt a bit off in the middle.
Barbarians at the Gate: The Fall of RJR Nabisco,9780060536350,"Bryan Burrough,John Helyar",4.0,"January 1, 1989",Technology,241,0,I found the writing style to be quite beautiful.
Spud: The Madness Continues,9780143025207,John van de Ruit,4.0,"October 16, 2008",Children,466,1,Disappointing after all the hype.
Shackleton's Journey,9781909263109,William Grill,4.0,"September 1, 2014",Math,2,1,I found the writing style to be quite beautiful.
Peopleware: Productive Projects and Teams,9780932633439,"Tom DeMarco,Timothy Lister",4.0,"January 1, 1987",Computer-Science,57,1,I would recommend this to fans of [genre].
Sex in History,9780812885408,Reay Tannahill,4.0,"January 1, 1980",Biology,138,0,I couldn't put it down!
Sex in History,9780812885408,Reay Tannahill,4.0,"January 1, 1980",Biology,329,0,
Math Without Numbers,9781524745547,Milo Beckman,,"January 5, 2021",Math,342,0,The ending left me wanting more.
Think and Grow Rich,978-1-4558-1003-1,"Napoleon Hill,Bill Hartley,Ann Hartley,Ben Holden-Crowther,Muhammad Ghous Siddiqui",3.0,"January 1, 1937",Business,189,0,A quick and entertaining read.
Tier One (Tier One #1),9781503991804,"Brian  Andrews,Jeffrey   Wilson",4.0,"September 1, 2016",Technology,261,0,Disappointing after all the hype.
A Winter in New York,9780593724934,Josie Silver,4.0,"October 3, 2023",Children,433,1,
The Plant Messiah: Adventures in Search of the World's Rarest Species,9780241292327,Carlos Magdalena,4.0,"April 10, 2018",Math,496,0,I would recommend this to fans of [genre].
Programming Clojure,9781934356333,"Stuart Halloway,Susannah Davidson Pfalzer",4.0,"May 21, 2009",Computer-Science,165,1,This book really made me think about [a theme].
"The Pigman & Me (The Pigman, #3)",9780553564563,Paul Zindel,4.0,"October 1, 1992",Children,294,0,A quick and entertaining read.
A Message to Garcia,9781599869421,Elbert Hubbard,,"February 22, 1899",Personal-Development,117,1,"Not what I expected, but in a good way!"
Hallucinations,9780307957245,Oliver Sacks,4.0,"November 1, 2012",Personal-Development,439,0,I struggled to connect with the main character.
How to Find Flower Fairies,9780723258902,Cicely Mary Barker,5.0,"September 6, 2007",Children,303,0,I found the writing style to be quite beautiful.
The Death I Gave Him,9781786189981,Em X. Liu,3.0,"September 12, 2023",Math,49,0,A captivating story with well-developed characters.
"Princess of the Midnight Ball (The Princesses of Westfalin Trilogy, #1)",9781599903224,Jessica Day George,4.0,"January 20, 2009",Children,217,1,A thought-provoking and insightful book.
The Happiness Project,9780061583254,Gretchen Rubin,4.0,"January 1, 2009",Children,139,0,The plot twists kept me guessing until the end.
"The Proud Tower: A Portrait of the World Before the War, 1890-1914",9780345405012,Barbara W. Tuchman,4.0,"October 11, 1965",History,193,0,A captivating story with well-developed characters.
"The Proud Tower: A Portrait of the World Before the War, 1890-1914",9780345405012,Barbara W. Tuchman,4.0,"October 11, 1965",History,229,0,I would recommend this to fans of [genre].
The Luminaries,9780316074315,Eleanor Catton,4.0,"August 24, 2013",Math,68,1,"Not what I expected, but in a good way!"
From Hell,9780861661411,"Alan             Moore,Eddie Campbell,Pete Mullins",4.0,"January 1, 1999",Comics,382,0,A captivating story with well-developed characters.
Conquer Your Deliverance: How to Live a Life of Total Freedom,9780800761844,John Ramirez,4.0,"October 12, 2021",Personal-Development,206,1,A quick and entertaining read.
"Princess in Disguise (The Wide-Awake Princess, #4)",9781619635739,E.D. Baker,4.0,"March 31, 2015",Children,412,0,Disappointing after all the hype.
"Princess in Disguise (The Wide-Awake Princess, #4)",9781619635739,E.D. Baker,4.0,"March 31, 2015",Children,478,0,I would recommend this to fans of [genre].
The Hacker Crackdown: Law and Disorder on the Electronic Frontier,9780553563702,Bruce Sterling,4.0,"November 1, 1992",Computer-Science,85,1,I would recommend this to fans of [genre].
Milky Way Railroad,9781933330402,"Kenji Miyazawa,Ryu Okazaki,Joseph Sigrist,D.M. Stroud",4.0,"January 1, 1934",Children,325,0,The pacing felt a bit off in the middle.
Milky Way Railroad,9781933330402,"Kenji Miyazawa,Ryu Okazaki,Joseph Sigrist,D.M. Stroud",4.0,"January 1, 1934",Children,340,0,I would recommend this to fans of [genre].
Brotherless Night,9780241997673,V.V. Ganeshananthan,2.0,"January 3, 2023",Math,233,0,The pacing felt a bit off in the middle.
Brotherless Night,9780241997673,V.V. Ganeshananthan,4.0,"January 3, 2023",Math,259,0,I couldn't put it down!
"Mr. Kiss and Tell (Veronica Mars, #2)",9780804170727,"Rob Thomas,Jennifer Graham",4.0,"January 20, 2015",nonfiction,27,1,I struggled to connect with the main character.
"Mr. Kiss and Tell (Veronica Mars, #2)",9780804170727,"Rob Thomas,Jennifer Graham",4.0,"January 20, 2015",nonfiction,176,1,I found the writing style to be quite beautiful.
"Little Red Rodent Hood (Hamster Princess, #6)",9780399186585,Ursula Vernon,4.0,"September 25, 2018",Children,122,0,
The Unabridged Journals of Sylvia Plath,9780385720250,"Sylvia Plath,Karen V. Kukil",4.0,"April 1, 2000",History,265,1,I found the writing style to be quite beautiful.
The Unabridged Journals of Sylvia Plath,9780385720250,"Sylvia Plath,Karen V. Kukil",,"April 1, 2000",History,316,0,"Not what I expected, but in a good way!"
"Ronia, the Robber's Daughter",9780140317206,Astrid Lindgren,,"January 1, 1981",studio-ghibli,261,0,The world-building in this fantasy novel is incredible.
"Turkey Claus (Turkey Trouble, #2)",9780761462408,"Wendi Silvano,Lee Harper",4.0,"October 1, 2012",Children,223,1,This book really made me think about [a theme].
"Turkey Claus (Turkey Trouble, #2)",9780761462408,"Wendi Silvano,Lee Harper",,"October 1, 2012",Children,464,1,A quick and entertaining read.
Python for Data Analysis,9781449319793,Wes McKinney,4.0,"December 30, 2011",Computer-Science,146,0,
Python for Data Analysis,9781449319793,Wes McKinney,4.0,"December 30, 2011",Computer-Science,251,1,I struggled to connect with the main character.
Great Estimations,9780312608873,Bruce Goldstone,4.0,"January 1, 2006",Math,318,1,"Not what I expected, but in a good way!"
"Prickly Business (Portland Pack Chronicles, #1)",9781634764537,"Piper Vaughn,Kenzie Cade",4.0,"July 27, 2015",Cars,383,0,"Not what I expected, but in a good way!"
The Birds' Christmas Carol,9781540826916,Kate Douglas Wiggin,,"January 1, 1886",Children,249,0,"Not what I expected, but in a good way!"
The Birds' Christmas Carol,9781540826916,Kate Douglas Wiggin,4.0,"January 1, 1886",Children,441,1,The world-building in this fantasy novel is incredible.
The State We're In: Maine Stories,9781501107818,Ann Beattie,3.0,"April 13, 2015",nonfiction,393,1,The pacing felt a bit off in the middle.
"Middlegame (Alchemical Journeys, #1)",9781250195517,Seanan McGuire,4.0,"May 7, 2019",Technology,256,0,A thought-provoking and insightful book.
Fundamentals of Software Architecture: An Engineering Approach,9781492043454,"Mark Richards,Neal Ford,Benjamin Lange",4.0,"January 27, 2020",Computer-Science,435,1,I would recommend this to fans of [genre].
Peeling the Onion,9780440227731,Wendy Orr,,"January 1, 1996",Cars,41,1,A thought-provoking and insightful book.
Animal Farm,9780851990804,"George Orwell,Ann Patchett,Téa Obreht",2.0,"August 17, 1945",Children,283,0,"Not what I expected, but in a good way!"
Why Are All The Black Kids Sitting Together in the Cafeteria?,9780465083619,Beverly Daniel Tatum,4.0,"January 1, 1997",Personal-Development,122,0,The pacing felt a bit off in the middle.
Why Are All The Black Kids Sitting Together in the Cafeteria?,9780465083619,Beverly Daniel Tatum,4.0,"January 1, 1997",Personal-Development,410,1,A classic for a reason. Highly enjoyable.
"Wonder Women: 25 Innovators, Inventors, and Trailblazers Who Changed History",9781594749254,Sam Maggs,4.0,"October 4, 2016",Math,20,1,
A to Z,9780671493172,Sandra Boynton,4.0,"January 1, 1984",Children,366,0,
The Man Without A Face (Peter Black #2),9781636961453,"David Archer,Vince Vogel",4.0,"November 22, 2022",Technology,430,1,The pacing felt a bit off in the middle.
Life Application Study Bible: NIV,9780310919797,"Anonymous,Ronald A. Beers",5.0,"January 1, 1988",Personal-Development,387,0,I couldn't put it down!
Call the Midwife,9780297868781,Jennifer Worth,4.0,"January 1, 2002",nonfiction,66,0,A thought-provoking and insightful book.
Call the Midwife,9780297868781,Jennifer Worth,,"January 1, 2002",nonfiction,267,0,This book really made me think about [a theme].
The Little Mermaid,9781557093448,"Hans Christian Andersen,Anthea Bell,Lisbeth Zwerger",4.0,"January 1, 1836",studio-ghibli,197,1,I couldn't put it down!
The Looming Tower: Al-Qaeda and the Road to 9/11,9780375414862,Lawrence Wright,1.0,"January 1, 2006",Personal-Development,449,0,The ending left me wanting more.
The Lucifer Effect: Understanding How Good People Turn Evil,9781400064113,Philip G. Zimbardo,4.0,"April 17, 2007",Personal-Development,366,1,I would recommend this to fans of [genre].
Eat Stop Eat: Intermittent Fasting for Health and Weight Loss,9781775110811,Brad Pilon,2.0,"January 1, 2007",Personal-Development,353,0,The world-building in this fantasy novel is incredible.
Eat Stop Eat: Intermittent Fasting for Health and Weight Loss,9781775110811,Brad Pilon,4.0,"January 1, 2007",Personal-Development,434,0,I struggled to connect with the main character.
"Bangtails, Grifters, and a Liar's Kiss (O'Shaughnessy Investigations Inc. 2)",9798988178323,A.G. Russo,4.0,"September 18, 2024",Children,376,1,
"The Asset (Lance Spector, #1)",9781777189709,Saul Herzog,4.0,"April 10, 2020",Technology,56,1,A thought-provoking and insightful book.
"The Fall of Hyperion (Hyperion Cantos, #2)",9780553288209,Dan Simmons,4.0,"March 1, 1990",Technology,384,1,
"A Higher Loyalty: Truth, Lies, and Leadership",9781250192455,James B. Comey,4.0,"April 17, 2018",Personal-Development,474,0,I would recommend this to fans of [genre].
An Atomic Love Story: The Extraordinary Women in Robert Oppenheimer's Life,9781618580191,"Shirley Streshinsky,Patricia Klaus",4.0,"September 3, 2013",Computer-Science,174,0,A classic for a reason. Highly enjoyable.
The Stars Within,9781611805116,"N.M. Kelby,Nicole Mary Kelby",4.0,"July 3, 2003",Computer-Science,127,0,
"Iron Kissed (Mercy Thompson, #3)",9780441015665,Patricia Briggs,4.0,"January 2, 2008",Fantasy,309,1,A captivating story with well-developed characters.
Blackbird House,9780345455932,Alice Hoffman,4.0,"January 1, 2004",Children,246,1,A classic for a reason. Highly enjoyable.
A Place for Zero,9781570916021,"Angeline Sparagna Lopresti,Phyllis Hornung",2.0,"January 1, 1995",Math,10,0,I couldn't put it down!
A Place for Zero,9781570916021,"Angeline Sparagna Lopresti,Phyllis Hornung",4.0,"January 1, 1995",Math,233,1,The plot twists kept me guessing until the end.
"Space Opera (Space Opera, #1)",9781472115072,Catherynne M. Valente,3.0,"April 10, 2018",Children,411,1,A classic for a reason. Highly enjoyable.
"Rise of the Olympians (Rise of the Olympians, #1)",9781630350260,Belle Ward,,"July 27, 2014",Children,286,0,I would recommend this to fans of [genre].
An Inquiry into the Nature and Causes of the Wealth of Nations,9780226763743,"Adam Smith,George J. Stigler,Edwin Cannan",4.0,"March 9, 1776",Economics,391,1,The plot twists kept me guessing until the end.
"Mandie and the Secret Tunnel (Mandie, #1)",9780871233202,Lois Gladys Leppard,4.0,"April 1, 1983",Children,39,1,This book really made me think about [a theme].
"Mandie and the Secret Tunnel (Mandie, #1)",9780871233202,Lois Gladys Leppard,,"April 1, 1983",Children,101,0,Disappointing after all the hype.
Embroideries,9780375714672,Marjane Satrapi,4.0,"January 1, 2003",Comics,183,1,A thought-provoking and insightful book.
"Dragon Sword and Wind Child (Tales of the Magatama, #1)",9781421515014,"Noriko Ogiwara,Cathy Hirano",4.0,"January 1, 1988",studio-ghibli,162,1,This book really made me think about [a theme].
"Dragon Sword and Wind Child (Tales of the Magatama, #1)",9781421515014,"Noriko Ogiwara,Cathy Hirano",4.0,"January 1, 1988",studio-ghibli,402,0,The pacing felt a bit off in the middle.
The Eighth Detective,9781250755933,Alex Pavesi,4.0,"August 4, 2020",Math,10,0,The plot twists kept me guessing until the end.
The Eighth Detective,9781250755933,Alex Pavesi,4.0,"August 4, 2020",Math,354,1,
A Distant Mirror: The Calamitous 14th Century,9780345349576,Barbara W. Tuchman,4.0,"September 21, 1978",Personal-Development,46,0,A classic for a reason. Highly enjoyable.
A Distant Mirror: The Calamitous 14th Century,9780345349576,Barbara W. Tuchman,4.0,"September 21, 1978",Personal-Development,64,1,I found the writing style to be quite beautiful.
Surrounded by Idiots,9781250234001,Thomas Erikson,4.0,"June 4, 2014",Business,199,0,A classic for a reason. Highly enjoyable.
A Traveller in Time,9780140309317,Alison Uttley,4.0,"January 1, 1939",Children,280,0,The ending left me wanting more.
"The Longest Day: June 6, 1944",978-1838603441,"Cornelius Ryan,Jouko Linturi",4.0,"January 1, 1959",politics,111,0,Disappointing after all the hype.
The Complete Poems of Emily Dickinson,9780316184144,"Emily Dickinson,Thomas H. Johnson,Mabel Loomis Todd,Thomas Wentworth Higgins",,"January 1, 1890",Children,405,0,A quick and entertaining read.
"Quiet Strength: The Principles, Practices & Priorities of a Winning Life",9781414318011,Tony Dungy,4.0,"January 1, 2007",Personal-Development,37,0,The world-building in this fantasy novel is incredible.
"Quiet Strength: The Principles, Practices & Priorities of a Winning Life",9781414318011,Tony Dungy,,"January 1, 2007",Personal-Development,186,0,The pacing felt a bit off in the middle.
"Hawkeye Collins & Amy Adams in The Secret of the Software Spy & 8 Other Mysteries (Can You Solve the Mystery?, #8)",9780915658268,M. Masters,1.0,"January 1, 1983",Computer-Science,251,0,This book really made me think about [a theme].
"Gotham Central, Book One: In the Line of Duty",9781401219239,"Ed Brubaker,Greg Rucka,Michael Lark,Lawrence Block,Kano",4.0,"September 9, 2008",Math,465,1,This book really made me think about [a theme].
The Husband's Secret,9780399159343,Liane Moriarty,4.0,"January 1, 2013",nonfiction,124,1,I would recommend this to fans of [genre].
The Snow Leopard,9780099771111,Peter Matthiessen,4.0,"August 1, 1978",Biology,142,0,I struggled to connect with the main character.
Merchants of Debt: KKR and the Mortgaging of American Business,9780465045228,George Anders,4.0,"March 24, 2013",Technology,63,1,I struggled to connect with the main character.
Only the Paranoid Survive,9780307574978,Andrew S. Grove,4.0,"September 1, 1996",Computer-Science,388,1,I struggled to connect with the main character.
"Echopraxia (Firefall, #2)",9780765328021,Peter Watts,4.0,"August 26, 2014",Biology,487,0,A thought-provoking and insightful book.
The Cuckoo's Egg: Tracking a Spy Through the Maze of Computer Espionage,9780743411462,Clifford Stoll,4.0,"January 1, 1989",Computer-Science,3,0,The plot twists kept me guessing until the end.
The Cuckoo's Egg: Tracking a Spy Through the Maze of Computer Espionage,9780743411462,Clifford Stoll,4.0,"January 1, 1989",Computer-Science,224,0,Disappointing after all the hype.
"Dragonbreath (Dragonbreath, #1)",9780803733633,Ursula Vernon,4.0,"June 11, 2009",Children,10,0,"Not what I expected, but in a good way!"
Notes to Myself,9780553273823,Hugh Prather,4.0,"January 1, 1970",Personal-Development,330,0,A thought-provoking and insightful book.
The Magic School Bus: Butterfly and the Bog Beast: A Book about Butterfly Camouflage,9780590508346,"Nancy E. Krulik,Thompson Brothers",4.0,"January 1, 1996",Math,100,1,I would recommend this to fans of [genre].
The Magic School Bus: Butterfly and the Bog Beast: A Book about Butterfly Camouflage,9780590508346,"Nancy E. Krulik,Thompson Brothers",4.0,"January 1, 1996",Math,160,1,Disappointing after all the hype.
The Magic School Bus: Butterfly and the Bog Beast: A Book about Butterfly Camouflage,9780590508346,"Nancy E. Krulik,Thompson Brothers",4.0,"January 1, 1996",Math,470,0,The pacing felt a bit off in the middle.
The Seven Deaths of Evelyn Hardcastle,9781408889565,Stuart Turton,4.0,"February 8, 2018",Children,298,1,I found the writing style to be quite beautiful.
The Seven Deaths of Evelyn Hardcastle,9781408889565,Stuart Turton,4.0,"February 8, 2018",Children,418,1,"Not what I expected, but in a good way!"
Moonshot: The Flight of Apollo 11,9781416950462,Brian Floca,4.0,"April 7, 2009",Math,75,0,A quick and entertaining read.
"Time of the Twins (Dragonlance: Legends, #1)",9780880382656,"Margaret Weis,Tracy Hickman",4.0,"February 1, 1986",Children,59,1,The plot twists kept me guessing until the end.
"Time of the Twins (Dragonlance: Legends, #1)",9780880382656,"Margaret Weis,Tracy Hickman",4.0,"February 1, 1986",Children,290,1,This book really made me think about [a theme].
The Dip: A Little Book That Teaches You When to Quit (and When to Stick),9781591841661,Seth Godin,4.0,"January 1, 2007",Personal-Development,81,1,A quick and entertaining read.
The Four Agreements: A Practical Guide to Personal Freedom,9781878424501,"Miguel Ruiz,Janet Mills",4.0,"January 1, 1997",Business,225,0,This book really made me think about [a theme].
"Life and Death in the Andes: On the Trail of Bandits, Heroes, and Revolutionaries",9781439168899,Kim MacQuarrie,4.0,"December 1, 2015",Biology,465,0,This book really made me think about [a theme].
"Dreamland (Riley Bloom, #3)",9780312563752,Alyson Noel,1.0,"September 13, 2011",Children,43,0,"Not what I expected, but in a good way!"
"The Haunted Hotel (A to Z Mysteries, #8)",9780679890799,"Ron Roy,John Steven Gurney",4.0,"June 1, 1999",nonfiction,85,1,I struggled to connect with the main character.
Creativity Code,9780008288150,Marcus du Sautoy,4.0,"February 18, 2019",Computer-Science,438,1,I struggled to connect with the main character.
Eating Animals,9780316069908,Jonathan Safran Foer,4.0,"October 31, 2009",Personal-Development,32,0,A captivating story with well-developed characters.
Blankets,9781891830433,Craig Thompson,4.0,"July 23, 2003",Comics,323,0,This book really made me think about [a theme].
Never,9780593300015,Ken Follett,4.0,"November 9, 2021",Technology,129,0,A thought-provoking and insightful book.
Never,9780593300015,Ken Follett,,"November 9, 2021",Technology,271,0,Disappointing after all the hype.
Ada Lovelace Cracks the Code,9781733176187,"Corinne Purtill,Marina Muun,Monique Aimee",,"November 12, 2019",Math,245,0,"Not what I expected, but in a good way!"
In the Beginning...Was the Command Line,9780380815937,Neal Stephenson,4.0,"May 1, 1999",Math,72,0,I couldn't put it down!
In the Beginning...Was the Command Line,9780380815937,Neal Stephenson,4.0,"May 1, 1999",Math,319,0,A quick and entertaining read.
Full Frontal Feminism,9781580052016,Jessica Valenti,4.0,"April 17, 2007",History,476,0,A captivating story with well-developed characters.
"Motion (Laws of Physics, #1; Hypothesis, #2.1)",9781635763393,"Penny Reid,Fiona Fischer",4.0,"February 11, 2019",Technology,158,0,
Minor Feelings: An Asian American Reckoning,9781984820365,Cathy Park Hong,,"February 25, 2020",Personal-Development,437,0,The pacing felt a bit off in the middle.
The Complete Adventures of Curious George,9780618164417,"Margret Rey,H.A. Rey",,"January 1, 1969",Children,42,1,A thought-provoking and insightful book.
"The Universal Mind: An exploration into life's biggest questions of existence, creation, evolution, consciousness, the mind, the universe, humanity, human psychology and the illusion of reality.",9781776055180,Peter   Weisz,1.0,"August 13, 2018",Personal-Development,106,0,I found the writing style to be quite beautiful.
"Curse of the Blue Tattoo: Being an Account of the Misadventures of Jacky Faber, Midshipman and Fine Lady (Bloody Jack, #2)",9780152054595,L.A. Meyer,4.0,"January 1, 2004",Children,400,0,I couldn't put it down!
"Curse of the Blue Tattoo: Being an Account of the Misadventures of Jacky Faber, Midshipman and Fine Lady (Bloody Jack, #2)",9780152054595,L.A. Meyer,4.0,"January 1, 2004",Children,436,1,Disappointing after all the hype.
Genome: The Autobiography of a Species in 23 Chapters,9780060894085,Matt Ridley,4.0,"January 1, 1999",Biology,116,0,A captivating story with well-developed characters.
Genome: The Autobiography of a Species in 23 Chapters,9780060894085,Matt Ridley,4.0,"January 1, 1999",Biology,200,0,"Not what I expected, but in a good way!"
"Zero Limits: The Secret Hawaiian System for Wealth, Health, Peace, and More",9780470101476,"Joe Vitale,Ihaleakala Hew Len",,"January 1, 2007",Personal-Development,253,0,The pacing felt a bit off in the middle.
Magnum: Fifty Years at the Front Line of History: The Story of the Legendary Photo Agency,9780802136534,Russell Miller,4.0,"January 1, 1997",Math,95,0,The pacing felt a bit off in the middle.
Magnum: Fifty Years at the Front Line of History: The Story of the Legendary Photo Agency,9780802136534,Russell Miller,,"January 1, 1997",Math,364,0,This book really made me think about [a theme].
"Vector Calculus, Linear Algebra, and Differential Forms: A Unified Approach",9780130414083,"John H. Hubbard,Barbara Burke Hubbard",4.0,"January 1, 1998",Math,191,1,I struggled to connect with the main character.
"Vector Calculus, Linear Algebra, and Differential Forms: A Unified Approach",9780130414083,"John H. Hubbard,Barbara Burke Hubbard",4.0,"January 1, 1998",Math,496,0,Disappointing after all the hype.
Embracing the Wide Sky: A Tour Across the Horizons of the Mind,9781416569695,Daniel Tammet,3.0,"January 6, 2009",Math,304,0,The plot twists kept me guessing until the end.
Embracing the Wide Sky: A Tour Across the Horizons of the Mind,9781416569695,Daniel Tammet,4.0,"January 6, 2009",Math,306,1,A classic for a reason. Highly enjoyable.
Signal to Noise,9781878574435,"Neil Gaiman,Dave McKean",4.0,"March 1, 1992",Comics,173,1,The world-building in this fantasy novel is incredible.
The Talking Parcel,9780397316083,"Gerald Durrell,Pamela Johnson",1.0,"April 28, 1975",Children,168,0,The plot twists kept me guessing until the end.
The Talking Parcel,9780397316083,"Gerald Durrell,Pamela Johnson",4.0,"April 28, 1975",Children,448,0,Disappointing after all the hype.
Modern Romance,9781594206276,"Aziz Ansari,Eric Klinenberg",,"June 16, 2015",Personal-Development,124,0,A captivating story with well-developed characters.
The Anatomy of Hope: How People Prevail in the Face of Illness,9780375506383,Jerome Groopman,4.0,"January 1, 2003",Personal-Development,389,0,A thought-provoking and insightful book.
The Anatomy of Hope: How People Prevail in the Face of Illness,9780375506383,Jerome Groopman,4.0,"January 1, 2003",Personal-Development,416,0,The plot twists kept me guessing until the end.
Who Moved My Cheese?,9780399144462,Spencer Johnson,3.0,"January 1, 1999",Personal-Development,114,0,I would recommend this to fans of [genre].
"Mathematical Thought From Ancient to Modern Times, Volume 3",9780199840434,Morris Kline,4.0,"September 29, 1972",Math,436,1,A thought-provoking and insightful book.
How to Tame a Fox (and Build a Dog): Visionary Scientists and a Siberian Tale of Jump-Started Evolution,9780226444185,"Lee Alan Dugatkin,Lyudmila Trut",4.0,"January 26, 2016",Biology,205,1,A quick and entertaining read.
"Real Kids, Real Stories, Real Change: Courageous Actions Around the World",9781575423500,Garth Sundem,,"February 1, 2010",Personal-Development,49,0,I couldn't put it down!
"Real Kids, Real Stories, Real Change: Courageous Actions Around the World",9781575423500,Garth Sundem,4.0,"February 1, 2010",Personal-Development,221,1,The world-building in this fantasy novel is incredible.
The Social Instinct: How Cooperation Shaped the World,9781250262820,Nichola Raihani,4.0,"June 3, 2021",Biology,489,0,A classic for a reason. Highly enjoyable.
Starship Troopers,9780441783588,Robert A. Heinlein,,"December 1, 1959",Fantasy,351,0,The world-building in this fantasy novel is incredible.
Adam Bede,9780375759017,"George Eliot,Joanna Trollope,Hugh Osborne",4.0,"February 1, 1859",Math,121,0,I couldn't put it down!
Adam Bede,9780375759017,"George Eliot,Joanna Trollope,Hugh Osborne",4.0,"February 1, 1859",Math,499,1,
Practical Object Oriented Design in Ruby,9780321721334,Sandi Metz,5.0,"July 2, 2012",Computer-Science,16,1,This book really made me think about [a theme].
"Relics (The Thulukan Chronicles, #1)",9781939173317,Maer Wilson,4.0,"April 29, 2013",Children,67,0,I would recommend this to fans of [genre].
An Introduction to R,9780954612085,W.N. Venables,,"May 1, 2002",Computer-Science,471,1,
"Fence, Vol. 1",9781684151929,"C.S. Pacat,Rebecca Nalty,Johanna the Mad",4.0,"January 1, 2017",Comics,40,1,I found the writing style to be quite beautiful.
Missile Mouse #1 The Star Crusher,9780545117159,Jake Parker,,"January 1, 2010",Children,396,1,
Points and Lines,9784770009371,"Seichō Matsumoto,Makiko Yamamoto,Paul C. Blum",4.0,"January 1, 1958",Math,23,1,"Not what I expected, but in a good way!"
Before the Lights Go Out: Conquering the Energy Crisis Before It Conquers Us,9780470876251,Maggie Koerth-Baker,4.0,"February 21, 2012",Computer-Science,127,1,
Before the Lights Go Out: Conquering the Energy Crisis Before It Conquers Us,9780470876251,Maggie Koerth-Baker,4.0,"February 21, 2012",Computer-Science,431,0,
"Young Avengers, Vol. 1: Style > Substance",9780785167082,"Kieron Gillen,Jamie McKelvie",,"August 28, 2013",Comics,166,0,I couldn't put it down!
The Space Vampires,9780671809164,Colin Wilson,,"January 1, 1976",Biology,162,1,A captivating story with well-developed characters.
The Space Vampires,9780671809164,Colin Wilson,3.0,"January 1, 1976",Biology,401,0,A classic for a reason. Highly enjoyable.
The Merchant of Stories: A Creative Entrepreneur's Journey,9789811466403,Dipa Sanatani,,"August 6, 2020",Business,397,0,The ending left me wanting more.
"Introduction to Linear Algebra (Gilbert Strang, 2)",9780980232776,Gilbert Strang,4.0,"January 1, 1993",Computer-Science,43,0,I would recommend this to fans of [genre].
Talk Like TED: The 9 Public-Speaking Secrets of the World's Top Minds,9781250041128,Carmine Gallo,4.0,"January 28, 2014",Personal-Development,444,1,This book really made me think about [a theme].
Talk Like TED: The 9 Public-Speaking Secrets of the World's Top Minds,9781250041128,Carmine Gallo,4.0,"January 28, 2014",Personal-Development,476,0,I struggled to connect with the main character.
Artificial Wisdom,9781739434304,Thomas R. Weaver,4.0,"May 10, 2023",Technology,192,1,The ending left me wanting more.
Once on a Time,9781250159489,A.A. Milne,2.0,"January 1, 1917",Children,3,0,Disappointing after all the hype.
Once on a Time,9781250159489,A.A. Milne,2.0,"January 1, 1917",Children,471,0,I couldn't put it down!
Earth,9780553290240,David Brin,4.0,"June 1, 1990",Children,306,1,A captivating story with well-developed characters.
Earth,9780553290240,David Brin,4.0,"June 1, 1990",Children,372,0,Disappointing after all the hype.
"Hildafolk (Hilda, #1)",9781907704048,Luke Pearson,4.0,"January 1, 2010",Comics,367,0,A classic for a reason. Highly enjoyable.
Dumbing Us Down: The Hidden Curriculum of Compulsory Schooling,9780865715196,John Taylor Gatto,,"January 1, 2002",Technology,79,0,I would recommend this to fans of [genre].
Extreme Programming Explained: Embrace Change (The XP Series),9780321278654,"Kent Beck,Cynthia Andres",4.0,"October 5, 1999",Computer-Science,274,1,Disappointing after all the hype.
50 Self-Help Classics: 50 Inspirational Books to Transform Your Life from Timeless Sages to Contemporary Gurus,9781857883237,Tom Butler-Bowdon,4.0,"January 30, 2003",Personal-Development,335,1,A captivating story with well-developed characters.
The Firm,9780582418271,"Robin Waterfield,John Grisham",4.0,"February 1, 1991",Children,189,0,A thought-provoking and insightful book.
The Awakening,9780543898081,Kate Chopin,2.0,"January 1, 1899",History,293,0,A quick and entertaining read.
Misbehaving: The Making of Behavioral Economics,9780393352795,Richard H. Thaler,4.0,"June 14, 2016",Economics,292,0,The world-building in this fantasy novel is incredible.
Misbehaving: The Making of Behavioral Economics,9780393352795,Richard H. Thaler,4.0,"June 14, 2016",Economics,476,0,Disappointing after all the hype.
"The Cartoon History of the Universe III: From the Rise of Arabia to the Renaissance (The Cartoon History of the Universe, #3)",9780393324037,Larry Gonick,4.0,"October 17, 2002",nonfiction,108,1,A quick and entertaining read.
"The Cartoon History of the Universe III: From the Rise of Arabia to the Renaissance (The Cartoon History of the Universe, #3)",9780393324037,Larry Gonick,4.0,"October 17, 2002",nonfiction,227,0,I couldn't put it down!
"The Cartoon History of the Universe III: From the Rise of Arabia to the Renaissance (The Cartoon History of the Universe, #3)",9780393324037,Larry Gonick,3.0,"October 17, 2002",nonfiction,257,0,I found the writing style to be quite beautiful.
Androne (Androne #1),9781662511967,Dwain Worrell,4.0,"September 1, 2023",Children,322,0,A quick and entertaining read.
"How to Dork Your Diary (Dork Diaries, #3.5)",9781442422339,Rachel Renée Russell,4.0,"October 11, 2011",Comics,242,1,A quick and entertaining read.
"How to Dork Your Diary (Dork Diaries, #3.5)",9781442422339,Rachel Renée Russell,4.0,"October 11, 2011",Comics,450,1,This book really made me think about [a theme].
Who's Your Gladys?: How to Turn Even the Most Difficult Customer into Your Biggest Fan,9780814414392,"Marilyn Suttle,Lori Jo Vest",1.0,"August 1, 2009",Technology,112,0,I struggled to connect with the main character.
Enchantment,9780345482402,Orson Scott Card,,"January 1, 1999",Children,41,1,The world-building in this fantasy novel is incredible.
Stochastic Processes,9780471120629,Sheldon M. Ross,4.0,"November 1, 1982",Math,430,1,I would recommend this to fans of [genre].
The Nazi Officer's Wife: How One Jewish Woman Survived the Holocaust,9780688177768,"Edith Hahn Beer,Susan Dworkin",,"September 22, 1999",History,243,1,I couldn't put it down!
Steve Jobs,9781451648539,Walter Isaacson,4.0,"October 1, 2011",Biology,30,0,The world-building in this fantasy novel is incredible.
Steve Jobs,9781451648539,Walter Isaacson,4.0,"October 1, 2011",Biology,293,0,A thought-provoking and insightful book.
Steve Jobs,9781451648539,Walter Isaacson,3.0,"October 1, 2011",Biology,415,0,A classic for a reason. Highly enjoyable.
The Prince,9780470398968,"Niccolò Machiavelli,N.H. Thompson",,"January 1, 1513",Economics,11,0,I couldn't put it down!
Unlimited Power: The New Science of Personal Achievement,9780684845777,Anthony Robbins,4.0,"January 1, 1986",Personal-Development,467,1,A thought-provoking and insightful book.
Find Where The Wind Goes: Moments From My Life,9780439131964,Mae C. Jemison,4.0,"January 1, 2001",Math,432,1,I struggled to connect with the main character.
Alice in Puzzle-Land,9780140070569,Raymond M. Smullyan,4.0,"January 1, 1982",Math,91,0,This book really made me think about [a theme].
A Golden Web,9780061448874,Barbara Quick,3.0,"January 1, 2000",Math,386,0,The ending left me wanting more.
Once Upon a Wardrobe (Thorndike Press Large Print Christian Fiction),9781432898724,Patti Callahan Henry,4.0,"October 19, 2021",Math,233,0,
Silas Marner,9780822071907,George Eliot,4.0,"April 1, 1861",Math,387,1,I couldn't put it down!
Discovering Statistics Using R,9781446200469,"Andy Field,Jeremy Miles,Zoe Field",4.0,"April 5, 2012",Computer-Science,53,0,I struggled to connect with the main character.
"Prince of Thorns (Broken Empire, #1)",9780007423293,Mark  Lawrence,4.0,"August 2, 2011",Fantasy,146,1,I struggled to connect with the main character.
"Heretical Fishing (Heretical Fishing, #1)",9781039453111,Haylock Jobson,4.0,"March 12, 2024",Fantasy,458,1,The ending left me wanting more.
Joel on Software,9781590593899,Joel Spolsky,,"January 1, 2004",Computer-Science,257,0,I couldn't put it down!
Joel on Software,9781590593899,Joel Spolsky,4.0,"January 1, 2004",Computer-Science,439,1,I struggled to connect with the main character.
"Unit Testing: Principles, Practices, and Patterns",9781617296277,Vladimir Khorikov,5.0,"January 1, 2019",Computer-Science,289,0,"Not what I expected, but in a good way!"
The Berenstain Bears and the Slumber Party,9780679804192,"Stan Berenstain,Jan Berenstain",4.0,"March 1, 1990",Math,123,0,The ending left me wanting more.
Introductory Statistics with R,9780387570655,Peter Dalgaard,4.0,"January 1, 2002",Computer-Science,78,1,A thought-provoking and insightful book.
Happiness,9780802127556,Aminatta Forna,4.0,"March 6, 2018",Math,379,0,I would recommend this to fans of [genre].
Return To Me,9780758205612,Shannon McKenna,3.0,"June 1, 2004",nonfiction,147,0,I would recommend this to fans of [genre].
Return To Me,9780758205612,Shannon McKenna,4.0,"June 1, 2004",nonfiction,381,0,Disappointing after all the hype.
Return To Me,9780758205612,Shannon McKenna,,"June 1, 2004",nonfiction,410,1,This book really made me think about [a theme].
The Best of Times: Math Strategies that Multiply,9780439210447,"Greg Tang,Harry Briggs",4.0,"September 1, 2002",Math,91,1,A captivating story with well-developed characters.
Fearless Symmetry: Exposing the Hidden Patterns of Numbers,9780691124926,"Avner Ash,Robert Gross",4.0,"May 22, 2006",Math,375,0,A classic for a reason. Highly enjoyable.
Cats' Letters to Santa,9780786701230,"Bill Adler,Paul Bacon",4.0,"September 26, 1995",Children,326,0,I would recommend this to fans of [genre].
The White Stone,9780460057349,"Gunnel Linde,Imero Gobbato",3.0,"January 1, 1964",Children,3,0,A captivating story with well-developed characters.
Unleash the Power Within : Personal Coaching from Anthony Robbins That Will Transform Your Life!,9789990014556,Anthony Robbins,4.0,"January 1, 1750",Personal-Development,280,0,A quick and entertaining read.
New Math is Murder,9781939403247,Jo-Ann Lamon Reccoppa,4.0,"January 1, 2014",Math,308,0,
New Math is Murder,9781939403247,Jo-Ann Lamon Reccoppa,4.0,"January 1, 2014",Math,389,1,I found the writing style to be quite beautiful.
Schaum's Outline of Applied Physics,9780070052017,Arthur Beiser,4.0,"April 1, 1995",Math,429,1,This book really made me think about [a theme].
"Spoiler Alert (Spoiler Alert, #1)",9780063005549,Olivia Dade,4.0,"October 6, 2020",Math,187,1,I would recommend this to fans of [genre].
Walter Wick's Optical Tricks,9780590222273,Walter Wick,4.0,"September 1, 1998",Math,169,1,I couldn't put it down!
"The Absent Author (A to Z Mysteries, #1)",9780590819183,"Ron Roy,John Steven Gurney",4.0,"January 1, 1997",Math,278,1,I struggled to connect with the main character.
"Self-Help, Inc.: Makeover Culture in American Life",9780195171242,Micki McGee,4.0,"January 1, 2005",Personal-Development,500,1,The ending left me wanting more.
The Girl on the Train,9781594633669,Paula Hawkins,4.0,"January 13, 2015",Children,162,1,The world-building in this fantasy novel is incredible.
The Girl on the Train,9781594633669,Paula Hawkins,4.0,"January 13, 2015",Children,201,1,A quick and entertaining read.
An Imaginary Tale: The Story of √-1,9780691127989,Paul J. Nahin,4.0,"January 1, 1998",Math,104,0,The world-building in this fantasy novel is incredible.
The Princeton Companion to Mathematics,9780691118802,"Timothy Gowers,June Barrow-Green,Imre Leader",4.0,"October 5, 2007",Math,353,1,I couldn't put it down!
Programming Groovy 2,9781937785307,Venkat Subramaniam,4.0,"April 8, 2008",Computer-Science,368,0,
Pecos Bill (Rabbit Ears),9780887080814,"Brian Gleeson,Tim Raglin",4.0,"November 1, 1988",Children,445,0,
The Little Book of Lykke: The Danish Search for the World's Happiest People,9780241302019,Meik Wiking,4.0,"September 7, 2017",Personal-Development,82,1,The ending left me wanting more.
"Ozma of Oz (Oz, #3)",9780543895141,L. Frank Baum,4.0,"January 1, 1907",Children,183,0,I couldn't put it down!
Elements of Programming Interviews: The Insiders' Guide C++,9781530462988,"Adnan Aziz,Tsung-Hsien Lee,Amit Prakash",4.0,"October 11, 2012",Computer-Science,330,1,I found the writing style to be quite beautiful.
"Battle Angel Alita, Vol. 1",9781569310038,"Yukito Kishiro,Fred Burke,Sterling Bell,Rachel Balzora Thorn",4.0,"December 15, 1990",studio-ghibli,53,1,A thought-provoking and insightful book.
Batman: The Dark Knight Returns,9781563893414,"Frank Miller,Klaus Janson,Lynn Varley",4.0,"January 28, 1986",Comics,92,1,I found the writing style to be quite beautiful.
Death on Earth: Adventures in Evolution and Mortality,9781472915078,Jules Howard,,"January 1, 2015",Math,166,0,
Destination: Void,9780425074657,Frank Herbert,4.0,"January 1, 1966",Technology,307,0,Disappointing after all the hype.
"The Biology Of Belief: Unleashing The Power Of Consciousness, Matter And Miracles",9780975991473,Bruce H. Lipton,4.0,"January 1, 2005",Personal-Development,407,0,A quick and entertaining read.
How Do We Know Ourselves?,9781250872203,David G. Myers,4.0,"November 1, 2022",Math,98,0,The plot twists kept me guessing until the end.
How Do We Know Ourselves?,9781250872203,David G. Myers,4.0,"November 1, 2022",Math,290,1,Disappointing after all the hype.
"Triumph: Life on the Other Side of Trials, Transplants, Transition and Transformation",9781636980638,Gregory S. Works,4.0,"April 4, 2023",Business,228,0,
"Triumph: Life on the Other Side of Trials, Transplants, Transition and Transformation",9781636980638,Gregory S. Works,4.0,"April 4, 2023",Business,351,1,
Charlemagne: The Formation of a European Identity,9780521716451,Rosamond McKitterick,4.0,"January 1, 2008",nonfiction,288,1,
"Thinking, Fast and Slow",9780374275631,Daniel Kahneman,4.0,"October 25, 2011",Biology,372,1,A quick and entertaining read.
"The Kiss Quotient (The Kiss Quotient, #1)",9780451490803,Helen Hoang,4.0,"June 5, 2018",Computer-Science,474,1,I would recommend this to fans of [genre].
"Consider Phlebas (Culture, #1)",9781857231380,Iain M. Banks,4.0,"April 23, 1987",Artificial-Intelligence,391,0,
Migrations,9781250204028,Charlotte McConaghy,4.0,"August 4, 2020",Math,95,0,I would recommend this to fans of [genre].
Sphereland: A Fantasy About Curved Spaces and an Expanding Universe,9780064635745,"Dionijs Burger Jr.,Cornelia J. Rheinboldt,Isaac Asimov",4.0,"January 1, 1965",Math,493,0,
"The Misadventures of the Family Fletcher (Family Fletcher, #1)",9780385376549,Dana Alison Levy,4.0,"July 22, 2014",Children,40,0,A captivating story with well-developed characters.
"The Misadventures of the Family Fletcher (Family Fletcher, #1)",9780385376549,Dana Alison Levy,4.0,"July 22, 2014",Children,446,1,A thought-provoking and insightful book.
The Desire Map,978-1622032518,Danielle LaPorte,4.0,"December 5, 2012",Personal-Development,277,1,The world-building in this fantasy novel is incredible.
"Breathe (Breathe, #1)",9781607378907,Sloan Parker,4.0,"November 16, 2010",Cars,340,0,
"Breathe (Breathe, #1)",9781607378907,Sloan Parker,4.0,"November 16, 2010",Cars,470,1,The ending left me wanting more.
Wink and Grow Rich,9789810470135,Roger James Hamilton,4.0,"August 1, 2002",Personal-Development,118,1,This book really made me think about [a theme].
Wink and Grow Rich,9789810470135,Roger James Hamilton,4.0,"August 1, 2002",Personal-Development,404,1,A classic for a reason. Highly enjoyable.
Inside Interesting Integrals (Undergraduate Lecture Notes in Physics),9781493912766,Paul J. Nahin,5.0,"August 27, 2014",Math,290,0,A classic for a reason. Highly enjoyable.
Julius Zebra: Entangled with the Egyptians!,9781406371802,Gary Northfield,4.0,"February 1, 2018",Children,141,1,"Not what I expected, but in a good way!"
"Going Clear: Scientology, Hollywood, and the Prison of Belief",9780307700667,Lawrence Wright,4.0,"January 17, 2013",Personal-Development,72,1,I struggled to connect with the main character.
Pigs on a Blanket (Pigs Will Be Pigs),9780689822520,"Amy Axelrod,Sharon McGinley-Nally",4.0,"January 1, 1996",Math,390,0,A thought-provoking and insightful book.
Selected Papers on Computer Science,9781881526919,Donald Ervin Knuth,2.0,"July 13, 1996",Computer-Science,13,0,
"Out of Nowhere (Middle of Somewhere, #2)",9781634769037,Roan Parrish,4.0,"February 29, 2016",Cars,208,0,A captivating story with well-developed characters.
"The Body Keeps the Score: Brain, Mind, and Body in the Healing of Trauma",9780670785933,Bessel van der Kolk,1.0,"June 12, 2014",Business,129,0,I would recommend this to fans of [genre].
"The Body Keeps the Score: Brain, Mind, and Body in the Healing of Trauma",9780670785933,Bessel van der Kolk,3.0,"June 12, 2014",Business,351,0,A thought-provoking and insightful book.
Gulp: Adventures on the Alimentary Canal,9780393081572,Mary Roach,4.0,"January 4, 2013",Biology,490,1,A thought-provoking and insightful book.
Lost Connections: Uncovering the Real Causes of Depression - and the Unexpected Solutions,9781632868305,Johann Hari,4.0,"January 11, 2018",Children,274,0,A thought-provoking and insightful book.
"A Berry Merry Christmas (Misty Harbor, #4)",9780821777077,Marcia Evanick,,"January 1, 2004",nonfiction,2,0,The world-building in this fantasy novel is incredible.
Lucky,9780316096195,Alice Sebold,4.0,"August 4, 1999",History,261,1,
Finnegans Wake,9780571217359,James Joyce,4.0,"May 4, 1939",Math,147,0,The ending left me wanting more.
Four Thousand Weeks: Time Management for Mortals,9780374159122,Oliver Burkeman,4.0,"August 10, 2021",Business,416,0,The ending left me wanting more.
Six Degrees: Our Future on a Hotter Planet,9781426202131,Mark Lynas,4.0,"January 1, 2007",Math,92,0,I couldn't put it down!
Six Degrees: Our Future on a Hotter Planet,9781426202131,Mark Lynas,4.0,"January 1, 2007",Math,267,1,This book really made me think about [a theme].
Six Degrees: Our Future on a Hotter Planet,9781426202131,Mark Lynas,4.0,"January 1, 2007",Math,377,1,
Hunger (The Hunger Series),9781941539439,Jeremy Robinson,,"June 9, 2015",Math,70,0,The world-building in this fantasy novel is incredible.
Systems Thinking: Managing Chaos and Complexity - A Platform for Designing Business Architecture,9780750679732,Jamshid Gharajedaghi,4.0,"May 10, 1999",Computer-Science,53,1,A classic for a reason. Highly enjoyable.
Level Up,9781596432352,"Gene Luen Yang,Thien Pham",4.0,"January 1, 2011",Children,28,1,A captivating story with well-developed characters.
"Isaac's Storm: A Man, a Time, and the Deadliest Hurricane in History",9780375708275,Erik Larson,4.0,"August 24, 1999",Personal-Development,208,0,I couldn't put it down!
"Inside the Human Body (The Magic School Bus, #3)",9780590414272,"Joanna Cole,Bruce Degen",4.0,"January 1, 1989",Math,27,0,A classic for a reason. Highly enjoyable.
When You Are Engulfed in Flames,9780316143479,David Sedaris,4.0,"January 1, 2005",Personal-Development,77,1,The ending left me wanting more.
The Net Delusion: The Dark Side of Internet Freedom,9781586488758,Evgeny Morozov,4.0,"November 16, 2010",Computer-Science,206,0,I would recommend this to fans of [genre].
"Spirit Bound (Vampire Academy, #5)",9781595142504,Richelle Mead,,"May 18, 2010",Fantasy,99,1,I would recommend this to fans of [genre].
Men Explain Things to Me,9781608463862,Rebecca Solnit,4.0,"April 14, 2014",Personal-Development,118,1,I would recommend this to fans of [genre].
"The Naked God (Night's Dawn, #3)",9780333725030,Peter F. Hamilton,4.0,"January 1, 1999",Biology,194,0,"Not what I expected, but in a good way!"
"Rise of the Fourth Reich: Confronting COVID Fascism with a New Nuremberg Trial, So This Never Happens Again",9781637587522,"Steve Deace,Daniel Horowitz",5.0,"February 14, 2023",Math,99,0,A captivating story with well-developed characters.
"Rise of the Fourth Reich: Confronting COVID Fascism with a New Nuremberg Trial, So This Never Happens Again",9781637587522,"Steve Deace,Daniel Horowitz",,"February 14, 2023",Math,386,0,The ending left me wanting more.
"The Power of Full Engagement: Managing Energy, Not Time, Is the Key to High Performance and Personal Renewal",9780743226752,Jim Loehr,4.0,"January 1, 2003",Personal-Development,195,1,I struggled to connect with the main character.
"You Read to Me, I'll Read to You: Very Short Fairy Tales to Read Together (You Read to Me, I'll Read to You, 2)",9780316146111,"Mary Ann Hoberman,Michael Emberley",,"January 1, 2004",Children,100,1,I struggled to connect with the main character.
"Before the Coffee Gets Cold (Before the Coffee Gets Cold, #1)",9781529029581,"Toshikazu Kawaguchi,Geoffrey Trousselot",4.0,"December 6, 2015",studio-ghibli,253,1,
"Before the Coffee Gets Cold (Before the Coffee Gets Cold, #1)",9781529029581,"Toshikazu Kawaguchi,Geoffrey Trousselot",3.0,"December 6, 2015",studio-ghibli,419,0,I would recommend this to fans of [genre].
Yoga Mind And Body (DK Living),9780789433015,Sivananda Yoga Vedanta Centre,,"January 1, 1996",Personal-Development,467,0,A classic for a reason. Highly enjoyable.
Ceremony,9780140086836,Leslie Marmon Silko,4.0,"January 1, 1977",Children,407,0,Disappointing after all the hype.
Batman: Gotham by Gaslight,9781401211530,"Brian Augustyn,Mike Mignola,P. Craig Russell,Eduardo Barreto,Robert Bloch",4.0,"November 28, 1989",Comics,494,1,The ending left me wanting more.
The Mathematical Theory of Communication,9780252725487,"Claude Shannon,Warren Weaver",4.0,"January 1, 1949",Computer-Science,97,1,I couldn't put it down!
The Mathematical Theory of Communication,9780252725487,"Claude Shannon,Warren Weaver",4.0,"January 1, 1949",Computer-Science,491,0,This book really made me think about [a theme].
Alien Agenda: Investigating the Extraterrestrial Presence Among Us,9780060955366,Jim Marrs,4.0,"January 1, 1997",Personal-Development,95,1,"Not what I expected, but in a good way!"
Alien Agenda: Investigating the Extraterrestrial Presence Among Us,9780060955366,Jim Marrs,4.0,"January 1, 1997",Personal-Development,341,0,This book really made me think about [a theme].
Steppenwolf,9780140282580,"Hermann Hesse,Basil Creighton",1.0,"January 1, 1927",Personal-Development,152,0,A captivating story with well-developed characters.
Stardust,9780061142024,Neil Gaiman,4.0,"February 1, 1999",Comics,97,1,A classic for a reason. Highly enjoyable.
The Futurological Congress: From the Memoirs of Ijon Tichy,9780156340403,Stanisław Lem,,"January 1, 1971",Children,234,1,
Milkweed for Monarchs,9781506489308,"Christine Van Zandt,Alejandra Barajas",5.0,"February 6, 2024",Math,336,0,I would recommend this to fans of [genre].
The Children of Húrin,9780007246229,"J.R.R. Tolkien,Christopher Tolkien,Alan  Lee",4.0,"April 16, 2007",Children,67,0,I found the writing style to be quite beautiful.
The Children of Húrin,9780007246229,"J.R.R. Tolkien,Christopher Tolkien,Alan  Lee",4.0,"April 16, 2007",Children,185,0,I struggled to connect with the main character.
The Children of Húrin,9780007246229,"J.R.R. Tolkien,Christopher Tolkien,Alan  Lee",4.0,"April 16, 2007",Children,229,0,The world-building in this fantasy novel is incredible.
The Children of Húrin,9780007246229,"J.R.R. Tolkien,Christopher Tolkien,Alan  Lee",4.0,"April 16, 2007",Children,483,1,A captivating story with well-developed characters.
Angela's Ashes,9780684872179,Frank McCourt,4.0,"September 5, 1996",Economics,336,0,The ending left me wanting more.
Brave New World,9780060929879,Aldous Huxley,4.0,"January 1, 1932",Fantasy,176,1,
Brave New World,9780060929879,Aldous Huxley,3.0,"January 1, 1932",Fantasy,244,0,A captivating story with well-developed characters.
I Am Enough,9780062667120,"Grace Byers,Keturah A. Bobo",4.0,"March 6, 2018",Children,186,1,I struggled to connect with the main character.
The Way We Wore: Styles Of The 1930s And '40s and Our World Since Then,9781882747009,Marsha Hunt,,"June 1, 1993",nonfiction,347,0,A captivating story with well-developed characters.
"Not Nice: Stop People Pleasing, Staying Silent, & Feeling Guilty... And Start Speaking Up, Saying No, Asking Boldly, And Unapologetically Being Yourself",978-0988979871,Aziz Gazipura,,"January 1, 2017",Business,284,1,A captivating story with well-developed characters.
"The 4-Hour Body: An Uncommon Guide to Rapid Fat-Loss, Incredible Sex, and Becoming Superhuman",9780307463630,Timothy Ferriss,4.0,"January 1, 2000",Personal-Development,47,0,A classic for a reason. Highly enjoyable.
"The 4-Hour Body: An Uncommon Guide to Rapid Fat-Loss, Incredible Sex, and Becoming Superhuman",9780307463630,Timothy Ferriss,4.0,"January 1, 2000",Personal-Development,301,1,The ending left me wanting more.
"The 4-Hour Body: An Uncommon Guide to Rapid Fat-Loss, Incredible Sex, and Becoming Superhuman",9780307463630,Timothy Ferriss,,"January 1, 2000",Personal-Development,331,1,The world-building in this fantasy novel is incredible.
Aliens Love Underpants,9781416917052,Ben Cort,4.0,"January 1, 2007",Children,408,1,A captivating story with well-developed characters.
Spring Begins in March,9780140380842,Jean Little,4.0,"January 1, 1966",Children,180,0,Disappointing after all the hype.
Spring Begins in March,9780140380842,Jean Little,4.0,"January 1, 1966",Children,237,0,A classic for a reason. Highly enjoyable.
Taproot,9781941302460,Keezy  Young,4.0,"September 26, 2017",Comics,140,0,Disappointing after all the hype.
Taproot,9781941302460,Keezy  Young,4.0,"September 26, 2017",Comics,474,0,The world-building in this fantasy novel is incredible.
Habibi,9780375424144,Craig Thompson,4.0,"September 1, 2011",Comics,233,1,The ending left me wanting more.
Big Little Lies,9780399167065,Liane Moriarty,4.0,"December 25, 2014",nonfiction,215,0,I struggled to connect with the main character.
101 Things I Learned in Engineering School,9781524761967,"John Kuprenas,Matthew Frederick",4.0,"April 3, 2018",Computer-Science,4,1,The ending left me wanting more.
Willpower: Rediscovering the Greatest Human Strength,9781594203077,"Roy F. Baumeister,John Tierney",1.0,"January 1, 2011",Personal-Development,7,0,I struggled to connect with the main character.
Willpower: Rediscovering the Greatest Human Strength,9781594203077,"Roy F. Baumeister,John Tierney",4.0,"January 1, 2011",Personal-Development,363,0,
The Screwtape Letters,9780062023179,C.S. Lewis,1.0,"February 1, 1942",Personal-Development,464,0,A quick and entertaining read.
Fantastic Mr. Fox,9780375822070,"Roald Dahl,Quentin Blake",4.0,"September 12, 1970",Children,222,1,This book really made me think about [a theme].
"A Brief History of Intelligence: Evolution, AI, and the Five Breakthroughs That Made Our Brains",9780063286368,Max Solomon Bennett,4.0,"October 24, 2023",Artificial-Intelligence,55,1,
"A Brief History of Intelligence: Evolution, AI, and the Five Breakthroughs That Made Our Brains",9780063286368,Max Solomon Bennett,4.0,"October 24, 2023",Artificial-Intelligence,413,1,A classic for a reason. Highly enjoyable.
"A Brief History of Intelligence: Evolution, AI, and the Five Breakthroughs That Made Our Brains",9780063286368,Max Solomon Bennett,,"October 24, 2023",Artificial-Intelligence,460,1,I struggled to connect with the main character.
Timesnatch,9780440863229,Robert Swindells,3.0,"January 1, 1995",Math,170,0,I would recommend this to fans of [genre].
The Go Programming Language,9780134190440,"Alan A.A. Donovan,Brian W. Kernighan",4.0,"August 27, 2015",Computer-Science,282,1,A quick and entertaining read.
The Fountainhead,9789655522495,"Ayn Rand,Leonard Peikoff",,"April 15, 1943",Economics,370,0,The plot twists kept me guessing until the end.
Web Operations: Keeping the Data On Time,9781449377441,"John Allspaw,Jesse Robbins",4.0,"June 21, 2010",Computer-Science,461,1,
The Atomic Weight of Love,9781616204846,Elizabeth J. Church,4.0,"May 3, 2016",Computer-Science,418,1,A thought-provoking and insightful book.
Learning Python,9780596002817,"Mark Lutz,David Ascher",1.0,"July 24, 2013",Computer-Science,421,0,I found the writing style to be quite beautiful.
"The Dark Elf Trilogy Collector's Edition (Forgotten Realms: Dark Elf Trilogy, #1-3; Legend of Drizzt, #1-3)",9780786915880,R.A. Salvatore,4.0,"January 1, 1995",Fantasy,277,0,I would recommend this to fans of [genre].
The Snow Goose,9780394445939,Paul Gallico,4.0,"January 1, 1941",Biology,316,1,I found the writing style to be quite beautiful.
The Snow Goose,9780394445939,Paul Gallico,,"January 1, 1941",Biology,412,0,The world-building in this fantasy novel is incredible.
Stiff: The Curious Lives of Human Cadavers,9780393050936,Mary Roach,4.0,"April 17, 2003",Artificial-Intelligence,423,1,
Presence: Bringing Your Boldest Self to Your Biggest Challenges,9780316256575,Amy Cuddy,4.0,"November 3, 2015",Business,126,1,Disappointing after all the hype.
Presence: Bringing Your Boldest Self to Your Biggest Challenges,9780316256575,Amy Cuddy,4.0,"November 3, 2015",Business,272,1,I would recommend this to fans of [genre].
Happy: Simple Steps to Get the Most Out of Life,9780312606350,Ian K. Smith,3.0,"January 1, 2010",Personal-Development,303,0,I couldn't put it down!
Ludo and the Star Horse,9780340191705,Mary  Stewart,4.0,"January 1, 1974",Math,54,0,I found the writing style to be quite beautiful.
Practical Vim: Edit Text at the Speed of Thought,9781934356982,Drew Neil,4.0,"September 1, 2012",Computer-Science,342,1,Disappointing after all the hype.
The Essential Path: Making the Daring Decision to Be Who You Truly Are,9781250218834,Neale Donald Walsch,4.0,"June 4, 2019",Personal-Development,77,1,A thought-provoking and insightful book.
The Essential Path: Making the Daring Decision to Be Who You Truly Are,9781250218834,Neale Donald Walsch,2.0,"June 4, 2019",Personal-Development,325,0,I couldn't put it down!
"Sabriel (Abhorsen, #1)",9780064471831,Garth Nix,4.0,"May 1, 1995",Fantasy,282,0,
"Sabriel (Abhorsen, #1)",9780064471831,Garth Nix,4.0,"May 1, 1995",Fantasy,313,1,I couldn't put it down!
"Sabriel (Abhorsen, #1)",9780064471831,Garth Nix,4.0,"May 1, 1995",Fantasy,402,1,Disappointing after all the hype.
Clean Architecture,9780134494166,Robert C. Martin,4.0,"September 1, 2017",Computer-Science,18,1,I would recommend this to fans of [genre].
Clean Architecture,9780134494166,Robert C. Martin,4.0,"September 1, 2017",Computer-Science,442,0,The plot twists kept me guessing until the end.
Ben & Jerry's: The Inside Scoop: How Two Real Guys Built a Business with a Social Conscience and a Sense of Humor,9780517883709,Fred Lager,,"May 17, 1994",Technology,247,1,I struggled to connect with the main character.
"The Sandman, Vol. 3: Dream Country",9781563892264,"Neil Gaiman,Bob Kahan",4.0,"September 27, 1990",Comics,321,1,This book really made me think about [a theme].
Social: Why Our Brains Are Wired to Connect,9780307889096,Matthew D. Lieberman,4.0,"January 1, 2013",Economics,102,1,The world-building in this fantasy novel is incredible.
Alien Overnight,9781419910852,Robin L. Rotham,3.0,"May 15, 2007",Biology,308,1,
The Sprite and the Gardener,9781620109069,"Rii Abrego,Joe Whitt",1.0,"May 1, 2021",studio-ghibli,93,0,I would recommend this to fans of [genre].
The Speckled Monster: A Historical Tale of Battling Smallpox,9780452285071,Jennifer Lee Carrell,4.0,"April 10, 2003",nonfiction,104,0,This book really made me think about [a theme].
The Speckled Monster: A Historical Tale of Battling Smallpox,9780452285071,Jennifer Lee Carrell,4.0,"April 10, 2003",nonfiction,396,1,I struggled to connect with the main character.
Mastering Bitcoin: Unlocking Digital Cryptocurrencies,9781449374044,Andreas M. Antonopoulos,4.0,"July 1, 2014",Computer-Science,22,1,"Not what I expected, but in a good way!"
Mastering Bitcoin: Unlocking Digital Cryptocurrencies,9781449374044,Andreas M. Antonopoulos,4.0,"July 1, 2014",Computer-Science,160,0,A thought-provoking and insightful book.
"The First Four Years  (Little House, #9)",9780060885458,"Laura Ingalls Wilder,Garth Williams",4.0,"January 1, 1971",Children,265,1,A quick and entertaining read.
Become a Better You: 7 Keys to Improving Your Life Every Day,9780743296885,Joel Osteen,1.0,"January 1, 2007",nonfiction,399,0,A thought-provoking and insightful book.
Become a Better You: 7 Keys to Improving Your Life Every Day,9780743296885,Joel Osteen,,"January 1, 2007",nonfiction,491,1,The plot twists kept me guessing until the end.
"Options, Futures and Other Derivatives",9781447930419,John C. Hull,4.0,"March 20, 2013",Math,14,1,The ending left me wanting more.
"Options, Futures and Other Derivatives",9781447930419,John C. Hull,4.0,"March 20, 2013",Math,204,1,I would recommend this to fans of [genre].
"Options, Futures and Other Derivatives",9781447930419,John C. Hull,3.0,"March 20, 2013",Math,485,0,
Drive: The Surprising Truth About What Motivates Us,9781594488849,Daniel H. Pink,4.0,"December 29, 2009",Business,384,0,I found the writing style to be quite beautiful.
Drive: The Surprising Truth About What Motivates Us,9781594488849,Daniel H. Pink,,"December 29, 2009",Business,464,0,Disappointing after all the hype.
"The Inheritor's Powder: A Tale of Arsenic, Murder, and the New Forensic Science",9780393349887,Sandra Hempel,3.0,"January 1, 2013",Math,39,1,"Not what I expected, but in a good way!"
"The Inheritor's Powder: A Tale of Arsenic, Murder, and the New Forensic Science",9780393349887,Sandra Hempel,3.0,"January 1, 2013",Math,157,0,The pacing felt a bit off in the middle.
The Line of the Sun,9780820313351,Judith Ortiz Cofer,4.0,"June 1, 1989",Math,143,0,The world-building in this fantasy novel is incredible.
Consider the Lobster and Other Essays,9780316156110,David Foster Wallace,4.0,"December 13, 2005",Personal-Development,361,0,I found the writing style to be quite beautiful.
AI Does Not Hate You,9781474608770,Tom  Chivers,4.0,"June 13, 2019",Computer-Science,24,1,The ending left me wanting more.
AI Does Not Hate You,9781474608770,Tom  Chivers,4.0,"June 13, 2019",Computer-Science,448,1,This book really made me think about [a theme].
Event Horizon,9780812540062,Steven E. McDonald,4.0,"August 1, 1997",Biology,355,1,The ending left me wanting more.
Oxygen: A Four Billion Year History (Science Essentials),9780691145020,Donald E. Canfield,4.0,"November 21, 2013",Math,219,1,I struggled to connect with the main character.
"Eldest (The Inheritance Cycle, #2)",9780375840401,Christopher Paolini,4.0,"August 23, 2005",Fantasy,477,1,This book really made me think about [a theme].
Goodnight Goon: a Petrifying Parody,9780399245343,Michael Rex,,"August 14, 2008",Children,206,1,I would recommend this to fans of [genre].
Goodnight Goon: a Petrifying Parody,9780399245343,Michael Rex,4.0,"August 14, 2008",Children,345,1,A thought-provoking and insightful book.
Goodnight Goon: a Petrifying Parody,9780399245343,Michael Rex,1.0,"August 14, 2008",Children,384,0,I found the writing style to be quite beautiful.
What an Owl Knows: The New Science of the World's Most Enigmatic Birds,9780593298886,Jennifer Ackerman,4.0,"June 13, 2023",Biology,285,0,A captivating story with well-developed characters.
The Man Who Knew Too Much: Alan Turing and the Invention of the Computer (Great Discoveries),9780393329094,David Leavitt,3.0,"January 1, 2006",Computer-Science,407,0,I found the writing style to be quite beautiful.
"Creativity, Inc.: Overcoming the Unseen Forces That Stand in the Way of True Inspiration",9780812993011,"Ed Catmull,Amy    Wallace",2.0,"September 1, 2014",Children,70,0,I couldn't put it down!
Monster Math,9780152165307,"Anne Miranda,Polly Powell",4.0,"January 1, 1999",Math,413,0,I found the writing style to be quite beautiful.
Serial Killers: The Method and Madness of Monsters,9780425196403,Peter Vronsky,4.0,"October 5, 2004",History,406,1,Disappointing after all the hype.
Serial Killers: The Method and Madness of Monsters,9780425196403,Peter Vronsky,4.0,"October 5, 2004",History,490,0,
Loving What Is: Four Questions That Can Change Your Life,9781400045372,"Byron Katie,Stephen Mitchell",4.0,"January 1, 2002",Personal-Development,218,1,I couldn't put it down!
Nanny and Me,9781529102413,Florence Ann Romano,1.0,"September 2, 2014",Children,284,0,"Not what I expected, but in a good way!"
Kitchen Confidential: Adventures in the Culinary Underbelly,9780060899226,Anthony Bourdain,4.0,"August 1, 2000",Personal-Development,333,1,
Kitchen Confidential: Adventures in the Culinary Underbelly,9780060899226,Anthony Bourdain,4.0,"August 1, 2000",Personal-Development,482,1,A quick and entertaining read.
"The Stonekeeper (Amulet, #1)",9780439846806,Kazu Kibuishi,4.0,"January 1, 2008",Comics,452,1,Disappointing after all the hype.
Packing for Mars: The Curious Science of Life in the Void,9780393339918,Mary Roach,4.0,"August 2, 2010",Personal-Development,81,0,
Fractions in Disguise: A Math Adventure (Charlesbridge Math Adventures),9781570917738,"Edward Einhorn,David                Clark",2.0,"January 1, 2014",Math,457,0,I would recommend this to fans of [genre].
How to Steal a Dog,9780374334970,Barbara O&apos;Connor,4.0,"January 1, 2007",Children,428,1,Disappointing after all the hype.
"The Return of Sherlock Holmes (Sherlock Holmes, #6)",9780192123176,"Arthur Conan Doyle,Owen Dudley Edwards,Angus Wilson,Richard Lancelyn Green",4.0,"January 1, 1905",Math,211,1,I couldn't put it down!
Robot Dreams,9781596431089,Sara Varon,4.0,"August 1, 2007",Comics,328,0,The plot twists kept me guessing until the end.
Mental Traps: The Overthinker's Guide to a Happier Life,9780385662505,André Kukla,3.0,"September 15, 2006",Personal-Development,331,0,Disappointing after all the hype.
MindHub: Personality Profiler,9781521382417,Snapshot Systems,4.0,"August 1, 2022",Personal-Development,389,1,I would recommend this to fans of [genre].
Creating Monsters,9781439851555,Christopher Rankin,4.0,"January 10, 2012",Children,444,1,A quick and entertaining read.
The World in a Grain: The Story of Sand and How It Transformed Civilization,9780399576423,Vince Beiser,4.0,"August 7, 2018",Computer-Science,154,1,The world-building in this fantasy novel is incredible.
The World in a Grain: The Story of Sand and How It Transformed Civilization,9780399576423,Vince Beiser,4.0,"August 7, 2018",Computer-Science,243,1,
Goodbye to All That,9780199697717,"Robert  Graves,Raleigh Trevelyan",4.0,"January 1, 1929",History,88,1,I would recommend this to fans of [genre].
"Red Notice: A True Story of High Finance, Murder, and One Man's Fight for Justice",9781476755717,Bill Browder,4.0,"January 1, 2015",Personal-Development,197,0,The plot twists kept me guessing until the end.
Noah Webster and His Words,9780547390550,"Jeri Chase Ferris,Vincent X. Kirsch",4.0,"October 23, 2012",Math,113,0,The plot twists kept me guessing until the end.
The Spy and the Traitor: The Greatest Espionage Story of the Cold War,9780771060335,Ben Macintyre,,"September 18, 2018",Personal-Development,19,0,A captivating story with well-developed characters.
The Spy and the Traitor: The Greatest Espionage Story of the Cold War,9780771060335,Ben Macintyre,5.0,"September 18, 2018",Personal-Development,80,0,The world-building in this fantasy novel is incredible.
The Spy and the Traitor: The Greatest Espionage Story of the Cold War,9780771060335,Ben Macintyre,,"September 18, 2018",Personal-Development,94,1,I would recommend this to fans of [genre].
Humans Need Not Apply: A Guide to Wealth and Work in the Age of Artificial Intelligence,9780300213553,Jerry Kaplan,4.0,"August 4, 2015",Computer-Science,81,1,The world-building in this fantasy novel is incredible.
Mamo,9781684158171,Sas Milledge,4.0,"April 13, 2022",studio-ghibli,104,1,
Mamo,9781684158171,Sas Milledge,4.0,"April 13, 2022",studio-ghibli,266,0,"Not what I expected, but in a good way!"
Whatever It Takes: Geoffrey Canada's Quest to Change Harlem and America,9780618569892,Paul Tough,,"August 12, 2008",Personal-Development,133,1,I struggled to connect with the main character.
The Gardener,9780374325176,"Sarah Stewart,David Small",4.0,"August 30, 1997",Children,26,1,The plot twists kept me guessing until the end.
The Librarian Who Measured the Earth,9780316515269,Kathryn Lasky,1.0,"September 1, 1994",Math,235,0,
Spam Nation: The Inside Story of Organized Cybercrime — from Global Epidemic to Your Front Door,9781402295614,Brian Krebs,1.0,"September 1, 2014",Computer-Science,66,0,"Not what I expected, but in a good way!"
Spam Nation: The Inside Story of Organized Cybercrime — from Global Epidemic to Your Front Door,9781402295614,Brian Krebs,4.0,"September 1, 2014",Computer-Science,315,1,A classic for a reason. Highly enjoyable.
Spam Nation: The Inside Story of Organized Cybercrime — from Global Epidemic to Your Front Door,9781402295614,Brian Krebs,4.0,"September 1, 2014",Computer-Science,378,0,
"Sleeping Giants (Themis Files, #1)",9781101886694,Sylvain Neuvel,4.0,"April 26, 2016",Math,404,1,
"Sleeping Giants (Themis Files, #1)",9781101886694,Sylvain Neuvel,1.0,"April 26, 2016",Math,470,0,I couldn't put it down!
"The Geometry of Holding Hands (Isabel Dalhousie, #13)",9781524748951,Alexander McCall Smith,4.0,"July 21, 2020",Math,250,0,A thought-provoking and insightful book.
Snow Crash,9780553380958,Neal Stephenson,4.0,"June 1, 1992",Artificial-Intelligence,217,0,Disappointing after all the hype.
Snow Crash,9780553380958,Neal Stephenson,2.0,"June 1, 1992",Artificial-Intelligence,251,0,I struggled to connect with the main character.
The Bee Tree,9780698116962,Patricia Polacco,4.0,"April 21, 1993",Children,278,0,"Not what I expected, but in a good way!"
Maryam's Magic: The Story of Mathematician Maryam Mirzakhani,9780062915962,"Megan Reid,Aaliya Jaleel",2.0,"January 19, 2021",Math,25,0,A captivating story with well-developed characters.
Maryam's Magic: The Story of Mathematician Maryam Mirzakhani,9780062915962,"Megan Reid,Aaliya Jaleel",4.0,"January 19, 2021",Math,228,1,The ending left me wanting more.
My Mechanical Romance,9780823450107,Alexene Farol Follmuth,4.0,"May 31, 2022",Math,337,1,
Princess Mononoke: The First Story,9781421575865,Hayao Miyazaki,4.0,"January 1, 1993",studio-ghibli,131,0,The plot twists kept me guessing until the end.
The Wild Birds,9781945572753,Emily Strelow,4.0,"March 13, 2018",Biology,163,1,A classic for a reason. Highly enjoyable.
"The Best of Nancy Drew Classic Collection, Volume 1 (The Secret of the Old Clock / The Bungalow Mystery / The Mystery of the 99 Steps)",9780448440798,Carolyn Keene,,"May 11, 2004",Math,221,0,A thought-provoking and insightful book.
"The Best of Nancy Drew Classic Collection, Volume 1 (The Secret of the Old Clock / The Bungalow Mystery / The Mystery of the 99 Steps)",9780448440798,Carolyn Keene,4.0,"May 11, 2004",Math,408,1,A quick and entertaining read.
On Safari in R'lyeh and Carcosa with Gun and Camera,9781250624291,Elizabeth Bear,4.0,"November 18, 2020",Computer-Science,22,0,A classic for a reason. Highly enjoyable.
On Safari in R'lyeh and Carcosa with Gun and Camera,9781250624291,Elizabeth Bear,4.0,"November 18, 2020",Computer-Science,179,1,I couldn't put it down!
On Safari in R'lyeh and Carcosa with Gun and Camera,9781250624291,Elizabeth Bear,4.0,"November 18, 2020",Computer-Science,201,0,I would recommend this to fans of [genre].
Why Evolution Is True,9780670020539,Jerry A. Coyne,4.0,"January 1, 2008",Math,129,1,I couldn't put it down!
Why Evolution Is True,9780670020539,Jerry A. Coyne,,"January 1, 2008",Math,132,1,The ending left me wanting more.
"The Nothingness of Ben (The Austin Trilogy, #1)",9781623801380,Brad Boney,,"November 22, 2012",Cars,471,0,I would recommend this to fans of [genre].
They Called Us Enemy,9781603094504,"George Takei,Justin Eisinger,Steven Scott,Harmony Becker",4.0,"July 16, 2019",Personal-Development,191,0,
They Called Us Enemy,9781603094504,"George Takei,Justin Eisinger,Steven Scott,Harmony Becker",4.0,"July 16, 2019",Personal-Development,232,1,A classic for a reason. Highly enjoyable.
The Island of the Colorblind,9780375700736,Oliver Sacks,4.0,"January 1, 1997",Computer-Science,424,1,
Fooled by Randomness: The Hidden Role of Chance in Life and in the Markets (Incerto),9780812975215,Nassim Nicholas Taleb,4.0,"November 3, 2001",Children,338,0,A thought-provoking and insightful book.
Fooled by Randomness: The Hidden Role of Chance in Life and in the Markets (Incerto),9780812975215,Nassim Nicholas Taleb,4.0,"November 3, 2001",Children,442,1,This book really made me think about [a theme].
"Karma Girl (Bigtime, #1)",9780425215111,Jennifer Estep,4.0,"May 1, 2007",Comics,184,0,I would recommend this to fans of [genre].
"Gin Tama, Vol. 1 (Gin Tama, #1)",9781421513584,Hideaki Sorachi,4.0,"April 2, 2004",studio-ghibli,177,1,The pacing felt a bit off in the middle.
"A Kiss of Shadows (Merry Gentry, #1)",9780345490650,Laurell K. Hamilton,1.0,"September 30, 2000",Fantasy,479,0,The ending left me wanting more.
Waffles and Pancakes: A Lesson in Bullying,9780988270718,"Cindy Springsteen,Jim Brenneman",5.0,"April 17, 2012",Children,436,0,I found the writing style to be quite beautiful.
Clojure Programming: Practical Lisp for the Java World,9781449394707,"Chas Emerick,Brian Carper,Christophe Grand",4.0,"August 15, 2011",Computer-Science,102,0,The pacing felt a bit off in the middle.
The Layover,9780593328255,Lacie Waldon,1.0,"June 15, 2021",Cars,3,0,
The Wishing Chair Collections: Three Exciting Stories in One,9780603560743,Enid Blyton,4.0,"January 1, 2002",Children,2,0,A thought-provoking and insightful book.
The John Varley Reader,9780441011957,John Varley,4.0,"September 7, 2004",Children,417,0,Disappointing after all the hype.
The Valley of Vision: A Collection of Puritan Prayers and Devotions,9780851512280,Arthur      Bennett,,"November 1, 1975",Personal-Development,161,0,"Not what I expected, but in a good way!"
"Rosemary and Rue (October Daye, #1)",9780756405717,Seanan McGuire,4.0,"September 1, 2009",Fantasy,53,0,I couldn't put it down!
"Rosemary and Rue (October Daye, #1)",9780756405717,Seanan McGuire,4.0,"September 1, 2009",Fantasy,285,1,The pacing felt a bit off in the middle.
"Rosemary and Rue (October Daye, #1)",9780756405717,Seanan McGuire,4.0,"September 1, 2009",Fantasy,313,0,Disappointing after all the hype.
"Big Stone Gap (Big Stone Gap, #1)",9780345459206,Adriana Trigiani,4.0,"January 1, 2000",Children,286,1,A quick and entertaining read.
A People’s History of the United States: 1492 - Present,9780060838652,Howard Zinn,4.0,"January 1, 1980",Personal-Development,341,0,The ending left me wanting more.
The Orchid Thief,9780449003718,Susan Orlean,4.0,"January 1, 1998",Technology,36,0,This book really made me think about [a theme].
The Orchid Thief,9780449003718,Susan Orlean,4.0,"January 1, 1998",Technology,292,0,A thought-provoking and insightful book.
In The Time Of Dinosaurs (Magic School Bus),9780590446891,Joanna Cole,,"January 1, 1994",Math,211,0,The pacing felt a bit off in the middle.
Speedboat,9780060971434,Renata Adler,4.0,"January 1, 1976",Children,264,1,The ending left me wanting more.
Speedboat,9780060971434,Renata Adler,4.0,"January 1, 1976",Children,287,0,I would recommend this to fans of [genre].
Spook: Science Tackles the Afterlife,9780393329124,Mary Roach,4.0,"January 1, 2005",Biology,204,1,Disappointing after all the hype.
Spook: Science Tackles the Afterlife,9780393329124,Mary Roach,4.0,"January 1, 2005",Biology,271,1,I found the writing style to be quite beautiful.
Emmy in the Key of Code,9780358040828,Aimee Lucido,4.0,"September 24, 2019",Computer-Science,203,1,
Emmy in the Key of Code,9780358040828,Aimee Lucido,2.0,"September 24, 2019",Computer-Science,354,0,I found the writing style to be quite beautiful.
Pragmatic Thinking and Learning: Refactor Your Wetware,9781934356050,Andy   Hunt,,"August 15, 2008",Computer-Science,14,1,I couldn't put it down!
Pragmatic Thinking and Learning: Refactor Your Wetware,9781934356050,Andy   Hunt,,"August 15, 2008",Computer-Science,168,1,I found the writing style to be quite beautiful.
Prime Obsession: Bernhard Riemann and the Greatest Unsolved Problem in Mathematics,9780452285255,John Derbyshire,4.0,"January 1, 2003",Math,482,1,This book really made me think about [a theme].
Black Fire,9798985170047,William Kely McClung,2.0,"February 25, 2023",Technology,211,0,
Economic Facts and Fallacies,9780465003495,Thomas Sowell,,"December 30, 2007",Economics,1,1,A quick and entertaining read.
The Groo Houndbook (Groo the Wanderer #29-32),9781569713853,Sergio Aragonés,4.0,"January 1, 1999",Children,32,1,I would recommend this to fans of [genre].
The Groo Houndbook (Groo the Wanderer #29-32),9781569713853,Sergio Aragonés,4.0,"January 1, 1999",Children,143,1,I found the writing style to be quite beautiful.
The Groo Houndbook (Groo the Wanderer #29-32),9781569713853,Sergio Aragonés,4.0,"January 1, 1999",Children,451,1,Disappointing after all the hype.
Developing the Leader Within You,9780785281122,John C. Maxwell,4.0,"October 1, 2005",Personal-Development,296,1,This book really made me think about [a theme].
"It's Not Shakespeare (It's Not Shakespeare, #1)",9781613722008,Amy Lane,1.0,"November 8, 2011",Cars,146,0,A quick and entertaining read.
"The Perfumist of Paris (The Jaipur Trilogy, #3)",9780778386148,Alka Joshi,4.0,"March 28, 2023",Math,135,1,I would recommend this to fans of [genre].
Economic Science and the Austrian Method,9780945466208,"Hans-Hermann Hoppe,Llewellyn H. Rockwell Jr.",,"February 26, 1995",Economics,153,0,The ending left me wanting more.
How Reading Changed My Life,9780345422781,Anna Quindlen,3.0,"January 1, 1998",Personal-Development,106,0,"Not what I expected, but in a good way!"
How Reading Changed My Life,9780345422781,Anna Quindlen,,"January 1, 1998",Personal-Development,271,1,Disappointing after all the hype.
If You Take a Mouse to the Movies (If You Give...),9780060278687,"Laura Numeroff,Felicia Bond",4.0,"October 3, 2000",Children,258,1,A thought-provoking and insightful book.
Dorrie and the Goblin,9780140319897,Patricia Coombs,,"August 1, 1972",Children,223,0,The ending left me wanting more.
Dorrie and the Goblin,9780140319897,Patricia Coombs,4.0,"August 1, 1972",Children,348,1,
Dorrie and the Goblin,9780140319897,Patricia Coombs,4.0,"August 1, 1972",Children,387,0,A captivating story with well-developed characters.
"Stand Tall, Molly Lou Melon",9780399234163,"Patty Lovell,David Catrow",4.0,"April 1, 1994",Children,299,1,"Not what I expected, but in a good way!"
"Stand Tall, Molly Lou Melon",9780399234163,"Patty Lovell,David Catrow",4.0,"April 1, 1994",Children,456,0,I would recommend this to fans of [genre].
The Art of Loving,9780061129735,Erich Fromm,4.0,"January 1, 1956",Personal-Development,228,1,Disappointing after all the hype.
"North and South (North and South, #1)",9780451200815,John Jakes,4.0,"January 1, 1982",Children,14,0,Disappointing after all the hype.
The Story of the Amulet,9780140301304,"E. Nesbit,H.R. Millar",4.0,"January 1, 1906",Children,62,0,"Not what I expected, but in a good way!"
A Story of Yesterday,9781599150260,Sergio Cobo,5.0,"March 6, 2014",Fantasy,103,0,I would recommend this to fans of [genre].
A Story of Yesterday,9781599150260,Sergio Cobo,5.0,"March 6, 2014",Fantasy,274,1,The plot twists kept me guessing until the end.
"Field Notes from a Catastrophe: Man, Nature, and Climate Change",9781596911307,Elizabeth Kolbert,4.0,"January 1, 2006",Math,61,0,A thought-provoking and insightful book.
"Butterflies (Scholastic Reader, Level 2: Nic Bishop #1)",9780545284349,Nic Bishop,4.0,"February 1, 2011",Math,110,1,The plot twists kept me guessing until the end.
My Neighbor Totoro 1,9781591166474,Hayao Miyazaki,,"June 30, 1988",studio-ghibli,65,1,A quick and entertaining read.
Song of Solomon,9781400033423,Toni Morrison,4.0,"August 12, 1977",Children,39,1,The ending left me wanting more.
Bad Feminist,9780062282712,Roxane Gay,4.0,"August 5, 2014",Personal-Development,194,0,Disappointing after all the hype.
Dead Space: Catalyst,9780857681768,"B.K. Evenson,Brian Evenson",4.0,"July 17, 2012",Biology,234,0,I would recommend this to fans of [genre].
Dead Space: Catalyst,9780857681768,"B.K. Evenson,Brian Evenson",1.0,"July 17, 2012",Biology,348,0,A classic for a reason. Highly enjoyable.
High Performance Python: Practical Performant Programming for Humans,9781492055020,"Micha Gorelick,Ian Ozsvald",4.0,"October 22, 2013",Computer-Science,65,0,A quick and entertaining read.
High Performance Python: Practical Performant Programming for Humans,9781492055020,"Micha Gorelick,Ian Ozsvald",,"October 22, 2013",Computer-Science,267,0,This book really made me think about [a theme].
"The Gunslinger (The Dark Tower, #1)",9781501143519,Stephen        King,4.0,"June 1, 1982",Fantasy,31,1,The world-building in this fantasy novel is incredible.
"The Gunslinger (The Dark Tower, #1)",9781501143519,Stephen        King,4.0,"June 1, 1982",Fantasy,272,1,
"The Gunslinger (The Dark Tower, #1)",9781501143519,Stephen        King,4.0,"June 1, 1982",Fantasy,300,1,A captivating story with well-developed characters.
"The Fellowship of the Ring (The Lord of the Rings, #1)",9780345008626,J.R.R. Tolkien,3.0,"July 29, 1954",Children,20,0,I found the writing style to be quite beautiful.
"The Fellowship of the Ring (The Lord of the Rings, #1)",9780345008626,J.R.R. Tolkien,4.0,"July 29, 1954",Children,311,0,I couldn't put it down!
"The Fellowship of the Ring (The Lord of the Rings, #1)",9780345008626,J.R.R. Tolkien,4.0,"July 29, 1954",Children,382,0,I struggled to connect with the main character.
"Kiss of Midnight (Midnight Breed,  #1)",9780553589375,Lara Adrian,4.0,"May 1, 2007",Fantasy,175,0,I found the writing style to be quite beautiful.
The Stand,9780814409107,"Stephen        King,Bernie Wrightson",4.0,"October 3, 1978",Fantasy,145,1,A quick and entertaining read.
The Lost Boy (Dave Pelzer #2),9781558745155,Dave Pelzer,3.0,"January 1, 1997",Business,294,0,A quick and entertaining read.
"Wheels for the World: Henry Ford, His Company, and a Century of Progress",9780142004395,Douglas Brinkley,4.0,"April 28, 2003",Cars,362,0,A thought-provoking and insightful book.
Digging Deep: Unearthing Your Creative Roots Through Gardening,9780990791928,Fran Sorin,4.0,"April 1, 2004",Personal-Development,125,0,I found the writing style to be quite beautiful.
Living in Harmony with the Real World Vol 3: Coping with Loss and Grief,9798705464128,Gary Edward Gedall,1.0,"February 6, 2021",Personal-Development,194,0,The pacing felt a bit off in the middle.
Living in Harmony with the Real World Vol 3: Coping with Loss and Grief,9798705464128,Gary Edward Gedall,4.0,"February 6, 2021",Personal-Development,261,1,A thought-provoking and insightful book.
Living in Harmony with the Real World Vol 3: Coping with Loss and Grief,9798705464128,Gary Edward Gedall,,"February 6, 2021",Personal-Development,394,0,The world-building in this fantasy novel is incredible.
Living in Harmony with the Real World Vol 3: Coping with Loss and Grief,9798705464128,Gary Edward Gedall,,"February 6, 2021",Personal-Development,439,0,"Not what I expected, but in a good way!"
The Pencil: A History of Design and Circumstance,9780679734154,Henry Petroski,3.0,"November 10, 1992",Technology,33,0,The plot twists kept me guessing until the end.
The Pencil: A History of Design and Circumstance,9780679734154,Henry Petroski,4.0,"November 10, 1992",Technology,188,1,I couldn't put it down!
The Pencil: A History of Design and Circumstance,9780679734154,Henry Petroski,4.0,"November 10, 1992",Technology,383,0,A classic for a reason. Highly enjoyable.
The Code Book: The Science of Secrecy from Ancient Egypt to Quantum Cryptography,9781857028799,Simon Singh,4.0,"January 1, 1999",Math,295,0,I found the writing style to be quite beautiful.
A Lab of One's Own: Science and Suffrage in the First World War,9780198794981,Patricia Fara,,"March 1, 2018",Math,46,0,The world-building in this fantasy novel is incredible.
"The Countess Conspiracy (Brothers Sinister, #3)",9781937248208,Courtney Milan,4.0,"December 16, 2013",Technology,252,0,
The Brothers Vonnegut: Science and Fiction in the House of Magic,9780374117016,Ginger Strand,1.0,"November 17, 2015",Math,231,0,A classic for a reason. Highly enjoyable.
The Brothers Vonnegut: Science and Fiction in the House of Magic,9780374117016,Ginger Strand,4.0,"November 17, 2015",Math,384,1,The pacing felt a bit off in the middle.
Complex Adaptive Systems: An Introduction to Computational Models of Social Life,9780691127026,"John H.  Miller,Scott E. Page",4.0,"January 1, 2007",Math,182,0,A thought-provoking and insightful book.
Complex Adaptive Systems: An Introduction to Computational Models of Social Life,9780691127026,"John H.  Miller,Scott E. Page",4.0,"January 1, 2007",Math,209,0,The pacing felt a bit off in the middle.
"Friday's Tunnel (Callendars, #1)",9780448048703,John Verney,4.0,"January 1, 1959",Children,443,0,The ending left me wanting more.
The Best-Loved Doll (An Owlet Book),9780805054675,"Rebecca Caudill,Elliott Gilbert",4.0,"January 1, 1962",Children,32,1,
Breaking the Maya Code,9780500281338,Michael D. Coe,4.0,"September 7, 1992",Math,334,1,The pacing felt a bit off in the middle.
Dreams Lie Beneath,9780063015951,Rebecca   Ross,4.0,"November 2, 2021",studio-ghibli,322,1,"Not what I expected, but in a good way!"
Dreams Lie Beneath,9780063015951,Rebecca   Ross,4.0,"November 2, 2021",studio-ghibli,490,0,A quick and entertaining read.
Dreams Lie Beneath,9780063015951,Rebecca   Ross,3.0,"November 2, 2021",studio-ghibli,500,0,The pacing felt a bit off in the middle.
"The Rise of Renegade X (Renegade X, #1)",9781606840603,Chelsea M. Campbell,4.0,"May 11, 2010",Comics,222,1,I couldn't put it down!
"The Rise of Renegade X (Renegade X, #1)",9781606840603,Chelsea M. Campbell,3.0,"May 11, 2010",Comics,499,0,I couldn't put it down!
"Voices of Cancer: What We Really Want, What We Really Need",9781645430391,Lynda Wolters,4.0,"October 1, 2019",Personal-Development,356,1,A captivating story with well-developed characters.
The Red Book: Liber Novus,9780393065671,"C.G. Jung,Sonu Shamdasani,Mark Kyburz,John Peck,Ulrich Hoerni",3.0,"January 1, 2009",Personal-Development,102,0,I would recommend this to fans of [genre].
The Red Book: Liber Novus,9780393065671,"C.G. Jung,Sonu Shamdasani,Mark Kyburz,John Peck,Ulrich Hoerni",,"January 1, 2009",Personal-Development,118,0,Disappointing after all the hype.
"Adult Children of Emotionally Immature Parents: How to Heal from Distant, Rejecting, or Self-Involved Parents",9781626251700,Lindsay C. Gibson,4.0,"June 1, 2015",Personal-Development,343,1,I found the writing style to be quite beautiful.
Think Better: An Innovator's Guide to Productive Thinking,9780071494939,Tim Hurson,4.0,"September 26, 2007",Personal-Development,80,1,I would recommend this to fans of [genre].
"The Absolute Sandman, Volume 2",9781401210830,"Neil Gaiman,Shawn McManus,Kelley Jones,Mike Dringenberg,Bryan Talbot,John Watkiss,Matt Wagner,Stan Woch,Colleen Doran,Duncan Eagleson,John Bolton,Malcolm Jones III,George Pratt,Dick Giordano,P. Craig Russell,Vince Locke,Daniel Vozzo,Steve Oliff,Todd Klein,Dave McKean",5.0,"July 1, 1992",Comics,288,1,A thought-provoking and insightful book.
Computational Complexity: A Modern Approach,9780521424264,"Sanjeev Arora,Boaz Barak",4.0,"December 13, 2007",Computer-Science,42,1,I struggled to connect with the main character.
"The Art of Memory Forensics: Detecting Malware and Threats in Windows, Linux, and Mac Memory",9781118825099,"Michael Hale Ligh,Andrew Case,Jamie Levy,Aaron Walters",4.0,"July 14, 2014",Computer-Science,340,1,I would recommend this to fans of [genre].
"The Art of Memory Forensics: Detecting Malware and Threats in Windows, Linux, and Mac Memory",9781118825099,"Michael Hale Ligh,Andrew Case,Jamie Levy,Aaron Walters",4.0,"July 14, 2014",Computer-Science,451,0,I struggled to connect with the main character.
"Liar, Temptress, Soldier, Spy: Four Women Undercover in the Civil War",9780062092892,Karen Abbott,4.0,"July 1, 2014",Personal-Development,99,0,The plot twists kept me guessing until the end.
"Liar, Temptress, Soldier, Spy: Four Women Undercover in the Civil War",9780062092892,Karen Abbott,4.0,"July 1, 2014",Personal-Development,181,0,A thought-provoking and insightful book.
Ways of Seeing,9780140135152,John Berger,3.0,"January 1, 1972",Personal-Development,230,0,A classic for a reason. Highly enjoyable.
Ways of Seeing,9780140135152,John Berger,4.0,"January 1, 1972",Personal-Development,367,0,A thought-provoking and insightful book.
Magic Delivery,9781423165972,"Clete Barrett Smith,Michal Dziekan",4.0,"August 1, 2014",Children,376,1,Disappointing after all the hype.
Math and Magic in Wonderland (Math and Magic Adventures),9781532894428,Lilac Mohr,2.0,"May 24, 2016",Math,158,0,The pacing felt a bit off in the middle.
The Deepest Well: Healing the Long-Term Effects of Childhood Adversity,9780544828704,Nadine Burke Harris,2.0,"January 23, 2018",Personal-Development,15,0,I found the writing style to be quite beautiful.
Their Eyes Were Watching God,9780061120060,Zora Neale Hurston,4.0,"January 1, 1937",History,434,0,The ending left me wanting more.
Smitten,9781416924401,David     Gordon,4.0,"December 26, 2007",Children,93,1,The ending left me wanting more.
Smitten,9781416924401,David     Gordon,4.0,"December 26, 2007",Children,289,1,A quick and entertaining read.
Smitten,9781416924401,David     Gordon,4.0,"December 26, 2007",Children,418,1,
"Into the Wilderness (Wilderness, #1)",9780553578522,Sara Donati,,"August 3, 1998",Children,453,0,A captivating story with well-developed characters.
"Programming Rust: Fast, Safe Systems Development",9781491927281,"Jim Blandy,Jason Orendorff,Leonora L.F. Tindall",5.0,"November 25, 2015",Computer-Science,234,0,This book really made me think about [a theme].
Gang Leader for a Day: A Rogue Sociologist Takes to the Streets,9781594201509,Sudhir Venkatesh,4.0,"January 1, 2008",Personal-Development,140,0,A quick and entertaining read.
Java Persistence With Hibernate,9781932394887,"Christian Bauer,Gavin King,Linda DeMichiel",4.0,"November 24, 2006",Computer-Science,390,0,This book really made me think about [a theme].
Between Shades of Gray,9780399254123,Ruta Sepetys,4.0,"March 22, 2011",History,77,1,
Watchmen,9780930289232,"Alan             Moore,Dave Gibbons,John    Higgins",4.0,"November 1, 1987",Comics,333,1,I would recommend this to fans of [genre].
Sleepy Bears,9780152165420,"Mem Fox,Kerry Argent",4.0,"January 1, 1999",Children,194,0,
Sleepy Bears,9780152165420,"Mem Fox,Kerry Argent",4.0,"January 1, 1999",Children,260,0,I would recommend this to fans of [genre].
Sleepy Bears,9780152165420,"Mem Fox,Kerry Argent",3.0,"January 1, 1999",Children,495,0,I struggled to connect with the main character.
"If I Stay (If I Stay, #1)",9780525421030,Gayle Forman,,"April 2, 2009",Cars,370,0,
"Working Stiff: Two Years, 262 Bodies, and the Making of a Medical Examiner",9781476727257,"Judy Melinek,T.J. Mitchell",4.0,"August 12, 2014",nonfiction,356,1,
Autobiography of a Face,9780060569662,"Lucy Grealy,Ann Patchett",4.0,"January 1, 1994",History,86,1,The ending left me wanting more.
The Joy Luck Club,9780822071068,Amy Tan,4.0,"January 1, 1989",History,473,0,I struggled to connect with the main character.
Red's Planet (Red's Planet #1),9781419719073,Eddie Pittman,4.0,"January 1, 2016",Children,480,1,The pacing felt a bit off in the middle.
"Succubus Blues (Georgina Kincaid, #1)",9780758216410,Richelle Mead,4.0,"February 27, 2007",Fantasy,66,0,"Not what I expected, but in a good way!"
How to Live on 24 Hours a Day,9781406922905,Arnold Bennett,4.0,"November 24, 1908",Personal-Development,468,1,Disappointing after all the hype.
The Rhythm of Life: Living Every Day with Passion and Purpose,9780743265256,Matthew Kelly,4.0,"November 10, 1999",Personal-Development,378,0,I would recommend this to fans of [genre].
Knotted Doughnuts and Other Mathematical Entertainments,9780716717997,Martin Gardner,,"October 1, 1986",Math,276,1,This book really made me think about [a theme].
"Castle Waiting, Vol. 1 (Castle Waiting Omnibus Collection, #1)",9781560977476,Linda Medley,,"June 17, 2006",Comics,435,1,I would recommend this to fans of [genre].
"The Dilbert Principle: A Cubicle's-Eye View of Bosses, Meetings, Management Fads & Other Workplace Afflictions",9780887308581,Scott Adams,4.0,"April 18, 1996",Computer-Science,43,0,The plot twists kept me guessing until the end.
"The Dilbert Principle: A Cubicle's-Eye View of Bosses, Meetings, Management Fads & Other Workplace Afflictions",9780887308581,Scott Adams,4.0,"April 18, 1996",Computer-Science,316,0,I would recommend this to fans of [genre].
Taming Flame,9781039125612,Therisa Peimer,4.0,"July 15, 2022",Fantasy,28,1,"Not what I expected, but in a good way!"
Taming Flame,9781039125612,Therisa Peimer,4.0,"July 15, 2022",Fantasy,445,1,The pacing felt a bit off in the middle.
Effortless: Make It Easier to Do What Matters Most,9780593135648,Greg McKeown,4.0,"January 1, 2021",Personal-Development,229,1,A classic for a reason. Highly enjoyable.
Brainwalker,9780997652505,"Robyn Mundell,Stephan Lacast",4.0,"October 1, 2016",Fantasy,265,1,The pacing felt a bit off in the middle.
Gigged: The End of the Job and the Future of Work,9781250097903,Sarah Kessler,4.0,"June 1, 2018",Personal-Development,270,1,A classic for a reason. Highly enjoyable.
Gigged: The End of the Job and the Future of Work,9781250097903,Sarah Kessler,4.0,"June 1, 2018",Personal-Development,353,1,
Lab Rats: How Silicon Valley Made Work Miserable for the Rest of Us,9780316561860,Dan  Lyons,4.0,"October 23, 2018",Personal-Development,71,1,A classic for a reason. Highly enjoyable.
The Six: The Untold Story of America's First Women Astronauts,9781982172800,Loren Grush,,"September 5, 2023",Math,3,1,I found the writing style to be quite beautiful.
Alias Grace,9780385475716,Margaret Atwood,4.0,"September 7, 1996",Children,342,1,I couldn't put it down!
"Paths & Portals (Secret Coders, #2)",9781626723405,"Gene Luen Yang,Mike Holmes",4.0,"August 30, 2016",Computer-Science,388,1,I would recommend this to fans of [genre].
Hooky Volume 1,9780358468295,Míriam Bonastre Tur,4.0,"September 1, 2021",Comics,90,0,I couldn't put it down!
A Deal With God: The Power of One,9780984747405,Michael Haden,4.0,"November 17, 2011",Personal-Development,279,0,The ending left me wanting more.
Brightly Woven,9781606840382,Alexandra Bracken,4.0,"March 23, 2010",Children,123,1,I found the writing style to be quite beautiful.
Brightly Woven,9781606840382,Alexandra Bracken,4.0,"March 23, 2010",Children,253,0,I found the writing style to be quite beautiful.
Artificial Unintelligence: How Computers Misunderstand the World,9780262038003,Meredith Broussard,3.0,"January 1, 2018",Computer-Science,134,0,I struggled to connect with the main character.
Artificial Unintelligence: How Computers Misunderstand the World,9780262038003,Meredith Broussard,4.0,"January 1, 2018",Computer-Science,409,1,I struggled to connect with the main character.
Data Modeling Essentials,9780080488677,"Graeme Simsion,Graham Witt",4.0,"November 30, 1992",Computer-Science,74,1,
"The War With Mr. Wizzle (MacDonald Hall, #4)",9780590326438,Gordon Korman,,"January 1, 1982",Children,143,0,The ending left me wanting more.
MAN DISCONNECTED,9781846044854,Nikita D. Coulombe,4.0,"May 7, 2015",Computer-Science,427,0,The plot twists kept me guessing until the end.
"Stalking Jack the Ripper (Stalking Jack the Ripper, #1)",9780316273503,Kerri Maniscalco,4.0,"September 20, 2016",Technology,322,0,I found the writing style to be quite beautiful.
"Stalking Jack the Ripper (Stalking Jack the Ripper, #1)",9780316273503,Kerri Maniscalco,4.0,"September 20, 2016",Technology,458,0,This book really made me think about [a theme].
Silent Spring,9780618249060,Rachel Carson,4.0,"September 27, 1962",Biology,109,1,The plot twists kept me guessing until the end.
Silent Spring,9780618249060,Rachel Carson,4.0,"September 27, 1962",Biology,206,1,A captivating story with well-developed characters.
Inside Out,9780062049537,"Demi Moore,Ariel Levy",,"September 24, 2019",nonfiction,304,1,
The Joy of Bootstrap: A smarter way to learn the world's most popular web framework,9781500768546,Alan Forbes,4.0,"August 6, 2014",Computer-Science,9,1,The pacing felt a bit off in the middle.
"Ninety Percent of Everything: Inside Shipping, the Invisible Industry That Puts Clothes on Your Back, Gas in Your Car, and Food on Your Plate",9780805092639,Rose George,4.0,"August 6, 2013",Math,319,0,This book really made me think about [a theme].
"A Court of Thorns and Roses (A Court of Thorns and Roses, #1)",9781619634442,Sarah J. Maas,4.0,"May 5, 2015",Fantasy,178,1,This book really made me think about [a theme].
Concepts of Database Management,9781337093422,"Joy L. Starks,Philip J. Pratt",4.0,"January 1, 1994",Computer-Science,434,1,A classic for a reason. Highly enjoyable.
The Universe in a Nutshell,9780553802023,Stephen Hawking,4.0,"October 6, 2001",Biology,4,0,
"Found (The Missing, #1)",9781416954170,Margaret Peterson Haddix,4.0,"January 1, 2008",Children,45,0,This book really made me think about [a theme].
Where Do Camels Belong?,9781781251744,Ken Thompson,4.0,"March 20, 2014",Math,476,0,This book really made me think about [a theme].
CSS: The Definitive Guide,9780596527334,Eric A. Meyer,4.0,"May 8, 2000",Computer-Science,476,0,This book really made me think about [a theme].
Backlash: The Undeclared War Against American Women,9780307345424,Susan Faludi,4.0,"October 1, 1991",History,231,1,
Trailer Trash: an '80s Memoir,9781732461802,Angie Cavallari,,"August 3, 2018",Personal-Development,98,0,I struggled to connect with the main character.
Trailer Trash: an '80s Memoir,9781732461802,Angie Cavallari,4.0,"August 3, 2018",Personal-Development,139,1,"Not what I expected, but in a good way!"
Bitter Harvest,9780751526691,Ann Rule,4.0,"January 1, 1997",History,500,1,"Not what I expected, but in a good way!"
Fun Home: A Family Tragicomic,9780618477944,Alison Bechdel,,"June 8, 2006",Comics,113,1,I would recommend this to fans of [genre].
"High Wizardry (Young Wizards, #3)",9780152049416,Diane Duane,4.0,"March 1, 1990",Computer-Science,87,0,A thought-provoking and insightful book.
"Nobel Prize Women in Science: Their Lives, Struggles, and Momentous Discoveries",9780309072700,Sharon Bertsch McGrayne,2.0,"March 1, 1993",Math,493,0,"Not what I expected, but in a good way!"
Soon I Will Be Invincible,9780375424861,Austin Grossman,4.0,"January 1, 2007",Comics,193,1,
You Don't Know JS: this & Object Prototypes,9781491904152,Kyle Simpson,4.0,"June 25, 2014",Computer-Science,456,1,The ending left me wanting more.
"Why Nations Fail: The Origins of Power, Prosperity, and Poverty",9780307719218,"Daron Acemoğlu,James A. Robinson",,"March 1, 2012",Children,77,0,The world-building in this fantasy novel is incredible.
There's an Alligator under My Bed (There's Something in My Room Series),9780803703742,Mercer Mayer,4.0,"March 30, 1987",Children,166,1,A thought-provoking and insightful book.
"The Devil Wears Prada (The Devil Wears Prada, #1)",9780307275554,Lauren Weisberger,4.0,"April 15, 2003",Children,110,0,I struggled to connect with the main character.
"Game Over, Pete Watson",9780544157569,"Joe Schreiber,Andy Rash",4.0,"January 1, 2014",Children,386,0,"Not what I expected, but in a good way!"
"Game Over, Pete Watson",9780544157569,"Joe Schreiber,Andy Rash",4.0,"January 1, 2014",Children,411,0,
PHP and MySQL Web Development (Developer's Library),9780133038651,"Luke Welling,Laura Thomson",4.0,"February 12, 2003",Computer-Science,338,0,The ending left me wanting more.
PHP and MySQL Web Development (Developer's Library),9780133038651,"Luke Welling,Laura Thomson",4.0,"February 12, 2003",Computer-Science,432,1,
UML Distilled: A Brief Guide to the Standard Object Modeling Language,9780321193681,Martin Fowler,,"January 1, 1997",Computer-Science,227,1,Disappointing after all the hype.
"Moomin: The Complete Tove Jansson Comic Strip, Vol. 01",9781894937801,Tove Jansson,4.0,"January 1, 1977",Children,170,0,The ending left me wanting more.
"Moomin: The Complete Tove Jansson Comic Strip, Vol. 01",9781894937801,Tove Jansson,4.0,"January 1, 1977",Children,329,0,A thought-provoking and insightful book.
Batman: Under the Red Hood,9781401231453,"Judd Winick,Doug Mahnke,Paul Lee,Shane Davis,Eric Battle,Tom Nguyen,Cam Smith,Rodney Ramos,Wayne Faucher,Larry Stucker,Mark Morales",4.0,"March 1, 2006",Comics,104,1,"Not what I expected, but in a good way!"
Genius: The Life and Science of Richard Feynman,9780679747048,James Gleick,4.0,"November 2, 1993",Computer-Science,469,1,A captivating story with well-developed characters.
Everything and More: A Compact History of Infinity,9780393003383,David Foster Wallace,,"January 1, 2003",Math,9,1,I found the writing style to be quite beautiful.
Everything and More: A Compact History of Infinity,9780393003383,David Foster Wallace,,"January 1, 2003",Math,437,0,A classic for a reason. Highly enjoyable.
Underland: A Deep Time Journey,9780393358094,Robert Macfarlane,1.0,"May 2, 2019",Children,376,0,A classic for a reason. Highly enjoyable.
Friends from the Other Side / Amigos del otro lado,9780892391301,"Gloria E. Anzaldúa,Harriet Rohmer",4.0,"March 1, 1993",Children,145,1,The pacing felt a bit off in the middle.
The Places That Scare You: A Guide to Fearlessness in Difficult Times,9781590304495,Pema Chödrön,3.0,"January 1, 2001",Personal-Development,314,0,A classic for a reason. Highly enjoyable.
A Vindication of the Rights of Men & A Vindication of the Rights of Woman & An Historical and Moral View of the French Revolution,9780192836526,"Mary Wollstonecraft,Janet Todd",4.0,"January 1, 1993",History,31,1,A classic for a reason. Highly enjoyable.
A Vindication of the Rights of Men & A Vindication of the Rights of Woman & An Historical and Moral View of the French Revolution,9780192836526,"Mary Wollstonecraft,Janet Todd",4.0,"January 1, 1993",History,413,1,I struggled to connect with the main character.
Digital Gold: Bitcoin and the Inside Story of the Misfits and Millionaires Trying to Reinvent Money,9780062362490,Nathaniel Popper,4.0,"May 19, 2015",Computer-Science,90,1,I found the writing style to be quite beautiful.
Euler: The Master of Us All (Dolciani Mathematical Expositions),9780883853283,William Dunham,3.0,"January 1, 1999",Math,224,0,A thought-provoking and insightful book.
Euler: The Master of Us All (Dolciani Mathematical Expositions),9780883853283,William Dunham,4.0,"January 1, 1999",Math,313,1,I struggled to connect with the main character.
Telling Christina Goodbye,9780553570878,Lurlene McDaniel,4.0,"April 1, 2002",Cars,78,1,The world-building in this fantasy novel is incredible.
"Murderous Maths (Murderous Maths, #1)",9780439011563,Kjartan Poskitt,4.0,"January 1, 1997",Math,189,1,The ending left me wanting more.
"Murderous Maths (Murderous Maths, #1)",9780439011563,Kjartan Poskitt,4.0,"January 1, 1997",Math,354,1,A thought-provoking and insightful book.
Brain Building in Just 12 Weeks: The World's Smartest Person Shows You How to Exercise Yourself Smarter . . .,9780553353488,"Marilyn vos Savant,Leonore Fleischer,Robert Jarvik",4.0,"January 1, 1972",Personal-Development,163,0,A quick and entertaining read.
Brain Building in Just 12 Weeks: The World's Smartest Person Shows You How to Exercise Yourself Smarter . . .,9780553353488,"Marilyn vos Savant,Leonore Fleischer,Robert Jarvik",4.0,"January 1, 1972",Personal-Development,400,1,I found the writing style to be quite beautiful.
Rising Strong: The Reckoning. The Rumble. The Revolution,9780812995824,Brené Brown,4.0,"August 25, 2015",Personal-Development,319,1,I couldn't put it down!
Einstein's Heroes: Imagining the World through the Language of Mathematics,9780195308907,Robyn Arianrhod,4.0,"January 1, 2004",Math,207,1,I would recommend this to fans of [genre].
Einstein's Heroes: Imagining the World through the Language of Mathematics,9780195308907,Robyn Arianrhod,,"January 1, 2004",Math,268,1,A thought-provoking and insightful book.
I Fuel: How Energy Powers Our Busy World (On the Move),9781728476834,"Kelly Rice Schmitt,Jam Dong",,"October 1, 2024",Math,398,0,I found the writing style to be quite beautiful.
Self-Reliance and Other Essays (Dover Thrift Editions: Philosophy),9780486277905,Ralph Waldo Emerson,,"January 1, 1844",Personal-Development,254,1,I found the writing style to be quite beautiful.
Radical Candor: Be a Kickass Boss Without Losing Your Humanity,9781250103505,Kim Malone Scott,4.0,"March 14, 2017",Personal-Development,325,0,I couldn't put it down!
Radical Candor: Be a Kickass Boss Without Losing Your Humanity,9781250103505,Kim Malone Scott,4.0,"March 14, 2017",Personal-Development,420,0,"Not what I expected, but in a good way!"
Mad for Ads: How Advertising Gets (and Stays) in Our Heads,9781525301315,"Erica Fyvie,Ian Turner",3.0,"May 4, 2021",Children,60,0,
Mad for Ads: How Advertising Gets (and Stays) in Our Heads,9781525301315,"Erica Fyvie,Ian Turner",4.0,"May 4, 2021",Children,316,0,The pacing felt a bit off in the middle.
Mad for Ads: How Advertising Gets (and Stays) in Our Heads,9781525301315,"Erica Fyvie,Ian Turner",4.0,"May 4, 2021",Children,456,1,This book really made me think about [a theme].
Headstrong: 52 Women Who Changed Science-and the World,9780553446791,Rachel Swaby,4.0,"April 7, 2015",Technology,197,1,"Not what I expected, but in a good way!"
Escape!,9780030842573,Ben Bova,4.0,"January 1, 1970",Computer-Science,315,1,This book really made me think about [a theme].
Escape!,9780030842573,Ben Bova,4.0,"January 1, 1970",Computer-Science,468,0,This book really made me think about [a theme].
The Passion,9780802135223,Jeanette Winterson,2.0,"January 1, 1987",Children,1,0,The world-building in this fantasy novel is incredible.
Shift: Creating Better Tomorrows; Winning at Work and in Life,9780998732817,Michael      O&apos;Brien,,"July 11, 2017",Personal-Development,488,1,The world-building in this fantasy novel is incredible.
The Earth Moved: On the Remarkable Achievements of Earthworms,9781565124684,Amy  Stewart,4.0,"January 1, 2004",Math,5,0,
The Earth Moved: On the Remarkable Achievements of Earthworms,9781565124684,Amy  Stewart,4.0,"January 1, 2004",Math,191,1,A quick and entertaining read.
"The Bullet Journal Method: Track Your Past, Order Your Present, Plan Your Future",9780525533344,Ryder Carroll,4.0,"October 23, 2018",Personal-Development,421,0,The ending left me wanting more.
"The Bullet Journal Method: Track Your Past, Order Your Present, Plan Your Future",9780525533344,Ryder Carroll,4.0,"October 23, 2018",Personal-Development,494,1,A captivating story with well-developed characters.
Problem Solving With Algorithms And Data Structures Using Python,9781590280539,Bradley N. Miller,4.0,"September 1, 2005",Computer-Science,369,1,A captivating story with well-developed characters.
The Calendar : The 5000 Year Struggle to Align the Clock and the Heavens and What Happened to the Missing Ten Days,9781857029796,David Ewing Duncan,4.0,"July 1, 1998",Technology,333,1,A thought-provoking and insightful book.
Flavor Girls,9781684158898,"Loïc Locatelli-Kournwsky,Angel De Santiago",4.0,"March 21, 2023",studio-ghibli,293,1,A classic for a reason. Highly enjoyable.
Flavor Girls,9781684158898,"Loïc Locatelli-Kournwsky,Angel De Santiago",,"March 21, 2023",studio-ghibli,364,0,I struggled to connect with the main character.
"Don't F*cking Panic: The Shit They Don't Tell You in Therapy About Anxiety Disorder, Panic Attacks, & Depression",9781949759273,Kelsey Darragh,,"December 20, 2020",Personal-Development,86,1,I would recommend this to fans of [genre].
"Don't F*cking Panic: The Shit They Don't Tell You in Therapy About Anxiety Disorder, Panic Attacks, & Depression",9781949759273,Kelsey Darragh,4.0,"December 20, 2020",Personal-Development,425,0,
The Goldilocks Enigma: Why Is the Universe Just Right for Life?,9780141023267,Paul C.W. Davies,4.0,"January 1, 2006",Math,499,0,The world-building in this fantasy novel is incredible.
The Woman Warrior: Memoirs of a Girlhood Among Ghosts,9780679721888,Maxine Hong Kingston,4.0,"August 12, 1976",History,242,1,I found the writing style to be quite beautiful.
The Woman Warrior: Memoirs of a Girlhood Among Ghosts,9780679721888,Maxine Hong Kingston,4.0,"August 12, 1976",History,298,1,The pacing felt a bit off in the middle.
The Woman Warrior: Memoirs of a Girlhood Among Ghosts,9780679721888,Maxine Hong Kingston,4.0,"August 12, 1976",History,470,1,I would recommend this to fans of [genre].
The Nightingales of Troy: Connected Stories,9780393048872,Alice Fulton,4.0,"July 7, 2008",nonfiction,127,1,The plot twists kept me guessing until the end.
Animalium,9781783700608,"Katie Scott,Katie Scott",4.0,"January 1, 2014",Math,100,1,The ending left me wanting more.
Animalium,9781783700608,"Katie Scott,Katie Scott",4.0,"January 1, 2014",Math,241,1,
Living the Best Day Ever,9780620570602,Hendri Coetzee,4.0,"November 15, 2013",Children,97,1,The plot twists kept me guessing until the end.
"Option B: Facing Adversity, Building Resilience, and Finding Joy",9780753548288,"Sheryl Sandberg,Adam M. Grant",4.0,"April 24, 2017",Personal-Development,287,0,I found the writing style to be quite beautiful.
Practical Tla+: Design-Driven Programming,9781484238288,Hillel Wayne,3.0,"October 12, 2018",Computer-Science,438,0,A captivating story with well-developed characters.
St. Lucy's Home for Girls Raised by Wolves,9780307263988,Karen Russell,4.0,"June 6, 2005",Children,328,1,"Not what I expected, but in a good way!"
"The New Kid at School (Dragon Slayers' Academy, #1)",9780448431086,"Kate McMullan,Bill Basso",3.0,"October 1, 1997",Children,465,0,Disappointing after all the hype.
Santa's Snow Cat,9780066238272,"Sue Stainton,Anne Mortimer",,"October 1, 2001",Math,320,0,The plot twists kept me guessing until the end.
Septimania,9781468312485,Jonathan Levi,3.0,"April 5, 2016",Math,424,1,I couldn't put it down!
Can't Hurt Me: Master Your Mind and Defy the Odds,9781544512266,David Goggins,4.0,"November 15, 2018",Personal-Development,81,1,Disappointing after all the hype.
You Look Like a Thing and I Love You: How Artificial Intelligence Works and Why It's Making the World a Weirder Place,9780316525244,Janelle Shane,4.0,"November 5, 2019",Computer-Science,433,0,I couldn't put it down!
You Look Like a Thing and I Love You: How Artificial Intelligence Works and Why It's Making the World a Weirder Place,9780316525244,Janelle Shane,4.0,"November 5, 2019",Computer-Science,434,1,A thought-provoking and insightful book.
"The Woman Who Rides Like a Man (Song of the Lioness, #3)",9780689878589,Tamora Pierce,4.0,"March 1, 1986",Fantasy,252,0,I found the writing style to be quite beautiful.
Paradox: The Nine Greatest Enigmas in Physics,9780307986795,Jim Al-Khalili,4.0,"May 22, 2012",Computer-Science,136,0,This book really made me think about [a theme].
"The Exceptions: Nancy Hopkins, MIT, and the Fight for Women in Science",9781982131838,Kate Zernike,2.0,"February 28, 2023",Math,144,0,I would recommend this to fans of [genre].
"The Exceptions: Nancy Hopkins, MIT, and the Fight for Women in Science",9781982131838,Kate Zernike,,"February 28, 2023",Math,484,0,The world-building in this fantasy novel is incredible.
The Sibley Guide to Birds,9780679451228,David Allen Sibley,5.0,"October 3, 2000",Biology,201,1,
Success: The Best of Napoleon Hill,9781407024585,Napoleon Hill,4.0,"January 1, 2006",Personal-Development,132,1,
Success: The Best of Napoleon Hill,9781407024585,Napoleon Hill,4.0,"January 1, 2006",Personal-Development,307,1,I would recommend this to fans of [genre].
Success: The Best of Napoleon Hill,9781407024585,Napoleon Hill,,"January 1, 2006",Personal-Development,335,0,"Not what I expected, but in a good way!"
Permutation City,9780061054815,Greg Egan,4.0,"April 1, 1994",Artificial-Intelligence,35,0,The ending left me wanting more.
Permutation City,9780061054815,Greg Egan,4.0,"April 1, 1994",Artificial-Intelligence,71,0,A classic for a reason. Highly enjoyable.
The Map of Salt and Stars,9781501169038,Zeyn Joukhadar,4.0,"May 1, 2018",Computer-Science,484,1,"Not what I expected, but in a good way!"
"Binti (Binti, #1)",9780765384461,"Nnedi Okorafor,N.K. Jemisin",4.0,"September 22, 2015",Children,147,1,
"Binti (Binti, #1)",9780765384461,"Nnedi Okorafor,N.K. Jemisin",4.0,"September 22, 2015",Children,168,1,
Mathematics of Eternity (Joe Ballen #1),9780995329416,David M. Kelly,4.0,"February 28, 2017",Math,480,0,A quick and entertaining read.
Nightflyers,9780812545647,George R.R. Martin,3.0,"January 1, 1985",Biology,81,0,
Astronauts: Women on the Final Frontier,9781626728776,"Jim Ottaviani,Maris Wicks",4.0,"February 4, 2020",Computer-Science,46,1,
Astronauts: Women on the Final Frontier,9781626728776,"Jim Ottaviani,Maris Wicks",4.0,"February 4, 2020",Computer-Science,160,1,This book really made me think about [a theme].
Astronauts: Women on the Final Frontier,9781626728776,"Jim Ottaviani,Maris Wicks",,"February 4, 2020",Computer-Science,206,0,The world-building in this fantasy novel is incredible.
Battle Hymn of the Tiger Mother,9781594202841,Amy  Chua,4.0,"January 11, 2011",Personal-Development,170,0,I found the writing style to be quite beautiful.
Battle Hymn of the Tiger Mother,9781594202841,Amy  Chua,4.0,"January 11, 2011",Personal-Development,398,1,I couldn't put it down!
Machine Learning with R: Expert Techniques for Predictive Modeling,9781788295864,Brett Lantz,,"July 31, 2015",Computer-Science,253,0,A classic for a reason. Highly enjoyable.
A Supposedly Fun Thing I'll Never Do Again:  Essays and Arguments,9780316925280,David Foster Wallace,,"January 1, 1996",Personal-Development,417,0,A thought-provoking and insightful book.
When Spring Comes to the DMZ,9780874869729,Uk-Bae Lee,4.0,"March 8, 2019",Math,157,0,I couldn't put it down!
The Iron Man,9780571226122,Ted Hughes,,"January 1, 1968",Children,26,1,I found the writing style to be quite beautiful.
The Iron Man,9780571226122,Ted Hughes,4.0,"January 1, 1968",Children,295,1,The ending left me wanting more.
Gleanings from the Writings of Bahá'u'lláh,9781931847223,Bahá&apos;u&apos;lláh,5.0,"January 13, 2009",Personal-Development,452,0,The plot twists kept me guessing until the end.
The Three Little Kittens,9780307111548,Marie Simchow Stern,3.0,"January 1, 1942",Math,471,0,This book really made me think about [a theme].
Lights on the Sea,9781503958197,"Miquel Reina,Catherine E. Nelson",2.0,"January 30, 2018",Personal-Development,465,0,A thought-provoking and insightful book.
An American Plague: The True and Terrifying Story of the Yellow Fever Epidemic of 1793,9780395776087,Jim  Murphy,4.0,"June 23, 2003",Personal-Development,427,0,I would recommend this to fans of [genre].
Minds Online: Teaching Effectively with Technology,9780674368248,Michelle D. Miller,4.0,"October 13, 2014",Math,115,0,The world-building in this fantasy novel is incredible.
Minds Online: Teaching Effectively with Technology,9780674368248,Michelle D. Miller,4.0,"October 13, 2014",Math,299,0,
The Saggy Baggy Elephant,9780307021106,"Kathryn Jackson,Byron Jackson,Gustav Tenggren",4.0,"January 1, 1947",Children,172,0,The ending left me wanting more.
The Saggy Baggy Elephant,9780307021106,"Kathryn Jackson,Byron Jackson,Gustav Tenggren",4.0,"January 1, 1947",Children,396,0,The plot twists kept me guessing until the end.
Basketball Junkie,9780312656720,"Chris Herren,Bill Reynolds",4.0,"April 28, 2011",Personal-Development,45,1,"Not what I expected, but in a good way!"
Character Matters: Nine Essential Traits You Need to Succeed,9781591852322,Mark Rutland,4.0,"January 1, 2003",Personal-Development,171,1,This book really made me think about [a theme].
What I Was,9780670018444,Meg Rosoff,4.0,"August 30, 2007",Children,236,1,A captivating story with well-developed characters.
The Origin Of Humankind (Science Masters Series),9780465031351,Richard E. Leakey,4.0,"January 1, 1981",Computer-Science,11,0,
The Trouble with Kings,9789004094024,Sherwood Smith,4.0,"February 1, 2008",Children,431,0,A thought-provoking and insightful book.
Mathematics Form and Function,9780387962177,Saunders MacLane,4.0,"December 19, 1985",Math,400,1,A quick and entertaining read.
"Metabolism Makeover: Ditch the Diet, Train Your Brain, Drop the Weight for Good",9781736357989,Megan  Hansen,4.0,"May 2, 2023",Personal-Development,104,0,The pacing felt a bit off in the middle.
"Metabolism Makeover: Ditch the Diet, Train Your Brain, Drop the Weight for Good",9781736357989,Megan  Hansen,4.0,"May 2, 2023",Personal-Development,189,1,A quick and entertaining read.
"Isabel of the Whales (Isabel of the Whales, #1)",9780440420255,Hester Velmans,2.0,"January 1, 2005",Children,497,0,The ending left me wanting more.
50 Mathematical Ideas You Really Need to Know,9781847240088,Tony Crilly,4.0,"January 1, 2007",Math,8,1,The ending left me wanting more.
50 Mathematical Ideas You Really Need to Know,9781847240088,Tony Crilly,,"January 1, 2007",Math,126,1,
50 Mathematical Ideas You Really Need to Know,9781847240088,Tony Crilly,4.0,"January 1, 2007",Math,172,0,I struggled to connect with the main character.
The Berenstain Bears and Too Much TV,9780394865706,"Stan Berenstain,Jan Berenstain",,"April 1, 1984",Math,436,0,I would recommend this to fans of [genre].
"The Ghost Map: The Story of London's Most Terrifying Epidemic—and How It Changed Science, Cities, and the Modern World",9781594489259,Steven Johnson,4.0,"October 19, 2006",Biology,301,0,Disappointing after all the hype.
The Invisible Boy,9781582464503,"Trudy Ludwig,Patrice Barton",4.0,"October 8, 2013",Children,441,0,A thought-provoking and insightful book.
"Brain Wash: Detox Your Mind for Clearer Thinking, Deeper Relationships, and Lasting Happiness",9780316453332,"David Perlmutter,,Kristin Loberg",4.0,"January 14, 2020",Math,492,0,
Batman & Dracula: Red Rain,9781563890369,Doug Moench,4.0,"January 1, 1991",Comics,92,0,A classic for a reason. Highly enjoyable.
"Batman: Earth One, Volume 1",9781401232085,"Geoff Johns,Gary Frank,Jon Sibal,Brad  Anderson",4.0,"July 10, 2012",Comics,402,1,A thought-provoking and insightful book.
Code Complete: A Practical Handbook of Software Construction,9780735619678,Steve McConnell,4.0,"January 1, 1993",Computer-Science,409,0,Disappointing after all the hype.
"Witch Song (Witch Song, #1)",9781936850167,Amber Argyle,,"July 1, 2011",Children,70,0,The pacing felt a bit off in the middle.
"Witch Song (Witch Song, #1)",9781936850167,Amber Argyle,4.0,"July 1, 2011",Children,142,1,I couldn't put it down!
"Witch Song (Witch Song, #1)",9781936850167,Amber Argyle,3.0,"July 1, 2011",Children,201,0,A thought-provoking and insightful book.
Computer Organization & Design: The Hardware/Software Interface,9781558604285,"David A. Patterson,John L. Hennessy",4.0,"January 1, 1993",Computer-Science,494,0,I would recommend this to fans of [genre].
Just So Stories,9780517266557,"Rudyard Kipling,Jonathan Stroud",1.0,"January 1, 1902",Children,195,0,A captivating story with well-developed characters.
Just So Stories,9780517266557,"Rudyard Kipling,Jonathan Stroud",4.0,"January 1, 1902",Children,323,1,The world-building in this fantasy novel is incredible.
Uncommon Grounds: The History of Coffee and How It Transformed Our World,9780465054671,Mark Pendergrast,2.0,"May 20, 1999",Technology,465,0,The plot twists kept me guessing until the end.
My Life Next Door,9780803736993,Huntley Fitzpatrick,4.0,"June 14, 2012",Cars,76,1,I found the writing style to be quite beautiful.
When Einstein Walked with Gödel: Excursions to the Edge of Thought,9780374146702,Jim Holt,,"May 15, 2018",Math,78,1,
Blood Orange,9781472252753,Harriet Tyce,4.0,"January 10, 2019",Children,136,1,A classic for a reason. Highly enjoyable.
"The Great Book of Amber (The Chronicles of Amber, #1-10)",9780380809066,Roger Zelazny,4.0,"December 1, 1999",Fantasy,334,1,A thought-provoking and insightful book.
"The Unhoneymooners (Unhoneymooners, #1)",9781501128035,Christina Lauren,4.0,"May 14, 2019",Technology,267,0,I struggled to connect with the main character.
The Adventures of Jimmy Skunk,9780486280233,"Thornton W. Burgess,Thea Kliros",4.0,"January 1, 1918",Children,219,0,I would recommend this to fans of [genre].
The Adventures of Jimmy Skunk,9780486280233,"Thornton W. Burgess,Thea Kliros",4.0,"January 1, 1918",Children,322,0,"Not what I expected, but in a good way!"
Machine Learning,9780262337601,Ethem Alpaydin,4.0,"January 1, 2016",Computer-Science,357,0,I found the writing style to be quite beautiful.
Erlang and OTP in Action,9781933988788,"Martin Logan,Eric Merritt,Richard Carlsson",4.0,"January 1, 2010",Computer-Science,266,0,The pacing felt a bit off in the middle.
The Space Ship Under the Apple Tree,9780689717413,Louis Slobodkin,4.0,"January 1, 1952",Children,295,1,I would recommend this to fans of [genre].
Oneness With All Life: Inspirational Selections from A New Earth,9780525950882,Eckhart Tolle,4.0,"November 4, 2008",Personal-Development,276,1,Disappointing after all the hype.
Oneness With All Life: Inspirational Selections from A New Earth,9780525950882,Eckhart Tolle,4.0,"November 4, 2008",Personal-Development,437,1,A thought-provoking and insightful book.
The Forgotten Soldier,9781574882865,Guy Sajer,4.0,"January 1, 1967",History,331,0,A captivating story with well-developed characters.
Fables: 1001 Nights of Snowfall,9781401203672,"Bill Willingham,Todd Klein",4.0,"October 18, 2006",Comics,289,1,I would recommend this to fans of [genre].
The Wisdom of Crowds,9780385721707,James Surowiecki,4.0,"May 19, 2004",Personal-Development,218,1,The plot twists kept me guessing until the end.
Our Final Invention: Artificial Intelligence and the End of the Human Era,9780312622374,James Barrat,4.0,"January 1, 2013",Computer-Science,212,0,A classic for a reason. Highly enjoyable.
Fire and Fury: Inside the Trump White House,9781250158062,Michael  Wolff,3.0,"January 5, 2018",Personal-Development,96,1,A captivating story with well-developed characters.
Fire and Fury: Inside the Trump White House,9781250158062,Michael  Wolff,3.0,"January 5, 2018",Personal-Development,382,1,A thought-provoking and insightful book.
Sir Cumference and the Dragon of Pi,9781570911644,"Cindy Neuschwander,Wayne Geehan",4.0,"February 1, 1999",Math,32,0,I found the writing style to be quite beautiful.
Sir Cumference and the Dragon of Pi,9781570911644,"Cindy Neuschwander,Wayne Geehan",4.0,"February 1, 1999",Math,87,0,I struggled to connect with the main character.
Sir Cumference and the Dragon of Pi,9781570911644,"Cindy Neuschwander,Wayne Geehan",4.0,"February 1, 1999",Math,100,1,A classic for a reason. Highly enjoyable.
Sir Cumference and the Dragon of Pi,9781570911644,"Cindy Neuschwander,Wayne Geehan",,"February 1, 1999",Math,108,1,"Not what I expected, but in a good way!"
Clifford the Big Red Dog,9780590442978,Norman Bridwell,4.0,"January 1, 1963",Math,80,0,The ending left me wanting more.
Clifford the Big Red Dog,9780590442978,Norman Bridwell,1.0,"January 1, 1963",Math,238,0,
Tiger Math: Learning to Graph from a Baby Tiger,9780805071610,"Ann Whitehead Nagda,Cindy Bickel",,"January 1, 2000",Math,366,1,I found the writing style to be quite beautiful.
Santa Bruce,9781484782903,Ryan T.  Higgins,1.0,"September 4, 2018",Children,61,0,The plot twists kept me guessing until the end.
Santa Bruce,9781484782903,Ryan T.  Higgins,3.0,"September 4, 2018",Children,352,0,The world-building in this fantasy novel is incredible.
Irish Fairy Tales,9780880298148,Jeremiah Curtin,4.0,"January 1, 1895",Children,73,1,Disappointing after all the hype.
The Alignment Problem: Machine Learning and Human Values,9780393635829,Brian  Christian,4.0,"October 6, 2020",Artificial-Intelligence,208,1,A quick and entertaining read.
How Not to Be Wrong: The Power of Mathematical Thinking,9781594205224,Jordan Ellenberg,4.0,"May 29, 2014",Math,7,0,The plot twists kept me guessing until the end.
A Life on Our Planet: My Witness Statement and a Vision for the Future,9781538719985,David Attenborough,4.0,"October 1, 2020",Personal-Development,259,1,A classic for a reason. Highly enjoyable.
What Do People Do All Day?,9780394818238,Richard Scarry,4.0,"March 12, 1968",Math,15,1,
A Drop of Blood (Let's-Read-and-Find-Out Science 2),9780060091101,"Paul Showers,Edward Miller",2.0,"January 1, 1967",Children,5,0,A classic for a reason. Highly enjoyable.
A Drop of Blood (Let's-Read-and-Find-Out Science 2),9780060091101,"Paul Showers,Edward Miller",4.0,"January 1, 1967",Children,69,0,The plot twists kept me guessing until the end.
A Drop of Blood (Let's-Read-and-Find-Out Science 2),9780060091101,"Paul Showers,Edward Miller",4.0,"January 1, 1967",Children,440,1,
"An Introduction to Probability Theory and Its Applications, Volume 1",9780471257080,William Feller,4.0,"January 1, 1968",Computer-Science,416,1,The world-building in this fantasy novel is incredible.
The Tibetan Book of Living and Dying,9780062508348,Sogyal Rinpoche,1.0,"January 1, 1992",Personal-Development,145,0,I would recommend this to fans of [genre].
The Tibetan Book of Living and Dying,9780062508348,Sogyal Rinpoche,4.0,"January 1, 1992",Personal-Development,256,0,The plot twists kept me guessing until the end.
Mary Colter: Architect of the Southwest,9781568983455,"Arnold Berke,Alexander Vertikoff",4.0,"November 1, 2001",Computer-Science,397,0,Disappointing after all the hype.
Passionate Minds,9780307237200,David Bodanis,4.0,"January 1, 2006",Math,496,0,A thought-provoking and insightful book.
Advanced Programming in the UNIX Environment,9780201563177,W. Richard Stevens,4.0,"June 30, 1992",Computer-Science,30,1,A classic for a reason. Highly enjoyable.
Advanced Programming in the UNIX Environment,9780201563177,W. Richard Stevens,,"June 30, 1992",Computer-Science,472,0,"Not what I expected, but in a good way!"
Emotional Arithmetic,9781552639009,Matt Cohen,3.0,"April 1, 1992",Math,317,1,A classic for a reason. Highly enjoyable.
The Uses of Adversity,9781590388518,Carlfred Broderick,4.0,"January 25, 2008",Personal-Development,486,1,A quick and entertaining read.
The Musical (Babymouse #10),9780375843884,"Jennifer L. Holm,Matthew Holm",4.0,"January 13, 2009",Children,489,1,A quick and entertaining read.
Programming Ecto: Build Database Apps in Elixir for Scalability and Performance,9781680506914,"Darin Wilson,Eric Meadows-Jonsson",1.0,"April 1, 2019",Computer-Science,469,0,The world-building in this fantasy novel is incredible.
Misty Volume 2: The Sentinels & End of the Line...,9781781086001,"Malcolm Shaw,Mario Capaldi,John      Richardson",4.0,"November 16, 2017",Math,42,0,A captivating story with well-developed characters.
Misty Volume 2: The Sentinels & End of the Line...,9781781086001,"Malcolm Shaw,Mario Capaldi,John      Richardson",4.0,"November 16, 2017",Math,269,0,The plot twists kept me guessing until the end.
The Moscow Puzzles: 359 Mathematical Recreations (Dover Math Games & Puzzles),9780486270784,"Boris A. Kordemsky,Martin Gardner,Albert Parry",4.0,"January 1, 1954",Math,11,0,The world-building in this fantasy novel is incredible.
The Moscow Puzzles: 359 Mathematical Recreations (Dover Math Games & Puzzles),9780486270784,"Boris A. Kordemsky,Martin Gardner,Albert Parry",4.0,"January 1, 1954",Math,16,1,This book really made me think about [a theme].
The Moscow Puzzles: 359 Mathematical Recreations (Dover Math Games & Puzzles),9780486270784,"Boris A. Kordemsky,Martin Gardner,Albert Parry",4.0,"January 1, 1954",Math,422,1,I struggled to connect with the main character.
"The Ninth Orb (Interstellar, #2)",9781586088477,Kaitlyn O&apos;Connor,4.0,"August 1, 2006",Biology,91,0,The ending left me wanting more.
"The Ninth Orb (Interstellar, #2)",9781586088477,Kaitlyn O&apos;Connor,4.0,"August 1, 2006",Biology,285,0,This book really made me think about [a theme].
Hooked: How to Build Habit-Forming Products,9781591847786,"Nir   Eyal,Ryan Hoover",4.0,"December 25, 2013",Technology,65,1,Disappointing after all the hype.
"A Beeline to Murder (Henny Penny Farmette Mystery, #1)",9781617739095,Meera Lester,4.0,"September 29, 2015",Math,448,0,I couldn't put it down!
"How to Do the Work: Recognize Your Patterns, Heal from Your Past, and Create Your Self",9780063012103,Nicole LePera,4.0,"March 9, 2021",Personal-Development,89,1,The world-building in this fantasy novel is incredible.
"How to Do the Work: Recognize Your Patterns, Heal from Your Past, and Create Your Self",9780063012103,Nicole LePera,4.0,"March 9, 2021",Personal-Development,234,1,A thought-provoking and insightful book.
The Waves,9780156949606,Virginia Woolf,4.0,"October 8, 1931",Children,79,1,The pacing felt a bit off in the middle.
The Waves,9780156949606,Virginia Woolf,4.0,"October 8, 1931",Children,90,0,The plot twists kept me guessing until the end.
The Prayer of Jabez:  Breaking Through to the Blessed Life,9781576737330,Bruce H. Wilkinson,4.0,"April 24, 2000",Personal-Development,199,0,I struggled to connect with the main character.
Spoon River Anthology,9781406946130,Edgar Lee Masters,4.0,"April 1, 1915",Personal-Development,448,0,The world-building in this fantasy novel is incredible.
"Tatiana Comes to America: An Ellis Island Story (Doll Hospital, #1)",9780439544139,"Joan Holub,Ann Iosa",4.0,"January 1, 2002",Children,495,0,This book really made me think about [a theme].
Programming in Prolog: Using The Iso Standard,9783540006787,William F. Clocksin,4.0,"October 1, 1981",Computer-Science,85,0,A classic for a reason. Highly enjoyable.
"Everyone Communicates, Few Connect: What the Most Effective People Do Differently",9780785214250,John C. Maxwell,,"March 28, 2010",Personal-Development,54,0,Disappointing after all the hype.
A Street Cat Named Bob,9781444737097,"James Bowen,Tine Verbič",,"March 1, 2012",Personal-Development,67,1,A thought-provoking and insightful book.
Arthur's Nose (Arthur Adventure Series),9780316110709,Marc Brown,4.0,"January 1, 1976",Children,270,0,
Head First Java,9780596009205,"Kathy Sierra,Bert Bates",4.0,"May 1, 2006",Computer-Science,349,1,I would recommend this to fans of [genre].
Head First Java,9780596009205,"Kathy Sierra,Bert Bates",,"May 1, 2006",Computer-Science,458,1,
Exploding the Phone: The Untold Story of the Teenagers and Outlaws who Hacked Ma Bell,9780802120618,"Phil  Lapsley,Steve Wozniak",4.0,"February 5, 2013",Computer-Science,286,1,This book really made me think about [a theme].
"Pandemonium (Delirium, #2)",9780061978067,Lauren Oliver,1.0,"February 28, 2012",Children,60,0,The plot twists kept me guessing until the end.
Joy of Business,9781938487033,Simone Milasas,4.0,"January 1, 2012",Personal-Development,133,0,I struggled to connect with the main character.
Steal Like an Artist: 10 Things Nobody Told You About Being Creative,9780761169253,Austin Kleon,,"February 28, 2012",Business,231,1,A quick and entertaining read.
Steal Like an Artist: 10 Things Nobody Told You About Being Creative,9780761169253,Austin Kleon,4.0,"February 28, 2012",Business,380,1,The world-building in this fantasy novel is incredible.
Good Times/Bad Times,9780449204696,James Kirkwood Jr.,4.0,"January 1, 1968",Children,64,1,I struggled to connect with the main character.
Good Times/Bad Times,9780449204696,James Kirkwood Jr.,4.0,"January 1, 1968",Children,184,1,The world-building in this fantasy novel is incredible.
Beautiful,9781595543578,Cindy Martinusen Coloma,4.0,"November 3, 2009",Cars,205,0,A thought-provoking and insightful book.
Beautiful,9781595543578,Cindy Martinusen Coloma,4.0,"November 3, 2009",Cars,441,1,
Twelve Years a Slave,9780989794800,"Solomon Northup,Karolyn Smardz Frost,Sue Eakin,Joseph Logsdon,Eric Ashley Hairston",4.0,"February 5, 1853",Personal-Development,221,0,
Linear Algebra Done Right (Undergraduate Texts in Mathematics),9780387982588,Sheldon Axler,4.0,"November 29, 1995",Math,301,1,The world-building in this fantasy novel is incredible.
Linear Algebra Done Right (Undergraduate Texts in Mathematics),9780387982588,Sheldon Axler,2.0,"November 29, 1995",Math,438,0,Disappointing after all the hype.
"Harry Potter and the Goblet of Fire (Harry Potter, #4)",9780439139595,"J.K. Rowling,Mary GrandPré",5.0,"July 8, 2000",Fantasy,357,0,A quick and entertaining read.
Aristotle: Philosophy in an Hour,9780007463572,Paul Strathern,3.0,"January 1, 1996",Math,95,1,A thought-provoking and insightful book.
Daily Rituals: How Artists Work,9780307273604,Mason Currey,4.0,"April 18, 2013",Personal-Development,352,1,I struggled to connect with the main character.
On Numbers and Games,9780121863500,John H. Conway,,"June 1, 1976",Math,139,1,A captivating story with well-developed characters.
On Numbers and Games,9780121863500,John H. Conway,,"June 1, 1976",Math,151,0,I couldn't put it down!
On Numbers and Games,9780121863500,John H. Conway,1.0,"June 1, 1976",Math,431,0,A thought-provoking and insightful book.
The Glass Castle,9780743247542,Jeannette Walls,,"March 1, 2005",Biology,300,0,"Not what I expected, but in a good way!"
How Many Seeds in a Pumpkin?,9780375840142,"Margaret McNamara,G. Brian Karas",4.0,"July 10, 2007",Math,12,0,The ending left me wanting more.
How Many Seeds in a Pumpkin?,9780375840142,"Margaret McNamara,G. Brian Karas",,"July 10, 2007",Math,234,1,A quick and entertaining read.
Impossibility: The Limits of Science and the Science of Limits,9780198518907,John D. Barrow,4.0,"January 1, 1998",Math,216,1,This book really made me think about [a theme].
"Mastering the Seven Decisions That Determine Personal Success: An Owner's Manual to the New York Times Bestseller, the Traveler's Gift",9780785261414,Andy Andrews,4.0,"January 1, 2008",Personal-Development,128,0,Disappointing after all the hype.
"Mastering the Seven Decisions That Determine Personal Success: An Owner's Manual to the New York Times Bestseller, the Traveler's Gift",9780785261414,Andy Andrews,4.0,"January 1, 2008",Personal-Development,193,0,The world-building in this fantasy novel is incredible.
Curiosity,9780803739246,Gary L. Blackwood,4.0,"April 10, 2014",Children,152,1,I found the writing style to be quite beautiful.
Curiosity,9780803739246,Gary L. Blackwood,4.0,"April 10, 2014",Children,214,0,
The Manga Guide to Linear Algebra,9781593274139,"Shin  Takahashi,Iroha Inoue,Trend-Pro Co. Ltd.",4.0,"November 1, 2008",Math,381,1,Disappointing after all the hype.
"Blessed Are the Misfits: Great News for Believers who are Introverts, Spiritual Strugglers, or Just Feel Like They're Missing Something",9780718096311,Brant Hansen,5.0,"November 28, 2017",Personal-Development,451,0,
Boomerang: Travels in the New Third World,9780393082241,Michael   Lewis,4.0,"October 3, 2011",Technology,479,0,
Bounty Hunter,9781460711729,S.J. Hollis,4.0,"August 3, 2013",Children,167,0,The ending left me wanting more.
"The Future of the Mind: The Scientific Quest to Understand, Enhance, and Empower the Mind",9780307473349,Michio Kaku,4.0,"February 25, 2014",Computer-Science,220,0,The pacing felt a bit off in the middle.
"The Secret of Life: Rosalind Franklin, James Watson, Francis Crick, and the Discovery of DNA's Double Helix",9781324002239,Howard Markel,4.0,"September 21, 2021",Math,89,0,"Not what I expected, but in a good way!"
"The Secret of Life: Rosalind Franklin, James Watson, Francis Crick, and the Discovery of DNA's Double Helix",9781324002239,Howard Markel,4.0,"September 21, 2021",Math,416,0,A thought-provoking and insightful book.
Code: The Hidden Language of Computer Hardware and Software,9780735611313,Charles Petzold,4.0,"September 29, 1999",Computer-Science,137,1,I couldn't put it down!
Code: The Hidden Language of Computer Hardware and Software,9780735611313,Charles Petzold,4.0,"September 29, 1999",Computer-Science,445,0,I struggled to connect with the main character.
How to Take a Chance,9780393002638,"Darrell Huff,Irving Geis",,"September 1, 1964",Math,450,0,I struggled to connect with the main character.
Rainbows End,9780812536362,Vernor Vinge,4.0,"January 1, 2006",Children,30,1,The ending left me wanting more.
"The Bear and the Nightingale (The Winternight Trilogy, #1)",9781101885932,Katherine Arden,4.0,"January 10, 2017",studio-ghibli,256,0,I couldn't put it down!
The Magic School Bus Rides The Wind (Science Reader),9780439801089,"Anne Capeci,Carolyn Bracken,Joanna Cole,Bruce Degen",4.0,"September 1, 2007",Math,117,0,"Not what I expected, but in a good way!"
The Seasoned Schemer,9780262561006,"Daniel P. Friedman,Matthias Felleisen,Guy L. Steele Jr.,Duane Bibby",4.0,"December 21, 1995",Computer-Science,22,0,I would recommend this to fans of [genre].
The Seasoned Schemer,9780262561006,"Daniel P. Friedman,Matthias Felleisen,Guy L. Steele Jr.,Duane Bibby",4.0,"December 21, 1995",Computer-Science,89,1,Disappointing after all the hype.
"Bold Women of Medicine: 21 Stories of Astounding Discoveries, Daring Surgeries, and Healing Breakthroughs (20) (Women of Action)",9781613734377,Susan M. Latta,4.0,"September 1, 2017",Computer-Science,98,1,I couldn't put it down!
"Bold Women of Medicine: 21 Stories of Astounding Discoveries, Daring Surgeries, and Healing Breakthroughs (20) (Women of Action)",9781613734377,Susan M. Latta,4.0,"September 1, 2017",Computer-Science,485,1,Disappointing after all the hype.
The Reinvention of Moxie Roosevelt,9780803733039,Elizabeth Cody Kimmel,1.0,"May 26, 2010",Children,9,0,The world-building in this fantasy novel is incredible.
The Ethical Algorithm: The Science of Socially Aware Algorithm Design,9780190948207,"Michael Kearns,Aaron Roth",3.0,"November 1, 2019",Computer-Science,152,0,I found the writing style to be quite beautiful.
Lost to the West: The Forgotten Byzantine Empire That Rescued Western Civilization,9780307407962,Lars Brownworth,4.0,"September 15, 2009",Biology,464,0,The pacing felt a bit off in the middle.
"The Willpower Instinct: How Self-Control Works, Why It Matters, and What You Can Do to Get More of It",9781583334386,Kelly McGonigal,4.0,"December 29, 2011",Personal-Development,318,1,I found the writing style to be quite beautiful.
The War of the Worlds,9780375759239,"H.G. Wells,Arthur C. Clarke",4.0,"January 1, 1898",Fantasy,101,1,A quick and entertaining read.
The War of the Worlds,9780375759239,"H.G. Wells,Arthur C. Clarke",4.0,"January 1, 1898",Fantasy,333,1,A quick and entertaining read.
The War of the Worlds,9780375759239,"H.G. Wells,Arthur C. Clarke",2.0,"January 1, 1898",Fantasy,464,0,I struggled to connect with the main character.
"The $100 Startup: Reinvent the Way You Make a Living, Do What You Love, and Create a New Future",9780307951526,Chris Guillebeau,4.0,"May 24, 2012",Business,183,0,
Your Face Belongs to Us: A Secretive Startup's Quest to End Privacy as We Know It,9780593448564,Kashmir  Hill,4.0,"September 19, 2023",Computer-Science,457,1,This book really made me think about [a theme].
The New Oxford American Dictionary,9780195170771,"Oxford Dictionaries,Erin McKean",2.0,"January 1, 1962",Personal-Development,29,0,A quick and entertaining read.
The Soul of a New Machine,9780316491976,Tracy Kidder,1.0,"January 1, 1981",Computer-Science,190,0,The ending left me wanting more.
The Elevator Ghost,9781554984251,Glen Huser,4.0,"July 25, 2014",Children,222,1,A classic for a reason. Highly enjoyable.
Girls Get Curves: Geometry Takes Shape,9781594630941,Danica McKellar,2.0,"August 2, 2012",Math,21,0,A classic for a reason. Highly enjoyable.
"Liner Notes: On Parents & Children, Exes & Excess, Death & Decay & a Few of My Other Favorite Things",9780698413085,Loudon Wainwright III,4.0,"September 5, 2017",Math,218,1,I found the writing style to be quite beautiful.
The Other Einstein,9781492637257,Marie Benedict,,"October 18, 2016",Technology,179,0,This book really made me think about [a theme].
"Ace: What Asexuality Reveals About Desire, Society, and the Meaning of Sex",9780807013793,Angela  Chen,3.0,"September 15, 2020",Personal-Development,236,0,A quick and entertaining read.
"Ace: What Asexuality Reveals About Desire, Society, and the Meaning of Sex",9780807013793,Angela  Chen,4.0,"September 15, 2020",Personal-Development,448,1,I would recommend this to fans of [genre].
My Darling Caroline,9780515123692,Adele Ashworth,4.0,"October 1, 1998",Technology,294,1,A classic for a reason. Highly enjoyable.
My Darling Caroline,9780515123692,Adele Ashworth,4.0,"October 1, 1998",Technology,321,1,"Not what I expected, but in a good way!"
The Startup Wife,9781982156183,Tahmima Anam,4.0,"June 3, 2021",Math,107,0,A classic for a reason. Highly enjoyable.
Atomic Habits: An Easy & Proven Way to Build Good Habits & Break Bad Ones,9780735211292,James Clear,4.0,"October 18, 2018",Artificial-Intelligence,310,0,I would recommend this to fans of [genre].
Business Model Generation,9782839906173,"Alexander Osterwalder,Yves Pigneur",4.0,"August 20, 2010",Personal-Development,333,0,
"Oh, the Places You’ll Go!",9780679805274,Dr. Seuss,4.0,"January 22, 1990",Business,7,1,The ending left me wanting more.
"The Self-Love Experiment: Fifteen Principles for Becoming More Kind, Compassionate, and Accepting of Yourself",9780143130697,Shannon Kaiser,4.0,"August 29, 2017",Personal-Development,431,0,I couldn't put it down!
"Bonhoeffer: Pastor, Martyr, Prophet, Spy",9781595551382,"Eric Metaxas,Timothy J. Keller",4.0,"April 18, 2010",Biology,437,0,A classic for a reason. Highly enjoyable.
Who Owns the Future?,9781451654967,Jaron Lanier,4.0,"March 7, 2013",Computer-Science,87,1,The world-building in this fantasy novel is incredible.
Who Owns the Future?,9781451654967,Jaron Lanier,,"March 7, 2013",Computer-Science,132,0,
Who Owns the Future?,9781451654967,Jaron Lanier,4.0,"March 7, 2013",Computer-Science,164,0,A quick and entertaining read.
Who Owns the Future?,9781451654967,Jaron Lanier,4.0,"March 7, 2013",Computer-Science,355,1,
Who Owns the Future?,9781451654967,Jaron Lanier,3.0,"March 7, 2013",Computer-Science,364,0,The world-building in this fantasy novel is incredible.
A Book of Five Rings: The Classic Guide to Strategy,9780517415283,"Miyamoto Musashi,Victor Harris,Lew Hartman",4.0,"January 1, 1645",Math,181,1,I found the writing style to be quite beautiful.
A Book of Five Rings: The Classic Guide to Strategy,9780517415283,"Miyamoto Musashi,Victor Harris,Lew Hartman",4.0,"January 1, 1645",Math,449,1,A classic for a reason. Highly enjoyable.
The Math Olympian,9781460258729,Richard Hoshino,3.0,"January 26, 2015",Math,344,0,I struggled to connect with the main character.
The Math Olympian,9781460258729,Richard Hoshino,4.0,"January 26, 2015",Math,397,1,The plot twists kept me guessing until the end.
The Secret Island of Oz,9780915419081,Eric Shanower,4.0,"January 1, 1990",Children,110,1,"Not what I expected, but in a good way!"
The Big Necessity: The Unmentionable World of Human Waste and Why It Matters,9780805090833,Rose George,,"October 14, 2008",Technology,304,1,The plot twists kept me guessing until the end.
The Man Who Mistook His Wife for a Hat and Other Clinical Tales,9780684853949,Oliver Sacks,4.0,"January 1, 1985",Biology,70,1,I would recommend this to fans of [genre].
House of Suns,9780575099128,Alastair Reynolds,3.0,"April 17, 2008",Children,25,0,A captivating story with well-developed characters.
House of Suns,9780575099128,Alastair Reynolds,,"April 17, 2008",Children,306,0,"Not what I expected, but in a good way!"
"Pup at the Palace (Animal Ark, #30; Animal Ark Summer Special, #4)",9780439343916,"Ben M. Baglio,Ann Baum,Jennie Walters",4.0,"October 1, 2003",Math,367,1,The plot twists kept me guessing until the end.
Lavoisier in the Year One: The Birth of a New Science in an Age of Revolution (Great Discoveries),9780393328547,Madison Smartt Bell,4.0,"January 1, 2005",Computer-Science,266,1,The pacing felt a bit off in the middle.
The Way of the Happy Woman: Living the Best Year of Your Life,9781577319825,Sara Avant Stover,4.0,"May 1, 2011",Personal-Development,211,1,"Not what I expected, but in a good way!"
Find Your Focus Zone: An Effective New Plan to Defeat Distraction and Overload,9781416532002,Lucy Jo Palladino,4.0,"January 1, 2007",Personal-Development,216,1,The world-building in this fantasy novel is incredible.
Winter World: The Ingenuity of Animal Survival,9780060957377,Bernd Heinrich,4.0,"January 1, 2003",Biology,148,1,The world-building in this fantasy novel is incredible.
Winter World: The Ingenuity of Animal Survival,9780060957377,Bernd Heinrich,4.0,"January 1, 2003",Biology,214,0,I couldn't put it down!
My Daniel,9780064403092,Pam Conrad,4.0,"January 1, 1989",Math,73,1,This book really made me think about [a theme].
Schaum's Outline of Introduction to Probability and Statistics,9780070380844,Seymour Lipschutz,4.0,"May 31, 1998",Math,431,1,A quick and entertaining read.
The Psychology of Achievement,9780743526586,Brian Tracy,1.0,"January 1, 1984",Personal-Development,133,0,A captivating story with well-developed characters.
The Psychology of Achievement,9780743526586,Brian Tracy,4.0,"January 1, 1984",Personal-Development,143,1,A captivating story with well-developed characters.
Oracle PL/SQL Programming: Covers Versions Through Oracle Database 12c,9781449324421,"Steven Feuerstein,Bill Pribyl",4.0,"September 8, 1993",Computer-Science,229,1,"Not what I expected, but in a good way!"
Oracle PL/SQL Programming: Covers Versions Through Oracle Database 12c,9781449324421,"Steven Feuerstein,Bill Pribyl",4.0,"September 8, 1993",Computer-Science,247,1,A quick and entertaining read.
Claudia and Mean Janine: A Graphic Novel (The Baby-Sitters Club Graphic Novels #4),9780439885171,"Raina Telgemeier,Ann M. Martin",4.0,"January 1, 2008",Children,400,0,I found the writing style to be quite beautiful.
"Aphrodite the Beauty (Goddess Girls, #3)",9781416982739,"Joan Holub,Suzanne Williams",4.0,"July 16, 2010",Children,379,1,I found the writing style to be quite beautiful.
Smoky Night,9780152018849,"Eve Bunting,David Díaz",4.0,"March 31, 1994",Children,25,1,I struggled to connect with the main character.
Smoky Night,9780152018849,"Eve Bunting,David Díaz",4.0,"March 31, 1994",Children,112,0,The plot twists kept me guessing until the end.
The Book of Hope: A Survival Guide for Trying Times,9781250784094,"Jane Goodall,Douglas Abrams,Gail Hudson",3.0,"October 19, 2021",Math,339,0,A classic for a reason. Highly enjoyable.
Crush It!: Why Now Is the Time to Cash In on Your Passion,9780061914171,Gary Vaynerchuk,4.0,"October 10, 2001",Personal-Development,100,1,I found the writing style to be quite beautiful.
Types and Programming Languages (Mit Press),9780262162098,Benjamin C. Pierce,2.0,"January 1, 2002",Computer-Science,85,0,This book really made me think about [a theme].
"Abandon (Abandon, #1)",9780545284103,Meg Cabot,4.0,"April 26, 2011",Children,216,1,A thought-provoking and insightful book.
"Abandon (Abandon, #1)",9780545284103,Meg Cabot,4.0,"April 26, 2011",Children,254,1,I couldn't put it down!
Poor Economics: A Radical Rethinking of the Way to Fight Global Poverty,9781586487980,"Abhijit V. Banerjee,Esther Duflo",4.0,"April 26, 2011",Economics,145,1,
The Flight Girls,9780778369226,Noelle Salazar,,"July 2, 2019",Math,172,0,Disappointing after all the hype.
Programming in C,0752063326664,Stephen G. Kochan,4.0,"January 1, 2004",Computer-Science,243,1,The world-building in this fantasy novel is incredible.
Programming in C,0752063326664,Stephen G. Kochan,4.0,"January 1, 2004",Computer-Science,296,1,The world-building in this fantasy novel is incredible.
"The Ersatz Elevator (A Series of Unfortunate Events, #6)",9780060566210,"Lemony Snicket,Tim Curry",4.0,"March 16, 2001",Children,408,0,A captivating story with well-developed characters.
"The Cabbie: Book One (Taxista, #1)",9781606994504,Martí Riera Ferrer,4.0,"August 1, 1987",Cars,264,0,I would recommend this to fans of [genre].
"The Cabbie: Book One (Taxista, #1)",9781606994504,Martí Riera Ferrer,4.0,"August 1, 1987",Cars,414,0,A thought-provoking and insightful book.
How to Get Your Boyfriend Back: From the Husband He Turned Into,9780996254731,Julia  Black,4.0,"August 26, 2015",Personal-Development,232,1,A quick and entertaining read.
Math Fables: Lessons That Count,9780439453998,"Greg Tang,Heather Cahoon",,"January 1, 1949",Math,403,1,The world-building in this fantasy novel is incredible.
"The Sandman, Vol. 7: Brief Lives",9781563891373,"Neil Gaiman,Jill Thompson,Vince Locke,Peter Straub",5.0,"March 25, 1993",Comics,224,1,"Not what I expected, but in a good way!"
"Gifts of the Crow: How Perception, Emotion, and Thought Allow Smart Birds to Behave Like Humans",9781439198735,"John M. Marzluff,Tony Angell",4.0,"May 22, 2012",Biology,144,0,The plot twists kept me guessing until the end.
The Casual Vacancy,9780316228534,J.K. Rowling,3.0,"September 27, 2012",Children,486,1,"Not what I expected, but in a good way!"
Programming Ruby: The Pragmatic Programmers' Guide,9780974514055,"Dave         Thomas,Chad Fowler,Andy   Hunt",4.0,"December 15, 2000",Computer-Science,242,0,A classic for a reason. Highly enjoyable.
Shark in the Park!,9780552549776,Nick Sharratt,4.0,"January 1, 2000",Children,388,1,I would recommend this to fans of [genre].
Shark in the Park!,9780552549776,Nick Sharratt,4.0,"January 1, 2000",Children,394,1,The ending left me wanting more.
Introduction to Topology,9780486663524,Bert Mendelson,4.0,"January 1, 1975",Math,203,1,This book really made me think about [a theme].
The Science Book: Big Ideas Simply Explained,9781465419651,"Rob Scott Colson,John Farndon,Camilla Hallinan,Dan Green,David John,Adam Hart-Davis",3.0,"July 21, 2014",Computer-Science,446,0,I would recommend this to fans of [genre].
Declutter Now!: Uncovering the Hidden Joy and Freedom in Your Life,9781620201039,"Sherry Gareis,Lindon Gareis",4.0,"August 20, 2012",Personal-Development,249,0,A classic for a reason. Highly enjoyable.
Anno's Counting Book,9780690012873,Mitsumasa Anno,2.0,"January 1, 1975",Children,57,0,The ending left me wanting more.
Bears Make the Best Math Buddies,9781684460793,Carmen Oliver,4.0,"July 1, 2019",Math,283,0,"Not what I expected, but in a good way!"
"The Love Theorem (First Comes Love, #4)",9781837519071,Camilla Isley,,"April 25, 2019",Technology,272,0,This book really made me think about [a theme].
Apples (Life of Fred #1),9780979107245,Stanley F. Schmidt,4.0,"January 1, 2011",Math,167,0,I struggled to connect with the main character.
"Black Butler, Vol. 1 (Black Butler, #1)",9780316080842,"Yana Toboso,Tomo Kimura",4.0,"February 27, 2007",Comics,330,1,
The Swerve: How the World Became Modern,9780393343403,Stephen Greenblatt,4.0,"September 26, 2011",Personal-Development,282,0,A classic for a reason. Highly enjoyable.
Orange Is the New Black,9780385523387,Piper Kerman,4.0,"April 6, 2010",Personal-Development,419,1,
Success Through a Positive Mental Attitude,9781416541592,"Napoleon Hill,W. Clement Stone",4.0,"January 1, 1960",Personal-Development,34,1,I found the writing style to be quite beautiful.
This Idea Must Die: Scientific Theories That Are Blocking Progress (Edge Question),9780062374349,John Brockman,3.0,"February 17, 2015",Computer-Science,101,0,Disappointing after all the hype.
This Idea Must Die: Scientific Theories That Are Blocking Progress (Edge Question),9780062374349,John Brockman,4.0,"February 17, 2015",Computer-Science,287,0,A classic for a reason. Highly enjoyable.
"Intermediate Thermodynamics (Chemistry Lessons, #2)",9780999094853,Susannah Nix,3.0,"September 21, 2017",Technology,176,0,
"Intermediate Thermodynamics (Chemistry Lessons, #2)",9780999094853,Susannah Nix,4.0,"September 21, 2017",Technology,329,0,The pacing felt a bit off in the middle.
"The Infernal Library: On Dictators, the Books They Wrote, and Other Catastrophes of Literacy",9781627793421,Daniel Kalder,,"March 6, 2018",nonfiction,130,0,I found the writing style to be quite beautiful.
The Golden Notebook,9780060931407,Doris Lessing,4.0,"January 1, 1962",Children,263,1,A classic for a reason. Highly enjoyable.
The New Psycho-Cybernetics: The Original Science of Self-Improvement and Success That Has Changed the Lives of 30 Million People,9780735202856,"Dan S.   Kennedy,Maxwell Maltz",4.0,"September 1, 1998",Personal-Development,413,1,I found the writing style to be quite beautiful.
"Nonlinear Dynamics and Chaos: With Applications to Physics, Biology, Chemistry, and Engineering, Second Edition (Studies in Nonlinearity)",9780813349107,Steven H. Strogatz,4.0,"January 1, 1994",Math,451,0,Disappointing after all the hype.
The Lost City of Z: A Tale of Deadly Obsession in the Amazon,9780385513531,David Grann,4.0,"February 24, 2009",Personal-Development,99,1,I would recommend this to fans of [genre].
"Lord Foul's Bane (The Chronicles of Thomas Covenant the Unbeliever, #1)",9780345348654,Stephen R. Donaldson,,"June 1, 1977",Children,243,0,A thought-provoking and insightful book.
My Horizontal Life: A Collection of One-Night Stands,9781582346182,Chelsea Handler,4.0,"June 6, 2004",Personal-Development,284,1,A captivating story with well-developed characters.
My Horizontal Life: A Collection of One-Night Stands,9781582346182,Chelsea Handler,4.0,"June 6, 2004",Personal-Development,465,1,
Patterns of Plausible Inference,9780691025100,George Pólya,4.0,"January 1, 1954",Computer-Science,285,1,I couldn't put it down!
Patterns of Plausible Inference,9780691025100,George Pólya,4.0,"January 1, 1954",Computer-Science,497,0,I would recommend this to fans of [genre].
The Man Who Loved China: The Fantastic Story of the Eccentric Scientist Who Unlocked the Mysteries of the Middle Kingdom,9780060884598,Simon Winchester,4.0,"May 6, 2008",Math,288,1,Disappointing after all the hype.
The Road to Serfdom,9780226320618,"Friedrich A. Hayek,Milton Friedman",4.0,"September 18, 1944",Economics,398,0,I would recommend this to fans of [genre].
The Planiverse: Computer Contact with a Two-Dimensional World,9780387989167,A.K. Dewdney,4.0,"January 1, 1983",Math,163,0,A quick and entertaining read.
Waterlog: A Swimmer's Journey Through Britain,9780099282556,Roger  Deakin,4.0,"May 27, 1999",Math,399,0,The pacing felt a bit off in the middle.
Waterlog: A Swimmer's Journey Through Britain,9780099282556,Roger  Deakin,,"May 27, 1999",Math,429,0,The ending left me wanting more.
"New Programmer's Survival Manual: Navigate Your Workplace, Cube Farm, or Startup (Pragmatic Programmers)",9781934356814,Joshua Carter,1.0,"November 22, 2011",Computer-Science,296,0,A classic for a reason. Highly enjoyable.
You Don't Know JS Yet: Get Started,9781647862206,"Kyle Simpson,Simon St. Laurent,Brian Holt",2.0,"January 28, 2020",Computer-Science,308,0,The plot twists kept me guessing until the end.
Giant Steps: Small Changes to Make a Big Difference,9780743529013,Tony Robbins,4.0,"January 1, 1994",Personal-Development,178,1,I struggled to connect with the main character.
"Maphead: Charting the Wide, Weird World of Geography Wonks",9781439167175,Ken Jennings,,"January 1, 2011",Computer-Science,2,1,I found the writing style to be quite beautiful.
"Maphead: Charting the Wide, Weird World of Geography Wonks",9781439167175,Ken Jennings,4.0,"January 1, 2011",Computer-Science,139,0,The ending left me wanting more.
"Poseidon’s Children (The Legacy of the Gods, #1)",9781937929954,Michael  West,,"March 1, 2012",Children,385,0,I would recommend this to fans of [genre].
The Dream Machine,9781953953360,M. Mitchell Waldrop,5.0,"January 1, 2001",Computer-Science,194,0,The plot twists kept me guessing until the end.
The Dream Machine,9781953953360,M. Mitchell Waldrop,5.0,"January 1, 2001",Computer-Science,217,1,"Not what I expected, but in a good way!"
The Essential Drucker,9780060935740,Peter F. Drucker,3.0,"January 1, 2000",Business,121,0,The ending left me wanting more.
"Pitch and Throw, Grasp and Know: What Is a Synonym?",9780822568773,"Brian P. Cleary,Brian P. Cleary",,"November 1, 2004",Math,493,1,A classic for a reason. Highly enjoyable.
The Fact of a Body: A Murder and a Memoir,9781250080547,Alexandria Marzano-Lesnevich,4.0,"May 16, 2017",Personal-Development,480,0,A captivating story with well-developed characters.
"The Stones of Andarus (The Devenshire Chronicles, #1)",9780615943817,Tom Sechrist,5.0,"October 20, 2012",Children,139,1,
"The Stones of Andarus (The Devenshire Chronicles, #1)",9780615943817,Tom Sechrist,5.0,"October 20, 2012",Children,414,1,A classic for a reason. Highly enjoyable.
The Long Tail: How Endless Choice Is Creating Unlimited Demand,9781844138517,Chris Anderson,2.0,"July 11, 2006",Math,19,0,
"The Other Wind (Earthsea Cycle, #6)",9780441011254,Ursula K. Le Guin,4.0,"September 13, 2001",Children,210,1,
Mining of Massive Datasets,9781107015357,"Jure Leskovec,Anand Rajaraman,Jeffrey David Ullman",4.0,"October 27, 2011",Computer-Science,267,0,A quick and entertaining read.
Ideas and Opinions,9780517003930,Albert Einstein,4.0,"January 1, 1922",Personal-Development,466,1,The world-building in this fantasy novel is incredible.
Ideas and Opinions,9780517003930,Albert Einstein,4.0,"January 1, 1922",Personal-Development,487,1,The world-building in this fantasy novel is incredible.
The Third Form at St. Clare's,9781405219822,"Pamela Cox,Enid Blyton",4.0,"January 1, 2005",Children,220,0,The ending left me wanting more.
The Third Form at St. Clare's,9781405219822,"Pamela Cox,Enid Blyton",4.0,"January 1, 2005",Children,272,0,The ending left me wanting more.
Elementary Statistics,9780134462455,Mario F. Triola,3.0,"January 1, 1983",Math,151,1,The ending left me wanting more.
It Started with a Book,9781837519842,Camilla Isley,,"July 5, 2024",Technology,75,1,A thought-provoking and insightful book.
"Score! (Rutshire Chronicles, #6)",9780593042267,Jilly Cooper,4.0,"January 1, 1998",Children,212,1,This book really made me think about [a theme].
Adventures of Huckleberry Finn,9780520237711,"Mark Twain,Victor Fischer,Lin Salamo",,"February 18, 1884",Economics,265,0,The plot twists kept me guessing until the end.
Adventures of Huckleberry Finn,9780520237711,"Mark Twain,Victor Fischer,Lin Salamo",4.0,"February 18, 1884",Economics,291,1,Disappointing after all the hype.
Living Enlightenment,9781606070499,Paramahamsa Nithyananda,5.0,"January 1, 2008",Personal-Development,21,0,I found the writing style to be quite beautiful.
Living Enlightenment,9781606070499,Paramahamsa Nithyananda,5.0,"January 1, 2008",Personal-Development,126,1,The plot twists kept me guessing until the end.
Living Enlightenment,9781606070499,Paramahamsa Nithyananda,5.0,"January 1, 2008",Personal-Development,154,0,"Not what I expected, but in a good way!"
"Five Go Down to the Sea (Famous Five, #12)",9780340796269,Enid Blyton,4.0,"January 1, 1953",Children,250,1,I found the writing style to be quite beautiful.
American Pie: My Search for the Perfect Pizza,9781580084222,Peter Reinhart,4.0,"November 2, 2003",Math,298,0,I couldn't put it down!
American Pie: My Search for the Perfect Pizza,9781580084222,Peter Reinhart,,"November 2, 2003",Math,370,0,A captivating story with well-developed characters.
"Aurelia (Aurelia, #1)",9780142405796,Anne Osterlund,2.0,"April 1, 2008",Children,82,0,The pacing felt a bit off in the middle.
Anatomy of the Spirit: The Seven Stages of Power and Healing,9780609800140,Caroline Myss,4.0,"December 1, 2011",Personal-Development,222,0,The world-building in this fantasy novel is incredible.
"The Life and Opinions of Tristram Shandy, Gentleman",9780141439778,"Laurence Sterne,Joan New,Melvyn New",2.0,"January 1, 1767",Math,60,0,
"Pinkerton, Behave!",9780803727229,Steven Kellogg,4.0,"January 1, 1979",Children,463,1,A thought-provoking and insightful book.
The Lonely City: Adventures in the Art of Being Alone,9781250039576,Olivia Laing,4.0,"March 1, 2016",Children,45,1,The plot twists kept me guessing until the end.
Gray Hat Hacking : The Ethical Hacker's Handbook,9780072257090,"Shon Harris,Chris Eagle,Allen Harper",4.0,"January 1, 2004",Computer-Science,133,1,A classic for a reason. Highly enjoyable.
A Beginner's Guide to R (Use R!),9780387938363,"Alain F. Zuur,Elena N. Ieno,Erik Meesters",4.0,"July 1, 2009",Computer-Science,28,0,I would recommend this to fans of [genre].
A Beginner's Guide to R (Use R!),9780387938363,"Alain F. Zuur,Elena N. Ieno,Erik Meesters",4.0,"July 1, 2009",Computer-Science,360,1,I struggled to connect with the main character.
"Lazily, Crazily, Just a Bit Nasally: More about Adverbs (Words Are CATegorical ®)",9780822578482,"Brian P. Cleary,Brian Gable",2.0,"January 1, 2008",Math,423,0,Disappointing after all the hype.
The 7 Habits of Highly Effective People: Powerful Lessons in Personal Change,9780743269513,"Stephen R. Covey,Jim Collins",,"January 1, 1989",Children,314,0,Disappointing after all the hype.
"Linux Basics for Hackers: Getting Started with Networking, Scripting, and Security in Kali",9781593278564,OccupyTheWeb,,"January 1, 2018",Computer-Science,6,0,This book really made me think about [a theme].
Ingenious Pursuits: Building the Scientific Revolution,9780385720014,Lisa Jardine,4.0,"January 1, 1999",Math,28,1,I found the writing style to be quite beautiful.
Ingenious Pursuits: Building the Scientific Revolution,9780385720014,Lisa Jardine,4.0,"January 1, 1999",Math,477,0,
Blue Like Jazz: Nonreligious Thoughts on Christian Spirituality,9780785263708,Donald Miller,4.0,"July 15, 2003",Personal-Development,379,1,A captivating story with well-developed characters.
Blue Like Jazz: Nonreligious Thoughts on Christian Spirituality,9780785263708,Donald Miller,4.0,"July 15, 2003",Personal-Development,430,0,
"The Darkest Minds (The Darkest Minds, #1)",9781423157373,Alexandra Bracken,1.0,"December 18, 2012",Children,371,0,
The Joy of Pi,9780802775627,David Blatner,,"September 2, 1997",Math,479,0,This book really made me think about [a theme].
The Coffee Bean: A Simple Lesson to Create Positive Change,9781119430865,Jon Gordon,4.0,"June 26, 2019",Personal-Development,272,0,This book really made me think about [a theme].
"Assembling California (Annals of the Former World, 4)",9780374523930,John McPhee,4.0,"September 1, 1992",Math,191,1,The world-building in this fantasy novel is incredible.
"Assembling California (Annals of the Former World, 4)",9780374523930,John McPhee,,"September 1, 1992",Math,458,0,I would recommend this to fans of [genre].
When the Sky Is Like Lace,9780670059096,"Elinor Lander Horwitz,Barbara Cooney",,"February 1, 1975",Children,110,0,
The Attention Merchants: The Epic Scramble to Get Inside Our Heads,9780385352017,Tim Wu,2.0,"October 4, 2016",Computer-Science,228,0,The plot twists kept me guessing until the end.
The Freedom of Self-Forgetfulness,9781906173418,Timothy J. Keller,,"March 28, 2012",Personal-Development,329,0,
Alexander Hamilton,9780872207110,Ron Chernow,4.0,"April 26, 2004",Biology,45,0,The ending left me wanting more.
"The Bad Beginning (A Series of Unfortunate Events, #1)",9780439206471,"Lemony Snicket,Brett Helquist",4.0,"September 30, 1999",Fantasy,70,0,
"The Bad Beginning (A Series of Unfortunate Events, #1)",9780439206471,"Lemony Snicket,Brett Helquist",4.0,"September 30, 1999",Fantasy,136,0,The ending left me wanting more.
"The Bad Beginning (A Series of Unfortunate Events, #1)",9780439206471,"Lemony Snicket,Brett Helquist",4.0,"September 30, 1999",Fantasy,380,1,The world-building in this fantasy novel is incredible.
Painless Geometry (Barron's Painless),9780764142307,Lynette Long,4.0,"July 1, 2001",Math,275,0,The plot twists kept me guessing until the end.
The Blue Road: A Fable of Migration,9781551527772,"Wayde Compton,April dela Noche Milne",4.0,"October 22, 2019",Children,215,0,The world-building in this fantasy novel is incredible.
The Blue Road: A Fable of Migration,9781551527772,"Wayde Compton,April dela Noche Milne",4.0,"October 22, 2019",Children,436,1,The plot twists kept me guessing until the end.
The Blue Road: A Fable of Migration,9781551527772,"Wayde Compton,April dela Noche Milne",1.0,"October 22, 2019",Children,455,0,I would recommend this to fans of [genre].
A Man with A White Shadow,9788195416813,Vikram Suryawanshi,5.0,"August 1, 2021",Personal-Development,85,1,The plot twists kept me guessing until the end.
A Man with A White Shadow,9788195416813,Vikram Suryawanshi,5.0,"August 1, 2021",Personal-Development,342,1,A thought-provoking and insightful book.
Becoming,9781524763138,Michelle Obama,4.0,"November 13, 2018",Personal-Development,26,1,I found the writing style to be quite beautiful.
Becoming,9781524763138,Michelle Obama,4.0,"November 13, 2018",Personal-Development,118,1,I found the writing style to be quite beautiful.
Cloaked,9780060874223,Alex Flinn,4.0,"January 1, 2011",Children,472,0,I found the writing style to be quite beautiful.
"The Elements of Statistical Learning: Data Mining, Inference, and Prediction",9780387952840,"Trevor Hastie,Robert Tibshirani,Jerome Friedman",4.0,"January 1, 2001",Computer-Science,494,0,A thought-provoking and insightful book.
"Idoru (Bridge, #2)",9780425190456,William Gibson,4.0,"September 4, 1996",Children,47,0,I found the writing style to be quite beautiful.
"Hunt Them Down (Pierce Hunt, #1)",9781503959514,Simon Gervais,,"January 1, 2019",Technology,458,0,A classic for a reason. Highly enjoyable.
Beyond the Wicked Willow: Chronicles of a Teenage Witchslayer (1),9781543909128,"M.J. Rocissono,Joe Rocissono",4.0,"September 7, 2017",Children,353,0,Disappointing after all the hype.
"Anastasia (The Ringing Cedars, #1)",9780976333302,"Vladimir Megré,John Woodsworth,Leonid Sharashkin",,"January 1, 1996",Personal-Development,375,0,This book really made me think about [a theme].
Manhunt: The 12-Day Chase for Lincoln's Killer,9780060518509,James L. Swanson,4.0,"February 6, 2006",History,176,1,A captivating story with well-developed characters.
Manhunt: The 12-Day Chase for Lincoln's Killer,9780060518509,James L. Swanson,4.0,"February 6, 2006",History,485,1,I would recommend this to fans of [genre].
"Lost in Shangri-la: A True Story of Survival, Adventure, and the Most Incredible Rescue Mission of World War II",9780061988349,Mitchell Zuckoff,1.0,"April 26, 2011",Personal-Development,116,0,The world-building in this fantasy novel is incredible.
"Chi's Sweet Home, Volume 1",9781934287811,"Kanata Konami,Ed Chavez",,"November 22, 2004",Children,149,1,Disappointing after all the hype.
"Chi's Sweet Home, Volume 1",9781934287811,"Kanata Konami,Ed Chavez",,"November 22, 2004",Children,254,0,I struggled to connect with the main character.
The Self-Aware Universe: How Consciousness Creates the Material World,9780874777987,"Amit Goswami,Richard E. Reed,Maggie Goswami,Fred Alan Wolf",4.0,"January 1, 1993",Personal-Development,54,0,The world-building in this fantasy novel is incredible.
The Self-Aware Universe: How Consciousness Creates the Material World,9780874777987,"Amit Goswami,Richard E. Reed,Maggie Goswami,Fred Alan Wolf",,"January 1, 1993",Personal-Development,177,0,The ending left me wanting more.
The Self-Aware Universe: How Consciousness Creates the Material World,9780874777987,"Amit Goswami,Richard E. Reed,Maggie Goswami,Fred Alan Wolf",4.0,"January 1, 1993",Personal-Development,220,1,A captivating story with well-developed characters.
"Sex, Drugs, and Cocoa Puffs: A Low Culture Manifesto",9780743236010,Chuck Klosterman,,"July 20, 2003",Personal-Development,371,0,I found the writing style to be quite beautiful.
"Sex, Drugs, and Cocoa Puffs: A Low Culture Manifesto",9780743236010,Chuck Klosterman,4.0,"July 20, 2003",Personal-Development,420,1,A quick and entertaining read.
"Dragon Flight (Dragon Slippers, #2)",9781599901107,Jessica Day George,1.0,"April 29, 2008",Children,238,0,The ending left me wanting more.
Godless,9781416908166,Pete Hautman,4.0,"June 1, 2004",Children,88,0,I found the writing style to be quite beautiful.
Godless,9781416908166,Pete Hautman,4.0,"June 1, 2004",Children,263,1,The world-building in this fantasy novel is incredible.
Godless,9781416908166,Pete Hautman,,"June 1, 2004",Children,308,1,
Soft Skills: The Software Developer's Life Manual,9781617292392,John Z. Sonmez,,"December 29, 2014",Computer-Science,16,1,
Soft Skills: The Software Developer's Life Manual,9781617292392,John Z. Sonmez,4.0,"December 29, 2014",Computer-Science,348,1,I found the writing style to be quite beautiful.
Saving Us: A Climate Scientist's Case for Hope and Healing in a Divided World,9781982143855,Katharine Hayhoe,4.0,"September 21, 2021",Math,44,1,This book really made me think about [a theme].
Saving Us: A Climate Scientist's Case for Hope and Healing in a Divided World,9781982143855,Katharine Hayhoe,4.0,"September 21, 2021",Math,170,0,The world-building in this fantasy novel is incredible.
The Magic School Bus Shows and Tells: A Book About Archaeology,9780590922425,"Joanna Cole,Bruce Degen",4.0,"January 1, 1997",Math,314,1,I would recommend this to fans of [genre].
"Things Fall Apart (Supervolcano, #3)",9780451465689,Harry Turtledove,3.0,"December 3, 2013",nonfiction,284,1,I would recommend this to fans of [genre].
Tintin and the Picaros (Tintin #23),9780416851700,"Hergé,Leslie Lonsdale-Cooper,Michael      Turner",4.0,"January 1, 1976",Children,270,0,The plot twists kept me guessing until the end.
How to Eat Fried Worms,9780440445456,"Thomas Rockwell,Emily Arnold McCully",4.0,"January 1, 1973",Children,103,0,
Invisible Women: Data Bias in a World Designed for Men,9781419729072,Caroline Criado Pérez,4.0,"March 7, 2019",Artificial-Intelligence,417,0,
The Roommate Experiment (Funny Feelings #3),9781836333852,Camilla Isley,4.0,"May 27, 2025",Technology,49,1,A thought-provoking and insightful book.
The Roommate Experiment (Funny Feelings #3),9781836333852,Camilla Isley,4.0,"May 27, 2025",Technology,457,0,Disappointing after all the hype.
Black Hills,9780399155819,Nora Roberts,4.0,"July 2, 2009",Computer-Science,111,1,The pacing felt a bit off in the middle.
Black Hills,9780399155819,Nora Roberts,4.0,"July 2, 2009",Computer-Science,144,1,I struggled to connect with the main character.
Black Hills,9780399155819,Nora Roberts,4.0,"July 2, 2009",Computer-Science,150,0,The world-building in this fantasy novel is incredible.
Black Hills,9780399155819,Nora Roberts,,"July 2, 2009",Computer-Science,285,1,A thought-provoking and insightful book.
"The Buntline Special (Weird West Tales, #1)",9781616142490,Mike Resnick,3.0,"January 1, 2010",Math,231,0,The ending left me wanting more.
An Ocean of Air: Why the Wind Blows and Other Mysteries of the Atmosphere,9780151011247,Gabrielle Walker,4.0,"March 1, 2007",Computer-Science,7,0,A classic for a reason. Highly enjoyable.
An Ocean of Air: Why the Wind Blows and Other Mysteries of the Atmosphere,9780151011247,Gabrielle Walker,,"March 1, 2007",Computer-Science,137,1,I found the writing style to be quite beautiful.
A Fortunate Universe: Life in a Finely Tuned Cosmos,9781107156616,"Geraint F. Lewis,Luke A. Barnes",4.0,"August 7, 2016",Computer-Science,403,1,I found the writing style to be quite beautiful.
Snowmen at Night,9780803725508,"Caralyn Buehner,Mark Buehner",4.0,"September 23, 2002",Math,488,1,A classic for a reason. Highly enjoyable.
Jade Fire Gold,9780063056367,June C.L. Tan,2.0,"October 12, 2021",nonfiction,293,0,A classic for a reason. Highly enjoyable.
"The Tea Dragon Festival (Tea Dragon, #2)",9781620106556,Kay O&apos;Neill,,"September 17, 2019",Children,391,0,I couldn't put it down!
Spinning,9781626727724,Tillie Walden,2.0,"September 12, 2017",Comics,73,0,I couldn't put it down!
Spinning,9781626727724,Tillie Walden,,"September 12, 2017",Comics,336,1,I couldn't put it down!
Antarctica: An Intimate Portrait of the World's Most Mysterious Continent,9781408811108,Gabrielle Walker,4.0,"January 1, 2012",Math,453,0,The world-building in this fantasy novel is incredible.
Antarctica: An Intimate Portrait of the World's Most Mysterious Continent,9781408811108,Gabrielle Walker,,"January 1, 2012",Math,486,1,The pacing felt a bit off in the middle.
Effective Ruby: 48 Specific Ways to Write Better Ruby (Effective Software Development),9780133846973,Peter J. Jones,4.0,"September 8, 2014",Computer-Science,395,1,A captivating story with well-developed characters.
"The Prisoner of Cell 25 (Michael Vey, #1)",9781451656503,Richard Paul Evans,1.0,"August 1, 2011",Children,75,0,Disappointing after all the hype.
Software Design Decoded: 66 Ways Experts Think (Mit Press),9780262035187,"Marian Petre,André van der Hoek,Yen Quach",4.0,"October 6, 2016",Computer-Science,425,1,I struggled to connect with the main character.
Hacker's Delight,9780201914658,Henry S. Warren Jr.,,"July 27, 2002",Computer-Science,46,0,A quick and entertaining read.
Nausicaä of the Valley of the Wind: The Complete Series,9781421550640,Hayao Miyazaki,,"January 1, 1995",studio-ghibli,383,1,Disappointing after all the hype.
Evicted: Poverty and Profit in the American City,9780553447439,Matthew Desmond,4.0,"March 1, 2016",Personal-Development,86,1,I couldn't put it down!
The Good Life : Lessons from the World's Longest Study on Happiness,9781846046773,Robert Waldinger,4.0,"January 10, 2023",Math,280,0,The plot twists kept me guessing until the end.
All She Wanted,9780671023881,Aphrodite Jones,1.0,"June 1, 1996",nonfiction,483,0,The ending left me wanting more.
"Mary, Bloody Mary (Young Royals, #1)",9780152164560,Carolyn Meyer,4.0,"August 2, 1999",Children,310,1,I would recommend this to fans of [genre].
"Spirited Away, Volume 1",9781569317914,"Hayao Miyazaki,Yuji Oniki,Cindy Davis Hewitt,Donald H. Hewitt",5.0,"January 1, 2001",studio-ghibli,375,1,"Not what I expected, but in a good way!"
Beautiful Testing: Leading Professionals Reveal How They Improve Software,9780596159818,"Tim  Riley,Adam Goucher",2.0,"October 1, 2009",Computer-Science,150,0,I couldn't put it down!
The Mother Tongue: English and How It Got That Way,9780380715435,Bill Bryson,4.0,"January 1, 1990",Personal-Development,299,1,The world-building in this fantasy novel is incredible.
"Superman/Batman, Vol. 1: Public Enemies",9781401202200,"Jeph Loeb,Ed McGuinness,Dexter Vines,Tim Sale",4.0,"January 1, 2004",Comics,144,0,The pacing felt a bit off in the middle.
"Making Piece: a Memoir of Love, Loss and Pie",9780373892570,Beth M. Howard,4.0,"July 1, 2012",Math,256,0,A captivating story with well-developed characters.
The Numbers Behind NUMB3RS: Solving Crime with Mathematics,9780452288577,"Keith Devlin,Gary Lorden",4.0,"August 28, 2007",Math,382,0,I would recommend this to fans of [genre].
His Excellency: George Washington,9781400032532,Joseph J. Ellis,4.0,"January 1, 2004",History,339,0,I would recommend this to fans of [genre].
An Immense World: How Animal Senses Reveal the Hidden Realms Around Us,9780593133248,Ed Yong,,"June 21, 2022",Math,227,0,The ending left me wanting more.
An Immense World: How Animal Senses Reveal the Hidden Realms Around Us,9780593133248,Ed Yong,4.0,"June 21, 2022",Math,239,1,I couldn't put it down!
Life of Pi,9780770430078,Yann Martel,4.0,"September 11, 2001",Cars,114,1,A classic for a reason. Highly enjoyable.
Life of Pi,9780770430078,Yann Martel,4.0,"September 11, 2001",Cars,226,0,A quick and entertaining read.
Life of Pi,9780770430078,Yann Martel,4.0,"September 11, 2001",Cars,236,0,I couldn't put it down!
The Vegetarian,9780553448184,"Han Kang,Deborah Smith",4.0,"October 30, 2007",Children,187,1,
Game Engine Black Book: Doom,9781987418439,Fabien Sanglard,4.0,"December 5, 2018",Computer-Science,45,1,The plot twists kept me guessing until the end.
"The Rogue Knight (Five Kingdoms, #2)",9781442497054,Brandon Mull,4.0,"November 18, 2014",Children,163,1,The pacing felt a bit off in the middle.
Flyboys: A True Story of Courage,9780316159432,James D. Bradley,4.0,"September 30, 2003",History,37,1,Disappointing after all the hype.
Flyboys: A True Story of Courage,9780316159432,James D. Bradley,4.0,"September 30, 2003",History,77,1,"Not what I expected, but in a good way!"
Flyboys: A True Story of Courage,9780316159432,James D. Bradley,1.0,"September 30, 2003",History,165,0,"Not what I expected, but in a good way!"
Flyboys: A True Story of Courage,9780316159432,James D. Bradley,2.0,"September 30, 2003",History,253,0,I would recommend this to fans of [genre].
Flyboys: A True Story of Courage,9780316159432,James D. Bradley,4.0,"September 30, 2003",History,302,0,The ending left me wanting more.
The Egyptian Cinderella,9780064432795,"Shirley Climo,Ruth Heller",4.0,"September 15, 1989",Children,208,0,The world-building in this fantasy novel is incredible.
Ghosts of Vesuvius,9780060751005,Charles Pellegrino,4.0,"August 10, 2004",Math,47,0,A classic for a reason. Highly enjoyable.
Ghosts of Vesuvius,9780060751005,Charles Pellegrino,4.0,"August 10, 2004",Math,107,0,A classic for a reason. Highly enjoyable.
Ghosts of Vesuvius,9780060751005,Charles Pellegrino,4.0,"August 10, 2004",Math,253,0,The ending left me wanting more.
The Girl in Steel-Capped Boots,9781742753508,Loretta Hill,,"January 2, 2012",Technology,48,0,The ending left me wanting more.
Refactoring: Improving the Design of Existing Code,9780201485677,"Martin Fowler,Kent Beck,Don Roberts,Erich Gamma",2.0,"January 1, 1999",Computer-Science,277,0,The plot twists kept me guessing until the end.
Dignifying Science,9780966010619,"Jim Ottaviani,Donna Barr,Marie Severin,Linda Medley,Mary Fleener,Roberta Gregory,Lea Hernandez Seidman,Stephanie Gladden,Ramona Fradon,Ann Timmons,Janet Heatherington,Jen Sorensen,Carla Speed McNeil",4.0,"November 1, 1999",Computer-Science,313,1,"Not what I expected, but in a good way!"
"Furies of Calderon (Codex Alera, #1)",9780441012688,Jim  Butcher,4.0,"October 5, 2004",Children,365,0,A classic for a reason. Highly enjoyable.
Black Hat Python: Python Programming for Hackers and Pentesters,9781593275907,Justin Seitz,4.0,"November 25, 2014",Computer-Science,36,0,A quick and entertaining read.
Shooters,9780718147273,David Loyn,3.0,"January 1, 2005",Math,171,0,This book really made me think about [a theme].
Shooters,9780718147273,David Loyn,4.0,"January 1, 2005",Math,428,0,A classic for a reason. Highly enjoyable.
Midnight in the Garden of Good and Evil,9780679751526,John Berendt,2.0,"January 13, 1994",Personal-Development,311,0,This book really made me think about [a theme].
"Oryx and Crake (MaddAddam, #1)",9781400078981,Margaret Atwood,4.0,"April 22, 2003",Math,175,1,I would recommend this to fans of [genre].
"The Emotion Code: How to Release Your Trapped Emotions for Abundant Health, Love, and Happiness (Updated and Expanded Edition)",9781250214508,Bradley  Nelson,4.0,"January 1, 2007",Business,120,0,
"The Emotion Code: How to Release Your Trapped Emotions for Abundant Health, Love, and Happiness (Updated and Expanded Edition)",9781250214508,Bradley  Nelson,4.0,"January 1, 2007",Business,459,1,"Not what I expected, but in a good way!"
Room 214: A Year in Poems,9781250040091,Helen Frost,1.0,"March 25, 2014",Children,58,0,The world-building in this fantasy novel is incredible.
Room 214: A Year in Poems,9781250040091,Helen Frost,4.0,"March 25, 2014",Children,345,0,I would recommend this to fans of [genre].
The Dispossessed: An Ambiguous Utopia,9780060504007,Ursula K. Le Guin,1.0,"January 1, 1974",Children,425,0,A captivating story with well-developed characters.
The Poisonwood Bible : A Novel (Large Print),9780783884684,Barbara Kingsolver,4.0,"September 24, 1998",Economics,428,1,"Not what I expected, but in a good way!"
The Last Dragon,9780786836369,"Silvana De Mari,Shaun Whiteside",,"January 1, 2004",Children,91,0,A thought-provoking and insightful book.
Naked Statistics: Stripping the Dread from the Data,9780393347777,Charles Wheelan,,"December 31, 2012",Math,374,0,
The Liars' Club,9780143035749,Mary Karr,4.0,"January 1, 1995",Personal-Development,130,1,This book really made me think about [a theme].
Veronica's Grave: A Daughter's Memoir,9781631520747,Barbara Donsky,4.0,"May 10, 2016",nonfiction,289,0,This book really made me think about [a theme].
LMNO Peas,9781416991410,Keith    Baker,4.0,"April 10, 2010",Math,303,0,The pacing felt a bit off in the middle.
"Mining the Social Web: Analyzing Data from Facebook, Twitter, LinkedIn, and Other Social Media Sites",9781449388348,Matthew A. Russell,4.0,"January 1, 2011",Computer-Science,412,1,
"Tithe (Modern Faerie Tales, #1)",9780689867040,Holly Black,,"October 1, 2002",Fantasy,268,0,I couldn't put it down!
"Tithe (Modern Faerie Tales, #1)",9780689867040,Holly Black,,"October 1, 2002",Fantasy,466,0,
The Magic School Bus Hops Home: A Book About Animal Habitats,9780590484138,"Patricia Relf,Nancy Stevenson",,"January 1, 1995",Math,22,0,A quick and entertaining read.
The Magic School Bus Hops Home: A Book About Animal Habitats,9780590484138,"Patricia Relf,Nancy Stevenson",4.0,"January 1, 1995",Math,31,1,The world-building in this fantasy novel is incredible.
The Magic School Bus Hops Home: A Book About Animal Habitats,9780590484138,"Patricia Relf,Nancy Stevenson",4.0,"January 1, 1995",Math,56,0,
Rose Daughter,9780441005833,Robin McKinley,4.0,"September 16, 1997",studio-ghibli,140,1,"Not what I expected, but in a good way!"
Glass House: The 1% Economy and the Shattering of the All-American Town,9781250085801,Brian  Alexander,4.0,"February 14, 2017",Personal-Development,319,1,The world-building in this fantasy novel is incredible.
Glass House: The 1% Economy and the Shattering of the All-American Town,9781250085801,Brian  Alexander,,"February 14, 2017",Personal-Development,456,1,Disappointing after all the hype.
168 Hours: You Have More Time Than You Think,9781591843313,Laura Vanderkam,,"May 26, 2010",Personal-Development,21,0,This book really made me think about [a theme].
"The Mystery of Tally-Ho Cottage (The Five Find-Outers, #12)",9780749719791,Enid Blyton,,"January 1, 1954",Children,159,0,"Not what I expected, but in a good way!"
Human Compatible: Artificial Intelligence and the Problem of Control,9780525558613,Stuart Russell,,"October 8, 2019",Computer-Science,414,1,The pacing felt a bit off in the middle.
The Debutantes,9781250881465,Olivia Worley,4.0,"October 29, 2024",nonfiction,480,1,The pacing felt a bit off in the middle.
The Boy Who Reversed Himself,9780140389654,William Sleator,3.0,"January 1, 1986",Children,48,0,Disappointing after all the hype.
The Boy Who Reversed Himself,9780140389654,William Sleator,4.0,"January 1, 1986",Children,302,0,I would recommend this to fans of [genre].
The Boy Who Reversed Himself,9780140389654,William Sleator,4.0,"January 1, 1986",Children,356,0,A captivating story with well-developed characters.
"Vexing Voss (Coletti Warlords, #3)",9781623005078,Gail Koger,3.0,"September 23, 2013",Biology,103,0,A classic for a reason. Highly enjoyable.
"Vexing Voss (Coletti Warlords, #3)",9781623005078,Gail Koger,4.0,"September 23, 2013",Biology,338,1,A captivating story with well-developed characters.
Dice World: Science and Life in a Random Universe,9781848315167,Brian Clegg,3.0,"April 1, 2013",Math,307,1,I couldn't put it down!
Dice World: Science and Life in a Random Universe,9781848315167,Brian Clegg,3.0,"April 1, 2013",Math,463,0,A captivating story with well-developed characters.
The Science of Fear: Why We Fear the Things We Shouldn't--and Put Ourselves in Greater Danger,9780525950622,Daniel Gardner,4.0,"July 17, 2008",Economics,132,1,The plot twists kept me guessing until the end.
Dressed in Dreams: A Black Girl's Love Letter to the Power of Fashion,9781250173539,Tanisha C. Ford,4.0,"June 25, 2019",nonfiction,159,1,
"Look to Windward (Culture, #7)",9781841490595,Iain M. Banks,4.0,"August 1, 2000",Artificial-Intelligence,115,1,This book really made me think about [a theme].
"Look to Windward (Culture, #7)",9781841490595,Iain M. Banks,,"August 1, 2000",Artificial-Intelligence,489,1,The world-building in this fantasy novel is incredible.
Young Joan,9780064406611,Barbara Dana,4.0,"January 1, 1991",Children,97,1,The plot twists kept me guessing until the end.
Bag of Bones,9780671024239,Stephen        King,4.0,"September 22, 1998",nonfiction,148,1,I would recommend this to fans of [genre].
Bag of Bones,9780671024239,Stephen        King,4.0,"September 22, 1998",nonfiction,227,0,A classic for a reason. Highly enjoyable.
Bag of Bones,9780671024239,Stephen        King,4.0,"September 22, 1998",nonfiction,279,1,The world-building in this fantasy novel is incredible.
On Immunity: An Inoculation,9781555976897,Eula Biss,3.0,"September 30, 2014",Math,319,0,I found the writing style to be quite beautiful.
"Agile Data Warehouse Design: Collaborative Dimensional Modeling, from Whiteboard to Star Schema",9780956817204,"Lawrence Corr,Jim Stagnitto",,"November 24, 2011",Computer-Science,421,0,
A Midnight Clear: Stories for the Christmas Season,9780525675297,Katherine Paterson,4.0,"January 1, 1995",Children,293,1,
"Four is a little, Four is a LOT",9781450778152,Cheska Komissar,4.0,"April 4, 2012",Math,184,0,Disappointing after all the hype.
"Four is a little, Four is a LOT",9781450778152,Cheska Komissar,2.0,"April 4, 2012",Math,316,0,The pacing felt a bit off in the middle.
"Four is a little, Four is a LOT",9781450778152,Cheska Komissar,4.0,"April 4, 2012",Math,426,1,Disappointing after all the hype.
When the Body Says No: The Cost of Hidden Stress,9780676973129,Gabor Maté,4.0,"January 1, 2003",Personal-Development,6,0,The ending left me wanting more.
When the Body Says No: The Cost of Hidden Stress,9780676973129,Gabor Maté,3.0,"January 1, 2003",Personal-Development,37,0,Disappointing after all the hype.
Mathematics From The Birth Of Numbers,9780393040029,"Jan Gullberg,Peter J. Hilton",4.0,"January 1, 1997",Math,410,0,I would recommend this to fans of [genre].
Black Horses for the King,9780345468635,Anne McCaffrey,4.0,"April 1, 1996",Math,196,0,"Not what I expected, but in a good way!"
The City of Light,9781311016621,Steve  Griffin,4.0,"May 29, 2014",Children,477,1,A quick and entertaining read.
Mom and Dad Are Palindromes,9780811843287,"Mark Shulman,Adam McCauley",4.0,"April 20, 2006",Math,391,1,A captivating story with well-developed characters.
"The Case of the Missing Cutthroats (Eco Mystery, 4)",9780064406475,"Jean Craighead George,Suzanne Duranceau",,"January 1, 1996",Math,25,1,
"The Case of the Missing Cutthroats (Eco Mystery, 4)",9780064406475,"Jean Craighead George,Suzanne Duranceau",,"January 1, 1996",Math,294,1,"Not what I expected, but in a good way!"
"The Case of the Missing Cutthroats (Eco Mystery, 4)",9780064406475,"Jean Craighead George,Suzanne Duranceau",4.0,"January 1, 1996",Math,491,0,
"The Case of the Missing Cutthroats (Eco Mystery, 4)",9780064406475,"Jean Craighead George,Suzanne Duranceau",,"January 1, 1996",Math,492,1,Disappointing after all the hype.
Programming Python,9780596009250,Mark Lutz,4.0,"January 1, 1996",Computer-Science,371,0,A classic for a reason. Highly enjoyable.
The Colossal Book of Short Puzzles and Problems,9780393061147,"Martin Gardner,Dana Richards",4.0,"November 28, 2005",Math,482,0,A classic for a reason. Highly enjoyable.
"The Garden Classroom: Hands-On Activities in Math, Science, Literacy, and Art",9781611801644,Cathy James,,"April 7, 2015",Math,59,0,Disappointing after all the hype.
"The Garden Classroom: Hands-On Activities in Math, Science, Literacy, and Art",9781611801644,Cathy James,4.0,"April 7, 2015",Math,469,1,A classic for a reason. Highly enjoyable.
The Vaccine: Inside the Race to Conquer the COVID-19 Pandemic,9781250280367,"Joe Miller,Uğur Şahin,Özlem Türeci",4.0,"January 1, 2021",Computer-Science,266,0,A classic for a reason. Highly enjoyable.
Bartleby the Scrivener,9780974607801,Herman Melville,,"December 1, 1853",Economics,469,1,A thought-provoking and insightful book.
Triggers,9781781252826,Mark Reiter,4.0,"May 19, 2015",Personal-Development,248,1,Disappointing after all the hype.
Triggers,9781781252826,Mark Reiter,,"May 19, 2015",Personal-Development,389,1,A classic for a reason. Highly enjoyable.
Infidel,9780743289689,Ayaan Hirsi Ali,,"January 1, 2006",Personal-Development,463,0,This book really made me think about [a theme].
How to Stop Feeling Like Sh*t,9781580056793,Andrea Owen,4.0,"January 2, 2018",Personal-Development,191,1,The world-building in this fantasy novel is incredible.
War,9780446556248,Sebastian Junger,3.0,"January 1, 2010",History,144,0,A quick and entertaining read.
"2001: A Space Odyssey (Space Odyssey, #1)",9781841490557,Arthur C. Clarke,4.0,"April 28, 1968",Artificial-Intelligence,94,1,The ending left me wanting more.
"Garfield Eats His Heart Out (Garfield, #6)",9780345464590,Jim Davis,4.0,"February 1, 1983",Children,61,1,A captivating story with well-developed characters.
You Are Not Stuck: How Soul-Guided Choices Transform Fear into Freedom,9781250864369,Becky Vollmer,2.0,"January 3, 2023",Personal-Development,59,0,
"Tales from a Not-So-Popular Party Girl (Dork Diaries, #2)",9781416986560,Rachel Renée Russell,4.0,"June 8, 2010",Comics,156,1,"Not what I expected, but in a good way!"
The Drowned and the Saved,9780349100470,"Primo Levi,R. Rosenthal",,"January 1, 1986",History,138,1,Disappointing after all the hype.
Introduction to Real Analysis,9780471433316,"Robert G. Bartle,Robert G. Bartle",4.0,"March 24, 1982",Computer-Science,461,0,A quick and entertaining read.
The Seven Principles for Making Marriage Work: A Practical Guide from the Country's Foremost Relationship Expert,9780609805794,"John M. Gottman,Nan Silver",4.0,"January 1, 1999",Personal-Development,292,1,A quick and entertaining read.
You Are Not So Smart,9781592406593,David McRaney,4.0,"October 1, 2011",Personal-Development,492,0,The ending left me wanting more.
Old School,9780747574651,Tobias Wolff,4.0,"November 4, 2003",Children,159,0,"Not what I expected, but in a good way!"
Old School,9780747574651,Tobias Wolff,4.0,"November 4, 2003",Children,491,1,The plot twists kept me guessing until the end.
"The Sunday Philosophy Club (Isabel Dalhousie, #1)",9781400077090,Alexander McCall Smith,,"September 28, 2004",Children,193,0,Disappointing after all the hype.
Black Taxi,9780060559373,James Moloney,3.0,"February 15, 2003",Cars,23,1,The pacing felt a bit off in the middle.
Black Taxi,9780060559373,James Moloney,3.0,"February 15, 2003",Cars,132,0,
The Amazing Power of Girls,9781728294308,"Maria Marianayagam,Skylar White",5.0,"June 4, 2024",Math,119,0,A quick and entertaining read.
The Amazing Power of Girls,9781728294308,"Maria Marianayagam,Skylar White",5.0,"June 4, 2024",Math,329,1,
Silent Spring & Other Writings on the Environment,9781598535600,"Rachel Carson,Sandra Steingraber",5.0,"May 27, 2018",Computer-Science,477,1,Disappointing after all the hype.
How to Stop Worrying and Start Living: Time-Tested Methods for Conquering Worry (Dale Carnegie Books),9780671035976,Dale Carnegie,4.0,"January 1, 1944",Personal-Development,402,1,"Not what I expected, but in a good way!"
Player Piano,9780385333788,Kurt Vonnegut Jr.,4.0,"August 18, 1952",nonfiction,4,1,This book really made me think about [a theme].
"Orphan Monster Spy (Orphan Monster Spy, #1)",9780451478733,Matt Killeen,4.0,"March 20, 2018",Children,207,1,A captivating story with well-developed characters.
Computer Organization,9780072320862,"V. Carl Hamacher,Zvonko G. Vranesic,Safwat Zaky",4.0,"January 1, 1978",Computer-Science,180,1,The world-building in this fantasy novel is incredible.
Computer Organization,9780072320862,"V. Carl Hamacher,Zvonko G. Vranesic,Safwat Zaky",4.0,"January 1, 1978",Computer-Science,381,1,I would recommend this to fans of [genre].
"Laura's Early Years Collection (Little House, #1, #2, #4)",9780064493673,"Laura Ingalls Wilder,Garth Williams",,"January 1, 1965",Children,79,0,"Not what I expected, but in a good way!"
"Everybody Lies: Big Data, New Data, and What the Internet Can Tell Us About Who We Really Are",9780062497499,Seth Stephens-Davidowitz,4.0,"May 9, 2017",Math,188,1,The world-building in this fantasy novel is incredible.
The Calling (Hazel Micallef #1),9780151013470,Inger Ash Wolfe,3.0,"January 1, 2008",Children,73,0,
The Calling (Hazel Micallef #1),9780151013470,Inger Ash Wolfe,4.0,"January 1, 2008",Children,83,1,
"The Scar (New Crobuzon, #2)",9780345460011,China Miéville,2.0,"June 1, 2002",Biology,87,0,The plot twists kept me guessing until the end.
"The Complete Peanuts, 1950-1952 (The Complete Peanuts, #1)",9781560975892,"Charles M. Schulz,Garrison Keillor",4.0,"May 1, 2004",Children,27,1,A quick and entertaining read.
"The Complete Peanuts, 1950-1952 (The Complete Peanuts, #1)",9781560975892,"Charles M. Schulz,Garrison Keillor",3.0,"May 1, 2004",Children,400,0,A quick and entertaining read.
A Place for Rain,9781324053576,"Michelle Schaub,Blanca Gómez",4.0,"March 12, 2024",Math,324,1,A classic for a reason. Highly enjoyable.
How My Summer Went Up in Flames,9781442459403,Jennifer Salvato Doktorski,4.0,"May 7, 2013",Cars,161,1,The world-building in this fantasy novel is incredible.
"Secret in the Stone (The Unicorn Quest, #2)",9781681192475,Kamilla Benko,4.0,"February 19, 2019",Children,107,1,
"Secret in the Stone (The Unicorn Quest, #2)",9781681192475,Kamilla Benko,4.0,"February 19, 2019",Children,203,1,A thought-provoking and insightful book.
"Secret in the Stone (The Unicorn Quest, #2)",9781681192475,Kamilla Benko,1.0,"February 19, 2019",Children,231,0,I struggled to connect with the main character.
"Secret in the Stone (The Unicorn Quest, #2)",9781681192475,Kamilla Benko,4.0,"February 19, 2019",Children,331,0,Disappointing after all the hype.
"Secret in the Stone (The Unicorn Quest, #2)",9781681192475,Kamilla Benko,4.0,"February 19, 2019",Children,345,0,A classic for a reason. Highly enjoyable.
"Introducing Go: Build Reliable, Scalable Programs",9781491941959,Caleb Doxsey,4.0,"January 25, 2016",Computer-Science,426,0,A captivating story with well-developed characters.
Getting to Yes: Negotiating Agreement Without Giving In,9780140157352,"Roger Fisher,William Ury,Bruce Patton",4.0,"January 1, 1981",Business,369,0,A thought-provoking and insightful book.
The Suspicions of Mr. Whicher: Murder and the Undoing of a Great Victorian Detective,9780802715357,Kate Summerscale,4.0,"April 7, 2008",nonfiction,383,0,Disappointing after all the hype.
"The Dolphins of Pern (Pern, #12)",9780345419385,Anne McCaffrey,,"January 1, 1994",Biology,250,0,A thought-provoking and insightful book.
Madeline and the Bad Hat,9780670446148,Ludwig Bemelmans,4.0,"January 1, 1956",Children,28,1,I would recommend this to fans of [genre].
Madeline and the Bad Hat,9780670446148,Ludwig Bemelmans,2.0,"January 1, 1956",Children,150,0,The pacing felt a bit off in the middle.
"The Gap and The Gain: The High Achievers’ Guide to Happiness, Confidence, and Success",9781401964375,"Dan  Sullivan,Benjamin P. Hardy",4.0,"October 19, 2019",Math,168,0,The plot twists kept me guessing until the end.
"The Gap and The Gain: The High Achievers’ Guide to Happiness, Confidence, and Success",9781401964375,"Dan  Sullivan,Benjamin P. Hardy",4.0,"October 19, 2019",Math,362,0,A classic for a reason. Highly enjoyable.
The Strange Case of Dr. Jekyll and Mr. Hyde,9781551116556,Robert Louis Stevenson,4.0,"January 1, 1886",Economics,330,1,A thought-provoking and insightful book.
The Strange Case of Dr. Jekyll and Mr. Hyde,9781551116556,Robert Louis Stevenson,4.0,"January 1, 1886",Economics,462,0,The pacing felt a bit off in the middle.
Grunt: The Curious Science of Humans at War,9780393245448,Mary Roach,4.0,"June 7, 2016",Math,481,1,"Not what I expected, but in a good way!"
Darkling Seas,9781603941532,Madelaine Montague,4.0,"January 1, 2008",Biology,74,1,A thought-provoking and insightful book.
Darkling Seas,9781603941532,Madelaine Montague,2.0,"January 1, 2008",Biology,433,0,The plot twists kept me guessing until the end.
"Kitty Saves the World (Kitty Norville, #14)",9780765368706,Carrie Vaughn,4.0,"August 4, 2015",nonfiction,139,1,A quick and entertaining read.
"Kitty Saves the World (Kitty Norville, #14)",9780765368706,Carrie Vaughn,4.0,"August 4, 2015",nonfiction,427,1,I struggled to connect with the main character.
Inner Engineering: A Yogi's Guide to Joy,9780812997804,Sadhguru,2.0,"September 1, 2016",Personal-Development,173,0,I couldn't put it down!
Inner Engineering: A Yogi's Guide to Joy,9780812997804,Sadhguru,4.0,"September 1, 2016",Personal-Development,408,1,I found the writing style to be quite beautiful.
Inner Engineering: A Yogi's Guide to Joy,9780812997804,Sadhguru,,"September 1, 2016",Personal-Development,409,1,
"Rules of the Road (Rules of the Road, #1)",9780552550369,Joan Bauer,4.0,"January 1, 1998",Cars,314,0,I would recommend this to fans of [genre].
"Rules of the Road (Rules of the Road, #1)",9780552550369,Joan Bauer,4.0,"January 1, 1998",Cars,488,0,A captivating story with well-developed characters.
"Girl, Stop Apologizing: A Shame-Free Plan for Embracing and Achieving Your Goals",9781400209606,Rachel Hollis,,"March 5, 2019",Personal-Development,344,1,This book really made me think about [a theme].
Possum Come a-Knockin',9780679834687,"Nancy Van Laan,George Booth",4.0,"January 1, 1990",Children,252,0,I struggled to connect with the main character.
Possum Come a-Knockin',9780679834687,"Nancy Van Laan,George Booth",4.0,"January 1, 1990",Children,270,1,The world-building in this fantasy novel is incredible.
Possum Come a-Knockin',9780679834687,"Nancy Van Laan,George Booth",4.0,"January 1, 1990",Children,418,1,I would recommend this to fans of [genre].
Temple Alley Summer,9781632063038,"Sachiko Kashiwaba,柏葉幸子,Miho Satake,Avery Fischer Udagawa",4.0,"August 9, 2011",studio-ghibli,277,1,A quick and entertaining read.
Temple Alley Summer,9781632063038,"Sachiko Kashiwaba,柏葉幸子,Miho Satake,Avery Fischer Udagawa",4.0,"August 9, 2011",studio-ghibli,305,1,I struggled to connect with the main character.
Temple Alley Summer,9781632063038,"Sachiko Kashiwaba,柏葉幸子,Miho Satake,Avery Fischer Udagawa",4.0,"August 9, 2011",studio-ghibli,337,0,I found the writing style to be quite beautiful.
The Elephant Tree,9781848764569,R.D. Ronald,4.0,"August 23, 2010",Fantasy,330,0,This book really made me think about [a theme].
"Far from the Tree: Parents, Children, and the Search for Identity",9780743236720,Andrew Solomon,4.0,"November 13, 2012",Personal-Development,359,0,The ending left me wanting more.
Holy Bible: New International Version,9780310902713,Anonymous,5.0,"February 1, 1985",Personal-Development,86,0,
Holy Bible: New International Version,9780310902713,Anonymous,5.0,"February 1, 1985",Personal-Development,168,1,I would recommend this to fans of [genre].
"The Heart of Glass  (Tales from the Five Kingdoms, #3)",9780763648145,"Vivian French,Ross Collins",4.0,"August 3, 2009",Math,107,1,"Not what I expected, but in a good way!"
"The Heart of Glass  (Tales from the Five Kingdoms, #3)",9780763648145,"Vivian French,Ross Collins",4.0,"August 3, 2009",Math,278,0,The ending left me wanting more.
"The Heart of Glass  (Tales from the Five Kingdoms, #3)",9780763648145,"Vivian French,Ross Collins",4.0,"August 3, 2009",Math,326,0,The world-building in this fantasy novel is incredible.
"Of Monsters and Madness (Of Monsters and Madness, #1)",9781606844632,Jessica Verday,3.0,"September 9, 2014",Math,396,1,The plot twists kept me guessing until the end.
Strange Chemistry: The Stories Your Chemistry Teacher Wouldn't Tell You,9781119265290,Steven   Farmer,3.0,"June 14, 2017",Math,152,0,I would recommend this to fans of [genre].
Strange Chemistry: The Stories Your Chemistry Teacher Wouldn't Tell You,9781119265290,Steven   Farmer,,"June 14, 2017",Math,302,1,A captivating story with well-developed characters.
The Rithmatist (The Rithmatist #1),9781743532805,Brandon Sanderson,4.0,"May 13, 2013",Math,26,1,"Not what I expected, but in a good way!"
The Rithmatist (The Rithmatist #1),9781743532805,Brandon Sanderson,3.0,"May 13, 2013",Math,461,0,A quick and entertaining read.
Writing Down the Bones,9781570622588,Natalie Goldberg,4.0,"October 12, 1986",Personal-Development,452,1,I found the writing style to be quite beautiful.
Writing Down the Bones,9781570622588,Natalie Goldberg,4.0,"October 12, 1986",Personal-Development,479,1,I couldn't put it down!
"Hilda and the White Woff (Hilda Tie-In, #6)",9781912497584,"Stephen Davies,Victoria    Evans,Luke Pearson",4.0,"November 17, 2020",studio-ghibli,426,0,I couldn't put it down!
Four Spirits,9780060936693,Sena Jeter Naslund,4.0,"September 1, 2003",Personal-Development,80,1,A classic for a reason. Highly enjoyable.
Four Spirits,9780060936693,Sena Jeter Naslund,,"September 1, 2003",Personal-Development,185,1,The plot twists kept me guessing until the end.
"Heaven (Casteel, #1)",9780671729448,V.C. Andrews,4.0,"November 1, 1985",Children,379,1,This book really made me think about [a theme].
Emma,9780141439587,"Jane Austen,Fiona Stafford",1.0,"December 23, 1815",History,460,0,Disappointing after all the hype.
Am I Making Myself Clear?: Secrets of the World's Greatest Communicators,9780785264347,Terry Felber,3.0,"January 1, 2002",Personal-Development,16,0,I struggled to connect with the main character.
"The Secret of the Old Mill (The Hardy Boys, #3)",9780448089034,Franklin W. Dixon,4.0,"January 1, 1927",Children,399,0,I would recommend this to fans of [genre].
"Clean Sweep (Innkeeper Chronicles, #1)",9781625173430,Ilona Andrews,4.0,"December 2, 2013",Children,8,0,The plot twists kept me guessing until the end.
The Great Influenza: The Story of the Deadliest Pandemic in History,9780143036494,John M. Barry,,"February 9, 2004",Children,181,0,The pacing felt a bit off in the middle.
The Great Influenza: The Story of the Deadliest Pandemic in History,9780143036494,John M. Barry,4.0,"February 9, 2004",Children,498,0,
Tom's Midnight Garden,9780064404457,"Philippa Pearce,Susan Einzig",4.0,"December 31, 1958",Math,246,0,A thought-provoking and insightful book.
Tom's Midnight Garden,9780064404457,"Philippa Pearce,Susan Einzig",4.0,"December 31, 1958",Math,417,0,A quick and entertaining read.
The Word for World Is Forest,9780765324641,Ursula K. Le Guin,4.0,"March 17, 1972",studio-ghibli,258,0,A quick and entertaining read.
The Word for World Is Forest,9780765324641,Ursula K. Le Guin,4.0,"March 17, 1972",studio-ghibli,467,0,Disappointing after all the hype.
Simple Abundance: A Daybook of Comfort of Joy,9780446519137,Sarah Ban Breathnach,4.0,"January 1, 1995",Personal-Development,62,0,This book really made me think about [a theme].
Simple Abundance: A Daybook of Comfort of Joy,9780446519137,Sarah Ban Breathnach,4.0,"January 1, 1995",Personal-Development,305,1,Disappointing after all the hype.
On Liberty,9780521839877,John Stuart Mill,2.0,"April 1, 1859",Economics,6,0,I would recommend this to fans of [genre].
"Cachalot (Humanx Commonwealth, #8)",9780345280664,Alan Dean Foster,,"January 1, 1980",Biology,67,0,I would recommend this to fans of [genre].
Storytelling with Data: A Data Visualization Guide for Business Professionals,9781119002253,Cole Nussbaumer Knaflic,4.0,"October 7, 2015",Computer-Science,202,0,A captivating story with well-developed characters.
Never Finished,9781544534060,David Goggins,4.0,"December 6, 2022",Personal-Development,19,1,The pacing felt a bit off in the middle.
Peter's Chair,9781931016070,Ezra Jack Keats,4.0,"January 1, 1967",Children,272,0,I couldn't put it down!
The Chimpanzees of Gombe: Patterns of Behavior,9780674116498,Jane Goodall,4.0,"September 1, 1986",Computer-Science,253,0,Disappointing after all the hype.
"A Brush with Love (A Brush with Love, #1)",9781250805980,Mazey Eddings,4.0,"March 1, 2022",Math,328,0,The plot twists kept me guessing until the end.
Make It Stick: The Science of Successful Learning,9780674729018,"Peter C. Brown,Henry L. Roediger III,Mark A. McDaniel",4.0,"April 14, 2014",Personal-Development,80,1,I would recommend this to fans of [genre].
Make It Stick: The Science of Successful Learning,9780674729018,"Peter C. Brown,Henry L. Roediger III,Mark A. McDaniel",4.0,"April 14, 2014",Personal-Development,186,1,A quick and entertaining read.
Everyday Sexism,9781471149207,Laura Bates,4.0,"April 10, 2014",Personal-Development,88,1,This book really made me think about [a theme].
"A Wizard of Earthsea (Earthsea Cycle, #1)",9780553262506,"Ursula K. Le Guin,Ruth Robbins",,"January 1, 1968",studio-ghibli,121,0,Disappointing after all the hype.
"A Wizard of Earthsea (Earthsea Cycle, #1)",9780553262506,"Ursula K. Le Guin,Ruth Robbins",,"January 1, 1968",studio-ghibli,485,1,I couldn't put it down!
The Black Box Society: The Secret Algorithms That Control Money and Information,9780674368279,Frank Pasquale,4.0,"November 17, 2014",Computer-Science,345,0,The world-building in this fantasy novel is incredible.
"King Leopold's Ghost: A Story of Greed, Terror, and Heroism in Colonial Africa",9780618001903,Adam Hochschild,4.0,"September 21, 1998",Personal-Development,167,1,A thought-provoking and insightful book.
Thomas' Calculus,9780321878960,"Joel R. Hass,Christopher E Heil,Maurice D. Weir",4.0,"January 1, 1952",Math,235,1,I struggled to connect with the main character.
Into the Wild,9780385486804,Jon Krakauer,,"January 13, 1996",Business,228,0,I couldn't put it down!
"Thrice Upon a Marigold (Upon a Marigold, #3)",9780547738468,Jean Ferris,,"January 1, 2013",Children,412,1,I couldn't put it down!
A Writer's Diary,9780156027915,Virginia Woolf,4.0,"January 1, 1953",History,178,1,This book really made me think about [a theme].
A Writer's Diary,9780156027915,Virginia Woolf,,"January 1, 1953",History,291,0,The ending left me wanting more.
A Writer's Diary,9780156027915,Virginia Woolf,4.0,"January 1, 1953",History,308,0,I would recommend this to fans of [genre].
"The Circle (The Circle, #1)",9780821846834,Dave Eggers,3.0,"October 8, 2013",Computer-Science,379,0,A thought-provoking and insightful book.
The Dirt on Clean: An Unsanitized History,9780676976632,Katherine Ashenburg,4.0,"October 12, 2007",Technology,379,1,I struggled to connect with the main character.
"Romancing Mister Bridgerton (Bridgertons, #4)",9780380820849,Julia Quinn,4.0,"July 1, 2002",Children,164,1,The pacing felt a bit off in the middle.
A Villain's Night Out,9780141301532,Margaret Mahy,,"February 25, 1999",Computer-Science,245,0,
"Firethorn (Firethorn, #1)",9780743247948,Sarah Micklem,,"May 25, 2004",Children,436,1,A captivating story with well-developed characters.
Pathophysiology Made Incredibly Easy!,9781582554013,Lippincott Williams &amp; Wilkins,4.0,"February 1, 1998",Personal-Development,84,1,I struggled to connect with the main character.
Frankenstein's Cat: Cuddling Up to Biotech's Brave New Beasts,9780374158590,Emily Anthes,,"March 1, 2013",Computer-Science,366,0,A classic for a reason. Highly enjoyable.
"The Monuments Men: Allied Heroes, Nazi Thieves, and the Greatest Treasure Hunt in History",9781599951492,"Robert M. Edsel,Bret Witter",3.0,"August 20, 2009",Personal-Development,367,0,This book really made me think about [a theme].
"And the Band Played On: Politics, People, and the AIDS Epidemic",9780312241353,"Randy Shilts,William Greider",,"November 1, 1987",Personal-Development,418,0,A thought-provoking and insightful book.
The Book with No Pictures,9780803741713,B.J. Novak,2.0,"September 30, 2014",Children,318,0,The pacing felt a bit off in the middle.
Spring in Action,9781933988139,"Craig Walls,Ryan Breidenbach",1.0,"January 1, 2007",Computer-Science,402,0,I struggled to connect with the main character.
"Organizing from the Inside Out: The Foolproof System for Organizing Your Home, Your Office and Your Life",9780805075892,Julie Morgenstern,4.0,"January 1, 1998",Personal-Development,24,1,A classic for a reason. Highly enjoyable.
Operation Einstein (Edelweiss Pirates #1),9780741481108,Mark A. Cooper,4.0,"March 1, 2011",History,373,1,A thought-provoking and insightful book.
"Devil's Knot: The True Story of the West Memphis Three (Justice Knot, #1)",9780743417600,Mara Leveritt,4.0,"October 8, 2002",History,204,1,The pacing felt a bit off in the middle.
The Hospital by the River,9780825460715,"Catherine Hamlin,John Little",1.0,"January 1, 2001",Computer-Science,51,0,A quick and entertaining read.
Habit Stacking: 97 Small Life Changes That Take Five Minutes or Less,9781499341478,S.J. Scott,3.0,"April 15, 2014",Personal-Development,108,1,I couldn't put it down!
A History of Pi,9780880294188,Petr Beckmann,4.0,"January 1, 1970",Math,39,1,A captivating story with well-developed characters.
Intelligence in the Flesh: Why Your Mind Needs Your Body Much More Than It Thinks,9780300208825,Guy Claxton,4.0,"August 25, 2015",Computer-Science,55,0,
"Lupin III, Vol. 1",9781591822523,Monkey Punch,1.0,"August 1, 1967",studio-ghibli,309,0,The world-building in this fantasy novel is incredible.
"Egypt's Fire (The Curious League of Detectives and Thieves, #1)",9781645951070,Tom      Phillips,,"May 3, 2022",Children,252,0,Disappointing after all the hype.
The Past Present and Future of JavaScript,9781449339975,Axel Rauschmayer,4.0,"July 19, 2012",Computer-Science,161,0,"Not what I expected, but in a good way!"
Bearing False Witness: Debunking Centuries of Anti-Catholic History,9781599474991,Rodney Stark,4.0,"March 16, 2016",Biology,468,1,A captivating story with well-developed characters.
The Truth of All that Is: The Angel book to Enlightenment and Personal Transformation,9781530353163,Amelia Bert,4.0,"January 1, 2016",Personal-Development,177,0,A captivating story with well-developed characters.
The Truth of All that Is: The Angel book to Enlightenment and Personal Transformation,9781530353163,Amelia Bert,4.0,"January 1, 2016",Personal-Development,442,1,I would recommend this to fans of [genre].
The Princess and the Swineherd,9780234722749,Nicholas Stuart Gray,4.0,"December 1, 1952",Children,140,0,A quick and entertaining read.
Lemonade in Winter: A Book About Two Kids Counting Money,9780375858833,"Emily Jenkins,G. Brian Karas",4.0,"September 11, 2012",Math,316,0,I couldn't put it down!
How Not To Be Wrong: The Hidden Maths of Everyday,9780718196059,Jordan Ellenberg,,"May 29, 2014",Math,160,1,"Not what I expected, but in a good way!"
How Not To Be Wrong: The Hidden Maths of Everyday,9780718196059,Jordan Ellenberg,4.0,"May 29, 2014",Math,199,1,A thought-provoking and insightful book.
"Red Seas Under Red Skies (Gentleman Bastard, #2)",9780553804683,Scott Lynch,4.0,"June 21, 2007",Fantasy,351,0,A thought-provoking and insightful book.
"Red Seas Under Red Skies (Gentleman Bastard, #2)",9780553804683,Scott Lynch,4.0,"June 21, 2007",Fantasy,496,0,A thought-provoking and insightful book.
Introduction to Mathematical Philosophy,9780486277240,Bertrand Russell,4.0,"January 1, 1918",Math,351,1,This book really made me think about [a theme].
Anam Cara: A Book of Celtic Wisdom,9780061628870,John O&apos;Donohue,4.0,"May 1, 1996",Personal-Development,189,0,The pacing felt a bit off in the middle.
Anam Cara: A Book of Celtic Wisdom,9780061628870,John O&apos;Donohue,4.0,"May 1, 1996",Personal-Development,348,1,The ending left me wanting more.
"Underground: Tales of hacking, madness, and obsession on the electronic frontier",9781863305952,Suelette Dreyfuss,3.0,"January 1, 1997",Computer-Science,415,0,A captivating story with well-developed characters.
Arctic Son,9780786811793,"Jean Craighead George,Wendell Minor",3.0,"January 1, 1997",Math,488,0,The plot twists kept me guessing until the end.
"Skinny Bitch: A No-Nonsense, Tough-Love Guide for Savvy Girls Who Want to Stop Eating Crap and Start Looking Fabulous!",9780762424931,"Rory Freedman,Kim Barnouin",3.0,"December 27, 2005",Personal-Development,207,0,I couldn't put it down!
A Year of Living Kindly: Choices That Will Change Your Life and the World Around You,9781631524790,Donna    Cameron,4.0,"September 25, 2018",Personal-Development,414,1,The pacing felt a bit off in the middle.
Virtual Faith,9780787955274,"Tom Beaudoin,Harvey Cox",4.0,"May 1, 1998",Personal-Development,227,1,I couldn't put it down!
"Burning Chrome (Sprawl, #0)",9780060539825,William Gibson,4.0,"April 1, 1986",Artificial-Intelligence,415,1,The world-building in this fantasy novel is incredible.
White Oleander,9780316182546,Janet Fitch,4.0,"July 1, 1999",History,19,1,This book really made me think about [a theme].
"The Nymph King (Atlantis, #3)",9780373771882,Gena Showalter,4.0,"February 1, 2007",Biology,152,0,Disappointing after all the hype.
"The Nymph King (Atlantis, #3)",9780373771882,Gena Showalter,4.0,"February 1, 2007",Biology,164,1,
Explosive Growth: A Few Things I Learned While Growing To 100 Million Users - And Losing $78 Million,9781619617704,Cliff Lerner,4.0,"November 7, 2017",Business,473,0,This book really made me think about [a theme].
"Full Moon Rising (Riley Jenson Guardian, #1)",9780553588453,Keri Arthur,4.0,"January 31, 2006",Children,394,1,A captivating story with well-developed characters.
The Boy Who Harnessed the Wind: Creating Currents of Electricity and Hope,9780061730320,"William Kamkwamba,Bryan Mealer",3.0,"September 29, 2009",Computer-Science,50,0,The pacing felt a bit off in the middle.
The Boy Who Harnessed the Wind: Creating Currents of Electricity and Hope,9780061730320,"William Kamkwamba,Bryan Mealer",4.0,"September 29, 2009",Computer-Science,378,1,I found the writing style to be quite beautiful.
Daily Rituals: Women at Work,9781984886682,Mason Currey,4.0,"March 5, 2019",Personal-Development,476,0,I couldn't put it down!
Bunny Cakes (Max and Ruby),9780140566673,Rosemary Wells,4.0,"March 1, 1997",Cars,120,1,A captivating story with well-developed characters.
"Choosing Light: When an Earthquake Buried Me and My Family for 5 Days, I Learned to Fully Live",9780998591711,Viral Dalal,4.0,"January 23, 2017",Personal-Development,153,1,A quick and entertaining read.
Wemberly Worried,9780688170271,Kevin Henkes,3.0,"January 1, 2000",Math,245,0,This book really made me think about [a theme].
Wemberly Worried,9780688170271,Kevin Henkes,4.0,"January 1, 2000",Math,385,1,I found the writing style to be quite beautiful.
Batman: No Man's Land,9780671774554,Greg Rucka,3.0,"January 1, 2000",Comics,94,0,A quick and entertaining read.
"Brain Rules: 12 Principles for Surviving and Thriving at Work, Home, and School (Book & DVD)",9780979777707,John Medina,,"February 26, 2008",Personal-Development,245,0,This book really made me think about [a theme].
The Rifle,9780152058395,Gary Paulsen,4.0,"October 31, 1995",Personal-Development,37,1,
Inspired by The Holy Ghost,9781736797402,Aimee Cabo Nikolov,,"July 7, 2021",Personal-Development,356,0,Disappointing after all the hype.
The Year of the Whale,9780684718866,Victor B. Scheffer,4.0,"January 1, 1969",Math,278,1,This book really made me think about [a theme].
"Duck, Death and the Tulip",9781877579028,Wolf Erlbruch,4.0,"January 1, 2006",Children,230,1,A thought-provoking and insightful book.
In Byron's Wake: The Turbulent Lives of Lord Byron's Wife and Daughter: Annabella Milbanke and Ada Lovelace,9781681778723,Miranda Seymour,4.0,"March 15, 2018",Math,43,1,
He's Just Not That Into You: The No-Excuses Truth to Understanding Guys,9781416947400,"Greg Behrendt,Liz Tuccillo,Lauren Monchik",4.0,"October 7, 2004",Personal-Development,283,0,The plot twists kept me guessing until the end.
Social Engineering,9780470639535,Christopher Hadnagy,,"November 29, 2010",Computer-Science,347,1,Disappointing after all the hype.
Data Structures (Schaum's Outlines),9789339204600,Seymour Lipschutz,4.0,"January 1, 1986",Math,9,1,
My Life in France,9781400043460,"Julia Child,Alex Prud’homme",4.0,"January 1, 2006",History,36,0,I couldn't put it down!
"The Devil in the White City: Murder, Magic, and Madness at the Fair That Changed America",9780375725609,Erik Larson,2.0,"February 11, 2003",Personal-Development,38,0,
Relativity: The Special and the General Theory,9780143039822,"Albert Einstein,Nigel Calder",4.0,"January 1, 1916",Math,54,1,A captivating story with well-developed characters.
"Now Go: On Grief and Studio Ghibli (Inklings, #13)",9781912489589,Karl Thomas Smith,3.0,"October 13, 2022",studio-ghibli,330,1,The world-building in this fantasy novel is incredible.
"Lumberjanes, Vol. 1: Beware the Kitten Holy",9781608866878,"N.D. Stevenson,Grace Ellis,Shannon Watters,Brooklyn Allen,Maarta Laiho,Aubrey Aiese",4.0,"April 7, 2015",Children,64,1,The world-building in this fantasy novel is incredible.
"Lumberjanes, Vol. 1: Beware the Kitten Holy",9781608866878,"N.D. Stevenson,Grace Ellis,Shannon Watters,Brooklyn Allen,Maarta Laiho,Aubrey Aiese",4.0,"April 7, 2015",Children,306,1,A classic for a reason. Highly enjoyable.
CRIES FROM THE DEEP,9781291521856,Anthony Hulse,5.0,"August 13, 2013",Biology,323,1,The ending left me wanting more.
Diaspora,9783453161818,Greg Egan,,"September 1, 1997",Artificial-Intelligence,407,1,A thought-provoking and insightful book.
"The Duke and I (Bridgertons, #1)",9780380800827,Julia Quinn,,"January 5, 2000",Children,343,1,"Not what I expected, but in a good way!"
The Art of My Neighbor Totoro: A Film by Hayao Miyazaki,9781591166986,"Hayao Miyazaki,Nobuhiro Watsuki",5.0,"January 1, 1988",studio-ghibli,220,0,
Evolution: The Remarkable History of a Scientific Theory (Chronicles),9780812968491,Edward J. Larson,4.0,"January 1, 2004",Computer-Science,213,0,A classic for a reason. Highly enjoyable.
The Book of Why: The New Science of Cause and Effect,9780465097609,"Judea Pearl,Dana Mackenzie",,"January 1, 2018",Artificial-Intelligence,387,0,This book really made me think about [a theme].
"Tales from a Not-So-Fabulous Life (Dork Diaries, #1)",9781416980063,Rachel Renée Russell,4.0,"June 2, 2009",Children,269,0,I would recommend this to fans of [genre].
"The Year of Less: How I Stopped Shopping, Gave Away My Belongings, and Discovered Life Is Worth More Than Anything You Can Buy in a Store",9781401954871,Cait Flanders,3.0,"January 16, 2018",Personal-Development,221,1,A classic for a reason. Highly enjoyable.
"When We Were the Kennedys: A Memoir from Mexico, Maine",9780547630144,Monica Wood,4.0,"July 10, 2012",nonfiction,462,1,A classic for a reason. Highly enjoyable.
The Sun and Her Flowers,9781449486792,Rupi Kaur,1.0,"September 18, 2018",Personal-Development,289,0,I found the writing style to be quite beautiful.
The Sun and Her Flowers,9781449486792,Rupi Kaur,1.0,"September 18, 2018",Personal-Development,418,0,I struggled to connect with the main character.
Carrot Soup,9780689877025,John Segal,,"January 1, 2006",Cars,216,0,This book really made me think about [a theme].
Rejuvenaging: The Art and Science of Growing Older with Enthusiasm,9781947368972,Ron Kaiser,5.0,"January 1, 2018",Personal-Development,41,1,The ending left me wanting more.
Rejuvenaging: The Art and Science of Growing Older with Enthusiasm,9781947368972,Ron Kaiser,5.0,"January 1, 2018",Personal-Development,244,0,The ending left me wanting more.
Live Your Truth,9780989584999,Kamal Ravikant,4.0,"June 29, 2013",Personal-Development,53,0,
Live Your Truth,9780989584999,Kamal Ravikant,,"June 29, 2013",Personal-Development,135,0,I found the writing style to be quite beautiful.
Longitude: The True Story of a Lone Genius Who Solved the Greatest Scientific Problem of His Time,9780007214228,Dava Sobel,3.0,"October 19, 1995",Math,388,0,A thought-provoking and insightful book.
Longitude: The True Story of a Lone Genius Who Solved the Greatest Scientific Problem of His Time,9780007214228,Dava Sobel,4.0,"October 19, 1995",Math,456,0,I struggled to connect with the main character.
Lights Out: A Movement to Help Migrating Birds,9781665931977,"Jessica Stremer,Bonnie Pang",4.0,"March 5, 2024",Math,29,1,I would recommend this to fans of [genre].
Lights Out: A Movement to Help Migrating Birds,9781665931977,"Jessica Stremer,Bonnie Pang",4.0,"March 5, 2024",Math,406,1,A classic for a reason. Highly enjoyable.
Lights Out: A Movement to Help Migrating Birds,9781665931977,"Jessica Stremer,Bonnie Pang",,"March 5, 2024",Math,439,1,A thought-provoking and insightful book.
CLEWISTON TEST,9780671835033,Kate Wilhelm,3.0,"January 1, 1976",Computer-Science,79,0,A quick and entertaining read.
"Women's Work: The First 20,000 Years: Women, Cloth, and Society in Early Times",9780393313482,Elizabeth Wayland Barber,4.0,"January 1, 1994",Computer-Science,36,1,The plot twists kept me guessing until the end.
The End of Your Life Book Club,9780307594037,Will Schwalbe,4.0,"October 2, 2012",Personal-Development,317,0,
"No Place for Magic (The Tales of the Frog Princess, #4)",9781582346540,E.D. Baker,4.0,"September 5, 2006",Children,23,1,This book really made me think about [a theme].
"No Place for Magic (The Tales of the Frog Princess, #4)",9781582346540,E.D. Baker,4.0,"September 5, 2006",Children,441,1,The plot twists kept me guessing until the end.
"Straight Talk, No Chaser: How to Find, Keep, and Understand a Man",9780061728990,Steve  Harvey,2.0,"March 2, 2010",Personal-Development,86,0,I couldn't put it down!
"Straight Talk, No Chaser: How to Find, Keep, and Understand a Man",9780061728990,Steve  Harvey,1.0,"March 2, 2010",Personal-Development,142,0,A classic for a reason. Highly enjoyable.
The Ancestor's Tale,9780753819968,Richard Dawkins,,"September 1, 2004",Computer-Science,187,1,The plot twists kept me guessing until the end.
Bathwater's Hot (The Nursery Collection),9780744569865,Shirley Hughes,4.0,"January 1, 1985",Children,96,0,A captivating story with well-developed characters.
"Tapping the Healer Within: Using Thought-Field Therapy to Instantly Conquer Your Fears, Anxieties, and Emotional Distress",9780809298808,"Roger Callahan,Richard Trubo",1.0,"December 11, 2000",Personal-Development,257,0,Disappointing after all the hype.
"Weirdos from Another Planet! (Calvin and Hobbes, #4)",9780439137492,Bill Watterson,5.0,"January 1, 1990",Comics,195,0,"Not what I expected, but in a good way!"
"Weirdos from Another Planet! (Calvin and Hobbes, #4)",9780439137492,Bill Watterson,5.0,"January 1, 1990",Comics,256,1,I would recommend this to fans of [genre].
Carroll Shelby,9780760346464,"Rinsey Mills,Edsel B. Ford",4.0,"April 15, 2012",Cars,23,1,A quick and entertaining read.
Carroll Shelby,9780760346464,"Rinsey Mills,Edsel B. Ford",4.0,"April 15, 2012",Cars,327,1,The plot twists kept me guessing until the end.
Essential Guide to Treat Diabetes and to Lower Cholesterol,9781625100146,Howard T. Joe,4.0,"February 12, 2013",Personal-Development,263,1,
Everything You Need to Ace Pre-Algebra and Algebra I in One Big Fat Notebook (Big Fat Notebooks),9781523515394,"Workman Publishing,Jason Wang",4.0,"October 5, 2021",Math,192,1,A thought-provoking and insightful book.
Everything You Need to Ace Pre-Algebra and Algebra I in One Big Fat Notebook (Big Fat Notebooks),9781523515394,"Workman Publishing,Jason Wang",4.0,"October 5, 2021",Math,223,0,A captivating story with well-developed characters.
Milk and honey,9781502784278,Rupi Kaur,1.0,"November 4, 2014",Children,138,0,This book really made me think about [a theme].
Hit and Run,9780385731614,Lurlene McDaniel,4.0,"June 12, 2007",Cars,25,1,The ending left me wanting more.
Hit and Run,9780385731614,Lurlene McDaniel,4.0,"June 12, 2007",Cars,313,0,The world-building in this fantasy novel is incredible.
Zero: The Biography of a Dangerous Idea,9780140296471,Charles Seife,,"February 7, 2000",History,182,0,The world-building in this fantasy novel is incredible.
Refactoring to Patterns,0785342213355,"Joshua Kerievsky,Martin Fowler,Ralph Johnson",4.0,"January 1, 2004",Computer-Science,180,1,This book really made me think about [a theme].
Refactoring to Patterns,0785342213355,"Joshua Kerievsky,Martin Fowler,Ralph Johnson",4.0,"January 1, 2004",Computer-Science,274,1,I found the writing style to be quite beautiful.
Refactoring to Patterns,0785342213355,"Joshua Kerievsky,Martin Fowler,Ralph Johnson",,"January 1, 2004",Computer-Science,459,0,A thought-provoking and insightful book.
"Use of Weapons (Culture, #3)",9781857231359,Iain M. Banks,4.0,"March 1, 1990",Artificial-Intelligence,484,1,
"Hello, Startup: A Programmer's Guide to Building Products, Technologies, and Teams",9781491909904,Yevgeniy Brikman,4.0,"October 1, 2015",Computer-Science,291,0,The ending left me wanting more.
"Ex-Heroes (Ex-Heroes, #1)",9780804136570,Peter Clines,4.0,"February 20, 2010",Comics,460,1,A quick and entertaining read.
Rare Earth: Why Complex Life Is Uncommon in the Universe,9780387952895,"Peter D. Ward,Donald Brownlee",4.0,"January 1, 1999",Computer-Science,159,1,The plot twists kept me guessing until the end.
Against the Gods: The Remarkable Story of Risk,9780471295631,Peter L. Bernstein,4.0,"August 24, 1996",Technology,169,1,A quick and entertaining read.
Against the Gods: The Remarkable Story of Risk,9780471295631,Peter L. Bernstein,4.0,"August 24, 1996",Technology,471,1,The pacing felt a bit off in the middle.
"What's Your Angle, Pythagoras? (Charlesbridge Math Adventures)",9781570911507,"Julie  Ellis,Phyllis Hornung",4.0,"July 1, 2004",Math,328,0,Disappointing after all the hype.
I Hate Mathematics! Book,9780316117401,"Marilyn Burns,Linda Allison",4.0,"January 1, 1975",Math,109,0,The world-building in this fantasy novel is incredible.
The 21 Irrefutable Laws of Leadership: Follow Them and People Will Follow You,9780785274315,"John C. Maxwell,Zig Ziglar",,"January 1, 1998",Business,39,1,A captivating story with well-developed characters.
The 21 Irrefutable Laws of Leadership: Follow Them and People Will Follow You,9780785274315,"John C. Maxwell,Zig Ziglar",,"January 1, 1998",Business,336,1,I struggled to connect with the main character.
One Wintry Night,9780801013065,Ruth Bell Graham,4.0,"January 1, 1994",Children,138,0,
One Wintry Night,9780801013065,Ruth Bell Graham,4.0,"January 1, 1994",Children,383,1,A captivating story with well-developed characters.
The Hidden Words Of Bahá'u'lláh,9781851683529,"Bahá&apos;u&apos;lláh,Shoghi Effendi",5.0,"January 1, 1858",Personal-Development,134,0,I struggled to connect with the main character.
"Antisocial: Online Extremists, Techno-Utopians, and the Hijacking of the American Conversation",9780525522287,Andrew Marantz,4.0,"October 8, 2019",Math,380,0,A quick and entertaining read.
Ever Since Darwin: Reflections in Natural History,9780393308181,Stephen Jay Gould,1.0,"January 1, 1977",Biology,61,0,The pacing felt a bit off in the middle.
The 7: Seven Wonders That Will Change Your Life,9781451625516,"Glenn Beck,Keith Ablow",4.0,"December 15, 2010",Personal-Development,140,1,"Not what I expected, but in a good way!"
The 7: Seven Wonders That Will Change Your Life,9781451625516,"Glenn Beck,Keith Ablow",4.0,"December 15, 2010",Personal-Development,372,1,I found the writing style to be quite beautiful.
Jane Goodall: 40 Years at Gombe,9781556709470,"Jennifer Lindsey,Jane Goodall,Gilbert M. Grosvenor,Marisa Bulzone",4.0,"November 15, 1999",Computer-Science,142,0,
Jane Goodall: 40 Years at Gombe,9781556709470,"Jennifer Lindsey,Jane Goodall,Gilbert M. Grosvenor,Marisa Bulzone",4.0,"November 15, 1999",Computer-Science,447,1,"Not what I expected, but in a good way!"
The Magic School Bus Wet All Over: A Book About The Water Cycle,9780590508339,"Patricia Relf,Carolyn Bracken",4.0,"January 1, 1996",Math,305,0,The pacing felt a bit off in the middle.
"AI Superpowers: China, Silicon Valley, and the New World Order",9781328546395,Kai-Fu Lee,4.0,"September 25, 2018",Computer-Science,31,1,I couldn't put it down!
Beyond Band of Brothers: The War Memoirs of Major Dick Winters,9780425208137,"Dick Winters,Cole C. Kingseed",4.0,"February 7, 2006",History,272,1,I would recommend this to fans of [genre].
Designing Data-Intensive Applications,9781449373320,Martin Kleppmann,5.0,"April 25, 2015",Computer-Science,246,0,"Not what I expected, but in a good way!"
"Drums, Girls & Dangerous Pie (Drums, Girls & Dangerous Pie #1)",9780439755207,Jordan Sonnenblick,4.0,"September 1, 2005",Math,447,0,A classic for a reason. Highly enjoyable.
Ashanti to Zulu: African Traditions,9780140546040,"Margaret Musgrove,Leo Dillon,Diane Dillon",4.0,"January 1, 1976",Children,238,1,"Not what I expected, but in a good way!"
The Book Thief,9780552773898,"Markus Zusak,Trudy White",4.0,"September 1, 2005",studio-ghibli,296,0,I found the writing style to be quite beautiful.
"Nobody's Baby But Mine (Chicago Stars, #3)",9780380782345,Susan Elizabeth Phillips,4.0,"February 1, 1997",Technology,255,0,I struggled to connect with the main character.
The Autobiography of Benjamin Franklin,9780743255066,Benjamin Franklin,4.0,"January 1, 1791",Personal-Development,398,1,The ending left me wanting more.
The Road Trip,9781529409055,Beth O&apos;Leary,,"April 17, 2021",Cars,474,0,I couldn't put it down!
I Am a Strange Loop,9780465030781,Douglas R. Hofstadter,4.0,"March 26, 2007",Math,134,1,I found the writing style to be quite beautiful.
I Am a Strange Loop,9780465030781,Douglas R. Hofstadter,4.0,"March 26, 2007",Math,347,1,The ending left me wanting more.
I Am a Strange Loop,9780465030781,Douglas R. Hofstadter,4.0,"March 26, 2007",Math,390,0,This book really made me think about [a theme].
I Am a Strange Loop,9780465030781,Douglas R. Hofstadter,4.0,"March 26, 2007",Math,418,1,I found the writing style to be quite beautiful.
The Widow of Rose House,9781250297853,Diana Biller,4.0,"October 8, 2019",Math,408,1,The world-building in this fantasy novel is incredible.
Ghost World,9781560974277,Daniel Clowes,1.0,"March 1, 1998",Comics,190,0,
"The Valley of Fear (Sherlock Holmes, #7)",9789626344248,"Arthur Conan Doyle,David Timson",1.0,"January 1, 1914",Math,116,0,A classic for a reason. Highly enjoyable.
"A Bride's Story, Vol. 1 (A Bride's Story, #1)",9780316180993,Kaoru Mori,,"October 15, 2009",Comics,203,1,I struggled to connect with the main character.
Cannonball Simp,9781564023384,John Burningham,4.0,"June 1, 1966",Children,329,1,I found the writing style to be quite beautiful.
Recovery: Freedom from Our Addictions,9781250141927,Russell Brand,3.0,"September 21, 2017",Personal-Development,49,0,The pacing felt a bit off in the middle.
Numbers: A Very Short Introduction,9780199584055,Peter M. Higgins,3.0,"February 24, 2010",Computer-Science,203,1,A captivating story with well-developed characters.
REST in Practice: Hypermedia and Systems Architecture,9780596805821,"Jim Webber,Savas Parastatidis,Ian Robinson",4.0,"January 1, 2010",Computer-Science,288,1,A classic for a reason. Highly enjoyable.
"The Riftwar Saga (The Riftwar Saga, #1-4)",9780553333244,Raymond E. Feist,,"February 7, 1986",Fantasy,76,0,I struggled to connect with the main character.
"The Riftwar Saga (The Riftwar Saga, #1-4)",9780553333244,Raymond E. Feist,1.0,"February 7, 1986",Fantasy,436,0,This book really made me think about [a theme].
"The Riftwar Saga (The Riftwar Saga, #1-4)",9780553333244,Raymond E. Feist,4.0,"February 7, 1986",Fantasy,488,1,The pacing felt a bit off in the middle.
AI 2041: Ten Visions for Our Future,9780593238295,"Kai-Fu Lee,Chen Qiufan",4.0,"September 1, 2021",Artificial-Intelligence,81,0,A quick and entertaining read.
Leeta Simtar—A Life on Two Planets: The Unauthorized Biography,9781943649075,Annie      Fox,5.0,"March 11, 2025",Children,440,0,I struggled to connect with the main character.
Lady of the Butterflies,9780399156366,Fiona Mountain,4.0,"August 11, 2009",Computer-Science,460,0,"Not what I expected, but in a good way!"
The Thin Red Line,9780340717523,James  Jones,4.0,"January 1, 1962",Math,56,0,The pacing felt a bit off in the middle.
Stillness Speaks,9781577314004,Eckhart Tolle,4.0,"September 1, 2003",Personal-Development,415,1,"Not what I expected, but in a good way!"
A Time for Change: How White Supremacy Ideology Harms All Americans,9781475857436,Martha R Bireda,,"June 9, 2021",Personal-Development,216,1,Disappointing after all the hype.
The Shallows: What the Internet Is Doing to Our Brains,9780393339758,Nicholas Carr,,"June 7, 2010",Personal-Development,223,0,I would recommend this to fans of [genre].
So You Want to Talk About Race,9781580056779,Ijeoma Oluo,4.0,"January 16, 2018",Personal-Development,246,0,
So You Want to Talk About Race,9781580056779,Ijeoma Oluo,4.0,"January 16, 2018",Personal-Development,398,1,"Not what I expected, but in a good way!"
"No Place to Hide: Edward Snowden, the NSA, and the U.S. Surveillance State",9781627790734,Glenn Greenwald,4.0,"May 13, 2014",Computer-Science,393,0,The world-building in this fantasy novel is incredible.
Mathenauts: Tales of Mathematical Wonder,9780877958901,Rudy Rucker,4.0,"January 1, 1987",Math,490,0,Disappointing after all the hype.
Can You Hear the Plants Speak?,9780063221284,"Nicholas Hummingbird,Madelyn Goodnight,Julia Wasson",4.0,"April 16, 2024",Math,57,0,I found the writing style to be quite beautiful.
"Deadline Artists -- Scandals, Tragedies and Triumphs: More of America's Greatest Newspaper Columns",9781468301205,"John P. Avlon,Jesse Angelo,Errol Louis",,"November 21, 2012",Math,1,1,I found the writing style to be quite beautiful.
"Deadline Artists -- Scandals, Tragedies and Triumphs: More of America's Greatest Newspaper Columns",9781468301205,"John P. Avlon,Jesse Angelo,Errol Louis",,"November 21, 2012",Math,196,0,I struggled to connect with the main character.
"Deadline Artists -- Scandals, Tragedies and Triumphs: More of America's Greatest Newspaper Columns",9781468301205,"John P. Avlon,Jesse Angelo,Errol Louis",,"November 21, 2012",Math,485,0,This book really made me think about [a theme].
Trouble with Trolls,9780698117914,Jan Brett,,"January 1, 1992",Children,187,1,I would recommend this to fans of [genre].
Trouble with Trolls,9780698117914,Jan Brett,4.0,"January 1, 1992",Children,428,1,This book really made me think about [a theme].
The Little Shop of Grand Curiosities,9798874320812,Iris Lake,,"June 2, 2024",studio-ghibli,32,0,A thought-provoking and insightful book.
The Little Shop of Grand Curiosities,9798874320812,Iris Lake,4.0,"June 2, 2024",studio-ghibli,43,1,The plot twists kept me guessing until the end.
How To Be An F1 Driver: My Guide To Life In The Fast Lane,9781788702638,Jenson Button,4.0,"October 17, 2019",Cars,69,1,A classic for a reason. Highly enjoyable.
How To Be An F1 Driver: My Guide To Life In The Fast Lane,9781788702638,Jenson Button,4.0,"October 17, 2019",Cars,466,1,The pacing felt a bit off in the middle.
Wild Hope: Healing Words to Find Light on Dark Days,9781785305177,Donna Ashworth,4.0,"September 26, 2023",Personal-Development,72,0,A captivating story with well-developed characters.
The Right Stuff,9780312427566,Tom Wolfe,4.0,"January 1, 1979",Personal-Development,114,1,A thought-provoking and insightful book.
A New Earth: Awakening to Your Life's Purpose,9780452287587,Eckhart Tolle,4.0,"January 1, 2005",Business,305,0,This book really made me think about [a theme].
The Berenstain Bears and the Messy Room,9780394856391,"Stan Berenstain,Jan Berenstain",4.0,"April 1, 1983",Children,463,0,A classic for a reason. Highly enjoyable.
Just as I Am,9780060633929,Billy Graham,4.0,"March 3, 1999",nonfiction,424,0,I found the writing style to be quite beautiful.
Just as I Am,9780060633929,Billy Graham,4.0,"March 3, 1999",nonfiction,466,1,The pacing felt a bit off in the middle.
Julian Assange - The Unauthorised Autobiography,9780857863843,Julian Assange,4.0,"January 1, 2011",Computer-Science,280,0,The world-building in this fantasy novel is incredible.
Julian Assange - The Unauthorised Autobiography,9780857863843,Julian Assange,4.0,"January 1, 2011",Computer-Science,291,1,This book really made me think about [a theme].
"The Magic of Oz (Oz, #13)",9780486400198,L. Frank Baum,,"January 1, 1919",Children,441,1,I struggled to connect with the main character.
A Thousand Splendid Suns,9781594489501,Khaled Hosseini,4.0,"May 1, 2007",Personal-Development,238,1,The pacing felt a bit off in the middle.
A Thousand Splendid Suns,9781594489501,Khaled Hosseini,1.0,"May 1, 2007",Personal-Development,472,0,The pacing felt a bit off in the middle.
"The Cat Who Saved Books (The Cat Who..., #1)",9780063095724,"Sōsuke Natsukawa,Louise Heal Kawai",4.0,"February 5, 2017",studio-ghibli,38,0,A captivating story with well-developed characters.
On Human Nature,9780674016385,Edward O. Wilson,1.0,"September 1, 1978",Biology,99,0,
Everything Is F*cked: A Book About Hope,9780062955937,Mark Manson,4.0,"March 5, 2019",Personal-Development,131,0,The ending left me wanting more.
Everything Is F*cked: A Book About Hope,9780062955937,Mark Manson,4.0,"March 5, 2019",Personal-Development,195,1,
Everything Is F*cked: A Book About Hope,9780062955937,Mark Manson,4.0,"March 5, 2019",Personal-Development,442,1,The plot twists kept me guessing until the end.
Care of the Soul: A Guide for Cultivating Depth and Sacredness in Everyday Life,9780060922245,Thomas  Moore,4.0,"January 26, 1988",Personal-Development,492,1,Disappointing after all the hype.
Seaweed Soup (MathStart 1),9780064467360,Stuart J. Murphy,4.0,"August 21, 2001",Math,269,0,This book really made me think about [a theme].
Seeders,9798353323709,A.J. Colucci,3.0,"July 15, 2014",Math,192,1,I struggled to connect with the main character.
"High Tide in Hawaii (Magic Tree House, #28)",9780375806162,"Mary Pope Osborne,Sal Murdocca",4.0,"January 1, 2003",Children,173,1,This book really made me think about [a theme].
Incompleteness: The Proof and Paradox of Kurt Gödel (Great Discoveries),9780393327601,Rebecca Goldstein,4.0,"January 1, 2005",Math,255,1,I would recommend this to fans of [genre].
"A Dog's Purpose (A Dog's Purpose, #1)",9780765326263,W. Bruce Cameron,4.0,"July 1, 2010",Children,97,1,The pacing felt a bit off in the middle.
Broca's Brain: Reflections on the Romance of Science,9780345336897,Carl Sagan,,"April 12, 1979",Biology,27,0,I found the writing style to be quite beautiful.
Dare to Lead,9781473562523,Brené Brown,4.0,"October 16, 2018",Personal-Development,291,1,The world-building in this fantasy novel is incredible.
Dare to Lead,9781473562523,Brené Brown,4.0,"October 16, 2018",Personal-Development,336,1,A thought-provoking and insightful book.
Yoko's Diary,9780733331176,"Paul Ham,Debbie Edwards",4.0,"April 22, 2013",Math,202,0,This book really made me think about [a theme].
"Systems Thinking, Systems Practice",9780471279112,Peter Checkland,3.0,"May 1, 1981",Computer-Science,165,0,A thought-provoking and insightful book.
"A Discovery of Witches (All Souls, #1)",9780670022410,Deborah Harkness,,"February 8, 2011",Fantasy,470,0,I would recommend this to fans of [genre].
The Botany of Desire: A Plant's-Eye View of the World,9780375760396,Michael Pollan,4.0,"May 8, 2001",Biology,119,1,I struggled to connect with the main character.
The Botany of Desire: A Plant's-Eye View of the World,9780375760396,Michael Pollan,2.0,"May 8, 2001",Biology,125,0,I would recommend this to fans of [genre].
Worlds in Collision,9780671810917,Immanuel Velikovsky,4.0,"January 1, 1950",Biology,232,1,A captivating story with well-developed characters.
"Dragon Slippers (Dragon Slippers, #1)",9781599900575,Jessica Day George,,"April 1, 2007",Children,82,0,I couldn't put it down!
Metasploit: The Penetration Tester's Guide,9781593272883,"David  Kennedy,Jim O&apos;Gorman,Devon Kearns,Mati Aharoni",,"July 15, 2011",Computer-Science,292,0,I would recommend this to fans of [genre].
Metasploit: The Penetration Tester's Guide,9781593272883,"David  Kennedy,Jim O&apos;Gorman,Devon Kearns,Mati Aharoni",4.0,"July 15, 2011",Computer-Science,388,1,The plot twists kept me guessing until the end.
10 Little Hermit Crabs,9781741757392,"Lee Fox,Shane Mcg",3.0,"November 1, 2009",Cars,142,0,
Fatal System Error: The Hunt for the New Crime Lords Who Are Bringing Down the Internet,9781586489076,Joseph Menn,4.0,"January 1, 2010",Computer-Science,337,0,The plot twists kept me guessing until the end.
Who Got Einstein's Office? Eccentricity and Genius at the Institute for Advanced Study,9780201122787,Ed Regis,4.0,"October 1, 1987",Math,93,1,A captivating story with well-developed characters.
"Wildcard (Warcross, #2)",9780399548017,Marie Lu,4.0,"September 18, 2018",Children,472,0,I found the writing style to be quite beautiful.
Choosing Civility,9780312302504,P.M. Forni,4.0,"January 1, 2002",Personal-Development,338,1,
Choosing Civility,9780312302504,P.M. Forni,4.0,"January 1, 2002",Personal-Development,361,1,I found the writing style to be quite beautiful.
I Fall Down,9780688178437,"Vicki Cobb,Julia Gorton",4.0,"January 1, 2004",Math,222,1,A thought-provoking and insightful book.
I Fall Down,9780688178437,"Vicki Cobb,Julia Gorton",3.0,"January 1, 2004",Math,312,0,I found the writing style to be quite beautiful.
Waiting for Godot,9780571229116,Samuel Beckett,4.0,"April 1, 1952",Economics,375,1,A captivating story with well-developed characters.
"Boy Erased: A Memoir of Identity, Faith, and Family",9780735213463,Garrard Conley,3.0,"May 10, 2016",Children,24,0,
The World of the Salt Marsh: Appreciating and Protecting the Tidal Marshes of the Southeastern Atlantic Coast,9780820327068,Charles Seabrook,4.0,"April 23, 2012",Computer-Science,212,0,I found the writing style to be quite beautiful.
Unfamiliar Fishes,9781594487873,Sarah Vowell,4.0,"February 4, 2011",Personal-Development,278,1,I couldn't put it down!
The Best Short Stories of J. G. Ballard,9780030456619,J.G. Ballard,4.0,"January 1, 1978",Children,369,0,A classic for a reason. Highly enjoyable.
The Metamorphosis,9780553213690,"Franz Kafka,Stanley Corngold",4.0,"October 1, 1915",Children,302,1,A classic for a reason. Highly enjoyable.
The Metamorphosis,9780553213690,"Franz Kafka,Stanley Corngold",4.0,"October 1, 1915",Children,363,0,A thought-provoking and insightful book.
"A Study in Scarlet (Sherlock Holmes, #1)",9781420925531,Arthur Conan Doyle,4.0,"December 27, 1887",Math,335,1,I couldn't put it down!
"To Save Everything, Click Here: The Folly of Technological Solutionism",9781610391382,Evgeny Morozov,,"January 1, 2013",Computer-Science,98,0,I struggled to connect with the main character.
"To Save Everything, Click Here: The Folly of Technological Solutionism",9781610391382,Evgeny Morozov,4.0,"January 1, 2013",Computer-Science,197,1,Disappointing after all the hype.
"Astonishing X-Men, Vol. 1: Gifted",9780785115311,"Joss Whedon,John Cassaday",,"December 15, 2004",Comics,274,0,A captivating story with well-developed characters.
Cartographies of Time: A History of the Timeline,9781616890582,"Daniel Rosenberg,Anthony Grafton",4.0,"March 3, 2010",Math,177,0,I found the writing style to be quite beautiful.
"Stealing the Network: The Complete Series Collector's Edition, Final Chapter,",9781597492997,"Ryan Russell,Ryan Russell,Timothy Mullen",4.0,"April 1, 2009",Computer-Science,125,0,A captivating story with well-developed characters.
"Stealing the Network: The Complete Series Collector's Edition, Final Chapter,",9781597492997,"Ryan Russell,Ryan Russell,Timothy Mullen",4.0,"April 1, 2009",Computer-Science,497,1,Disappointing after all the hype.
The Chronicles of Prydain,9780805082746,Lloyd Alexander,4.0,"October 12, 1989",Children,433,0,The world-building in this fantasy novel is incredible.
Not My Blood (Joe Sandilands #10),9781616951542,Barbara Cleverly,,"January 1, 2012",Children,378,1,The world-building in this fantasy novel is incredible.
"13 Things Mentally Strong People Don't Do: Take Back Your Power, Embrace Change, Face Your Fears, and Train Your Brain for Happiness and Success",9780062391544,Amy Morin,4.0,"December 23, 2014",Personal-Development,122,1,The world-building in this fantasy novel is incredible.
"13 Things Mentally Strong People Don't Do: Take Back Your Power, Embrace Change, Face Your Fears, and Train Your Brain for Happiness and Success",9780062391544,Amy Morin,4.0,"December 23, 2014",Personal-Development,401,0,I found the writing style to be quite beautiful.
Calculus Made Easy,9780312185480,Silvanus Phillips Thompson,4.0,"January 1, 1910",Math,51,0,A classic for a reason. Highly enjoyable.
Calculus Made Easy,9780312185480,Silvanus Phillips Thompson,4.0,"January 1, 1910",Math,162,1,A captivating story with well-developed characters.
"Hatching Twitter: A True Story of Money, Power, Friendship, and Betrayal",9781591846017,Nick Bilton,4.0,"November 5, 2013",Technology,407,1,I struggled to connect with the main character.
"Hatching Twitter: A True Story of Money, Power, Friendship, and Betrayal",9781591846017,Nick Bilton,4.0,"November 5, 2013",Technology,480,0,A quick and entertaining read.
Book of Proof,9780989472128,Richard Hammack,,"January 1, 2009",Computer-Science,34,0,The plot twists kept me guessing until the end.
Book of Proof,9780989472128,Richard Hammack,4.0,"January 1, 2009",Computer-Science,216,0,A thought-provoking and insightful book.
Book of Proof,9780989472128,Richard Hammack,4.0,"January 1, 2009",Computer-Science,287,1,I couldn't put it down!
"UFOs: Generals, Pilots and Government Officials Go on the Record",9780307716842,Leslie Kean,,"January 1, 2010",Personal-Development,369,0,Disappointing after all the hype.
"Inversions (Culture, #6)",9781857237634,Iain M. Banks,4.0,"June 1, 1998",Artificial-Intelligence,229,1,
The Ra Material BOOK ONE: An Ancient Astronaut Speaks (Book One),9780898652604,"James Allen McCarty,Carla Lisbeth Rueckert,Donald Tully Elkins",,"January 1, 1981",Personal-Development,167,0,
"David and Goliath: Underdogs, Misfits, and the Art of Battling Giants",9780316204361,Malcolm Gladwell,4.0,"October 1, 2013",Personal-Development,89,1,A quick and entertaining read.
"Exile for Dreamers (Stranje House, #2)",9780765376022,Kathleen Baldwin,,"May 24, 2016",Math,67,0,A captivating story with well-developed characters.
"Debt: The First 5,000 Years",9781933633862,David Graeber,4.0,"July 12, 2011",Personal-Development,94,1,
"Debt: The First 5,000 Years",9781933633862,David Graeber,4.0,"July 12, 2011",Personal-Development,166,1,I struggled to connect with the main character.
"The Visual Display of Quantitative Information, 2nd Ed.",9780961392147,Edward R. Tufte,,"January 1, 1983",Computer-Science,487,1,I struggled to connect with the main character.
"Ada Lovelace (Little People, BIG DREAMS, #10)",9781786030764,"Mª Isabel Sánchez Vegara,Zafouko Yamamoto",4.0,"November 2, 2017",Math,208,1,I would recommend this to fans of [genre].
"Ada Lovelace (Little People, BIG DREAMS, #10)",9781786030764,"Mª Isabel Sánchez Vegara,Zafouko Yamamoto",4.0,"November 2, 2017",Math,489,1,This book really made me think about [a theme].
How to Solve It : A New Aspect of Mathematical Method,9780140124996,George Pólya,,"November 30, 1944",Computer-Science,124,0,I struggled to connect with the main character.
"Love, Theoretically",9781408725795,Ali Hazelwood,,"June 13, 2023",Technology,399,1,
Schaum's Outline of Signals and Systems,9780070306417,Hwei P. Hsu,4.0,"March 1, 1995",Math,245,0,A captivating story with well-developed characters.
Numbers: The Universal Language,9780810928459,Denis Guedj,4.0,"November 18, 1996",Math,69,1,I struggled to connect with the main character.
The Secret of the Blue Glass,9781782690344,"Tomiko Inui,Ginny Tapley Takemori",4.0,"January 1, 1957",studio-ghibli,450,0,"Not what I expected, but in a good way!"
Morris Micklewhite and the Tangerine Dress,9781554983476,"Christine  Baldacchino,Isabelle  Malenfant",4.0,"May 1, 2014",Personal-Development,2,0,
Morris Micklewhite and the Tangerine Dress,9781554983476,"Christine  Baldacchino,Isabelle  Malenfant",4.0,"May 1, 2014",Personal-Development,198,1,A captivating story with well-developed characters.
Humphrey the Lost Whale,9780893463465,"Wendy Tokuda,Richard Hall,Hanako Wakiyama",4.0,"January 1, 1986",Math,296,1,The plot twists kept me guessing until the end.
Humphrey the Lost Whale,9780893463465,"Wendy Tokuda,Richard Hall,Hanako Wakiyama",,"January 1, 1986",Math,437,1,A captivating story with well-developed characters.
Garfield: His 9 Lives,9780345320612,Jim Davis,,"October 12, 1984",Children,210,1,"Not what I expected, but in a good way!"
"Born to Run: A Hidden Tribe, Superathletes, and the Greatest Race the World Has Never Seen",9780307271914,Christopher McDougall,2.0,"April 23, 2009",Biology,44,0,This book really made me think about [a theme].
"Private (Private, #1)",9781416918738,Kate Brian,2.0,"July 1, 2006",Children,191,0,I found the writing style to be quite beautiful.
The Untethered Soul: The Journey Beyond Yourself,9781572245372,Michael A. Singer,4.0,"October 3, 2007",Personal-Development,110,0,I struggled to connect with the main character.
Chicken Cheeks,9781416948643,"Michael Ian Black,Kevin Hawkes",4.0,"January 6, 2009",Children,187,1,I couldn't put it down!
C# in Depth,9781935182474,Jon Skeet,,"April 21, 2008",Computer-Science,172,0,"Not what I expected, but in a good way!"
The Day I Swapped My Dad for Two Goldfish,9780060587017,"Neil Gaiman,Dave McKean",4.0,"March 4, 1997",Comics,425,1,"Not what I expected, but in a good way!"
Exercises in Programming Style,9781482227376,Cristina Videira Lopes,4.0,"January 15, 2014",Computer-Science,367,1,The world-building in this fantasy novel is incredible.
Exercises in Programming Style,9781482227376,Cristina Videira Lopes,4.0,"January 15, 2014",Computer-Science,371,1,I couldn't put it down!
The Bliss Experiment: 28 Days to Personal Transformation,9781451642117,Sean Meshorer,4.0,"May 8, 2012",Personal-Development,341,0,
"The Forests of Silence (Deltora Quest, #1)",9780545010313,Emily Rodda,4.0,"May 1, 2000",Children,361,0,This book really made me think about [a theme].
Enthusiasm Makes the Difference,9780743234818,Norman Vincent Peale,2.0,"January 1, 1967",Personal-Development,490,0,Disappointing after all the hype.
"Math-ish: Finding Creativity, Diversity, and Meaning in Mathematics",9780063340800,Jo Boaler,4.0,"May 7, 2024",Math,493,1,The world-building in this fantasy novel is incredible.
Statistics: An Introduction Using R,9781118941102,Michael J. Crawley,,"March 11, 2005",Computer-Science,95,1,A captivating story with well-developed characters.
Statistics: An Introduction Using R,9781118941102,Michael J. Crawley,4.0,"March 11, 2005",Computer-Science,409,0,The plot twists kept me guessing until the end.
Love Does: Discover a Secretly Incredible Life in an Ordinary World,9781400203758,Bob       Goff,4.0,"January 1, 2012",Personal-Development,279,1,I found the writing style to be quite beautiful.
Love Does: Discover a Secretly Incredible Life in an Ordinary World,9781400203758,Bob       Goff,4.0,"January 1, 2012",Personal-Development,344,1,I would recommend this to fans of [genre].
The Seat of the Soul,9780684865188,Gary Zukav,4.0,"March 1, 1989",Personal-Development,389,1,I couldn't put it down!
"Fractions, Decimals, and Percents",9780823421992,"David A. Adler,Edward Miller",3.0,"February 1, 2010",Math,401,0,A quick and entertaining read.
Who Was Marie Curie?,9780448478968,"Megan Stine,Who H.Q.,Ted Hammond",4.0,"August 7, 2014",Math,329,1,This book really made me think about [a theme].
"Paddington at Large (Paddington, #5)",9780618196784,"Michael Bond,Peggy Fortnum,Александра Глебовская,Катерина Сиверцева,Алла Човжик",,"April 27, 1962",Children,353,1,I struggled to connect with the main character.
Lessons in Chemistry,9783527337750,Bonnie Garmus,4.0,"March 31, 2022",Technology,494,1,A classic for a reason. Highly enjoyable.
The Caboose Who Got Loose,9780395287156,Bill Peet,4.0,"January 1, 1971",Cars,456,0,Disappointing after all the hype.
Introduction To Probability,9781886529236,"Dimitri P. Bertsekas,John N. Tsitsiklis",4.0,"June 24, 2002",Computer-Science,21,0,"Not what I expected, but in a good way!"
Seven Concurrency Models in Seven Weeks: When Threads Unravel (The Pragmatic Programmers),9781937785659,Paul   Butcher,4.0,"January 22, 2014",Computer-Science,105,0,
The Immortal Life of Henrietta Lacks,9781400052172,Rebecca Skloot,,"February 2, 2010",Biology,155,0,This book really made me think about [a theme].
The Immortal Life of Henrietta Lacks,9781400052172,Rebecca Skloot,4.0,"February 2, 2010",Biology,259,0,A quick and entertaining read.
The Immortal Life of Henrietta Lacks,9781400052172,Rebecca Skloot,4.0,"February 2, 2010",Biology,293,1,I found the writing style to be quite beautiful.
Doing Data Science: Straight Talk from the Frontline,9781449358655,"Cathy O&apos;Neil,Rachel Schutt",,"January 1, 2013",Computer-Science,158,0,
Doing Data Science: Straight Talk from the Frontline,9781449358655,"Cathy O&apos;Neil,Rachel Schutt",,"January 1, 2013",Computer-Science,202,0,I found the writing style to be quite beautiful.
The Thief of Always,9780061091469,Clive Barker,4.0,"November 1, 1992",Children,94,1,The world-building in this fantasy novel is incredible.
The Thief of Always,9780061091469,Clive Barker,4.0,"November 1, 1992",Children,247,1,
The Nicest Girl in the School,9781409900214,"Angela Brazil,Arthur A. Dixon",,"January 1, 1909",Children,163,0,A captivating story with well-developed characters.
Eragon (The Inheritance Cycle #1),9780375826696,Christopher Paolini,4.0,"June 1, 2002",Children,281,1,I found the writing style to be quite beautiful.
What Shape is a Snow Flake?: Magic Numbers in Nature,9780716747949,Ian Stewart,4.0,"April 28, 1998",Math,28,0,Disappointing after all the hype.
Check & Mate,9780593619919,Ali Hazelwood,4.0,"November 7, 2023",Math,29,0,A quick and entertaining read.
"Don't Know Where, Don't Know When",9780979476945,Annette Laing,,"August 18, 2007",Children,38,1,A classic for a reason. Highly enjoyable.
"Thank You, Mr. Falker",9780399237324,Patricia Polacco,5.0,"May 4, 1998",Math,7,0,A quick and entertaining read.
The Geography of Bliss: One Grump's Search for the Happiest Places in the World,9780446580267,Eric    Weiner,4.0,"January 1, 2008",Personal-Development,76,0,I found the writing style to be quite beautiful.
What Is the Name of This Book?,9780671628321,Raymond M. Smullyan,4.0,"January 1, 1978",Math,396,1,The plot twists kept me guessing until the end.
Computer Science Distilled: Learn the Art of Solving Computational Problems,9780997316001,"Wladston Ferreira Filho,Raimondo Pictet",4.0,"January 17, 2017",Computer-Science,125,1,The ending left me wanting more.
Computer Science Distilled: Learn the Art of Solving Computational Problems,9780997316001,"Wladston Ferreira Filho,Raimondo Pictet",3.0,"January 17, 2017",Computer-Science,339,0,
"The Warded Man (The Demon Cycle, #1)",9780345503800,Peter V. Brett,1.0,"September 1, 2008",Fantasy,322,0,I would recommend this to fans of [genre].
Some Doubt About It,9781662517112,Marion McNabb,4.0,"May 7, 2024",Personal-Development,53,1,A thought-provoking and insightful book.
Some Doubt About It,9781662517112,Marion McNabb,,"May 7, 2024",Personal-Development,112,1,A quick and entertaining read.
Some Doubt About It,9781662517112,Marion McNabb,4.0,"May 7, 2024",Personal-Development,206,1,I would recommend this to fans of [genre].
Gold Dust,9780192755292,Geraldine McCaughrean,3.0,"January 1, 1986",Children,354,0,The ending left me wanting more.
Gold Dust,9780192755292,Geraldine McCaughrean,3.0,"January 1, 1986",Children,500,0,
"The Disaster Artist: My Life Inside The Room, the Greatest Bad Movie Ever Made",9781451661194,"Greg Sestero,Tom Bissell",4.0,"October 10, 2013",Personal-Development,298,1,The pacing felt a bit off in the middle.
My Cousin Momo,9780803740112,Zachariah OHora,4.0,"June 2, 2015",Cars,217,0,A quick and entertaining read.
Intuitive Eating: A Revolutionary Program That Works,9780312321239,"Evelyn Tribole,Elyse Resch",4.0,"May 1, 1995",Personal-Development,74,1,I found the writing style to be quite beautiful.
Intuitive Eating: A Revolutionary Program That Works,9780312321239,"Evelyn Tribole,Elyse Resch",4.0,"May 1, 1995",Personal-Development,237,1,
Intuitive Eating: A Revolutionary Program That Works,9780312321239,"Evelyn Tribole,Elyse Resch",4.0,"May 1, 1995",Personal-Development,488,1,I found the writing style to be quite beautiful.
The Time of My Life,9781439158586,"Patrick  Swayze,Lisa Niemi Swayze",4.0,"May 8, 2007",Personal-Development,474,1,The world-building in this fantasy novel is incredible.
Waking the Tiger: Healing Trauma,9781556432330,"Peter A. Levine,Ann  Frederick",4.0,"January 1, 1997",Business,204,0,A thought-provoking and insightful book.
Flapper Pie and a Blue Prairie Sky: A Modern Baker's Guide to Old-Fashioned Desserts: A Baking Book,9780449016954,Karlynn Johnston,4.0,"October 25, 2016",Math,450,0,A quick and entertaining read.
Open Leadership: How Social Technology Can Transform the Way You Lead,9780470597262,Charlene Li,4.0,"January 1, 2010",Technology,219,0,The world-building in this fantasy novel is incredible.
"The Sandman, Vol. 2: The Doll's House",9781563892257,"Neil Gaiman,Mike Dringenberg,Malcolm Jones III,Chris Bachalo,Michael Zulli,Steve Parkhouse,Todd Klein,Clive Barker",4.0,"April 26, 1990",Comics,460,0,
"The Lightning Thief (Percy Jackson and the Olympians, #1)",9780786838653,Rick Riordan,4.0,"July 28, 2005",Fantasy,31,1,The ending left me wanting more.
"The Lightning Thief (Percy Jackson and the Olympians, #1)",9780786838653,Rick Riordan,4.0,"July 28, 2005",Fantasy,357,0,I would recommend this to fans of [genre].
"Kitten in the Candy Corn (Animal Ark, #41; Animal Ark Holiday Special, #12)",9780439687584,"Ben M. Baglio,Ann Baum",4.0,"January 1, 2004",Math,171,1,
"A Fostered Love (Foster Siblings, #1)",9781596329027,Cameron Dane,4.0,"March 24, 2009",Cars,305,1,"Not what I expected, but in a good way!"
"Gmorning, Gnight!: Little Pep Talks for Me & You",9781984854285,"Lin-Manuel Miranda,Jonny Sun",4.0,"October 16, 2018",Personal-Development,469,1,The world-building in this fantasy novel is incredible.
The Power of Regret: How Looking Backward Moves Us Forward,9780735210653,Daniel H. Pink,4.0,"February 1, 2022",Business,325,1,I found the writing style to be quite beautiful.
"Jerusalem Inn (Richard Jury, #5)",9780451411617,Martha Grimes,4.0,"January 1, 1984",nonfiction,193,1,The ending left me wanting more.
"Jerusalem Inn (Richard Jury, #5)",9780451411617,Martha Grimes,,"January 1, 1984",nonfiction,342,1,I couldn't put it down!
"Jerusalem Inn (Richard Jury, #5)",9780451411617,Martha Grimes,2.0,"January 1, 1984",nonfiction,429,0,I struggled to connect with the main character.
Figuring,9781524748135,Maria Popova,4.0,"February 5, 2019",Computer-Science,374,1,I would recommend this to fans of [genre].
Batman: Knightfall,9780553572605,Dennis O&apos;Neil,3.0,"January 1, 1994",Comics,405,0,The pacing felt a bit off in the middle.
Red Ranger Came Calling,9780316102490,Berkeley Breathed,4.0,"January 1, 1994",Children,198,0,
The 5 Levels of Leadership: Proven Steps to Maximize Your Potential,9781599953656,John C. Maxwell,4.0,"October 4, 2011",Personal-Development,184,1,A quick and entertaining read.
The Smart Money Woman,9781785897603,Arese Ugwu,4.0,"August 9, 2016",Personal-Development,262,1,A thought-provoking and insightful book.
The Smart Money Woman,9781785897603,Arese Ugwu,4.0,"August 9, 2016",Personal-Development,482,0,I couldn't put it down!
Aurora,9780316098106,Kim Stanley Robinson,4.0,"July 7, 2015",Math,313,1,This book really made me think about [a theme].
"The Crossing Places (Ruth Galloway, #1)",9780547229898,Elly Griffiths,1.0,"February 5, 2009",Computer-Science,369,0,A captivating story with well-developed characters.
More Effective C++: 35 New Ways to Improve Your Programs and Designs,0785342633719,Scott Meyers,4.0,"January 8, 1995",Computer-Science,87,1,The plot twists kept me guessing until the end.
Bathtime Mathtime (McKellar Math),9781101933947,"Danica McKellar,Alicia Padrón",,"June 26, 2018",Math,123,0,A quick and entertaining read.
"Schaum's Outline of Linear Algebra, Sixth Edition (Schaum's Outlines)",9781260011449,"Seymour Lipschutz,Marc Lipson",4.0,"January 1, 1968",Computer-Science,170,0,A classic for a reason. Highly enjoyable.
"The Magic School Bus Explores the Senses (The Magic School Bus, #10)",9780590446983,"Joanna Cole,Bruce Degen",4.0,"January 1, 1999",Math,423,1,Disappointing after all the hype.
"The Road Less Traveled: A New Psychology of Love, Traditional Values and Spiritual Growth",9780743243155,M. Scott Peck,3.0,"January 1, 1978",Business,366,0,The world-building in this fantasy novel is incredible.
Alone Together: Why We Expect More from Technology and Less from Each Other,9780465093656,Sherry Turkle,4.0,"January 11, 2011",Computer-Science,149,0,I would recommend this to fans of [genre].
Alone Together: Why We Expect More from Technology and Less from Each Other,9780465093656,Sherry Turkle,4.0,"January 11, 2011",Computer-Science,444,0,The world-building in this fantasy novel is incredible.
Symmetry and the Monster: The Story of One of the Greatest Quests of Mathematics,9780192807229,Mark Ronan,4.0,"January 1, 2006",Math,225,0,A captivating story with well-developed characters.
Grow Rich! With Peace of Mind,9780449911570,Napoleon Hill,4.0,"January 1, 1982",Personal-Development,89,1,A thought-provoking and insightful book.
"Wheels, Life, and Other Mathematical Amusements",9780716715887,Martin Gardner,4.0,"November 1, 1983",Math,144,1,A captivating story with well-developed characters.
The Awakening of Intelligence,9780060648343,J. Krishnamurti,4.0,"January 1, 1973",Personal-Development,62,0,The plot twists kept me guessing until the end.
Meg Mackintosh and the Mystery at the Soccer Match - title #6: A Solve-It-Yourself Mystery (6) (Meg Mackintosh Mystery series),9781888695052,Lucinda Landon,4.0,"April 1, 1997",Math,64,1,A classic for a reason. Highly enjoyable.
"The Pursuit of Happiness: Discovering the Pathway to Fulfillment, Well-Being, and Enduring Personal Joy",9780380715220,David G. Myers,4.0,"January 1, 1992",Computer-Science,391,0,I couldn't put it down!
"The Pursuit of Happiness: Discovering the Pathway to Fulfillment, Well-Being, and Enduring Personal Joy",9780380715220,David G. Myers,3.0,"January 1, 1992",Computer-Science,486,0,I found the writing style to be quite beautiful.
"An Heiress's Guide to Deception and Desire (Ladies Most Scandalous, #2)",9781538736159,Manda Collins,4.0,"November 16, 2021",Cars,190,1,The world-building in this fantasy novel is incredible.
"An Heiress's Guide to Deception and Desire (Ladies Most Scandalous, #2)",9781538736159,Manda Collins,,"November 16, 2021",Cars,497,0,I couldn't put it down!
Foucault’s Pendulum,9780156032971,"Umberto Eco,William Weaver",4.0,"October 4, 1988",Technology,2,1,
"Confessions of a D-List Supervillain (D-List Supervillain, #1)",9781461084747,Jim Bernheimer,4.0,"April 1, 2011",Comics,468,1,"Not what I expected, but in a good way!"
Tunes for Bears to Dance to (New Windmill),9780435124304,Robert Cormier,4.0,"January 1, 1992",Children,186,0,A captivating story with well-developed characters.
Tunes for Bears to Dance to (New Windmill),9780435124304,Robert Cormier,4.0,"January 1, 1992",Children,298,1,The world-building in this fantasy novel is incredible.
The Books of Magic,9781563890826,"Neil Gaiman,John Bolton,Scott Hampton,Charles Vess,Paul Johnson,Roger Zelazny",1.0,"January 1, 1993",Comics,112,0,I would recommend this to fans of [genre].
The Books of Magic,9781563890826,"Neil Gaiman,John Bolton,Scott Hampton,Charles Vess,Paul Johnson,Roger Zelazny",,"January 1, 1993",Comics,149,1,A quick and entertaining read.
The Books of Magic,9781563890826,"Neil Gaiman,John Bolton,Scott Hampton,Charles Vess,Paul Johnson,Roger Zelazny",4.0,"January 1, 1993",Comics,175,1,I couldn't put it down!
On a Sunbeam,9781250178138,Tillie Walden,4.0,"May 22, 2018",Children,26,1,A classic for a reason. Highly enjoyable.
On a Sunbeam,9781250178138,Tillie Walden,3.0,"May 22, 2018",Children,497,0,I would recommend this to fans of [genre].
"Dead Space: Martyr (Dead Space, #1)",9780765325037,B.K. Evenson,4.0,"January 1, 2010",Biology,190,1,"Not what I expected, but in a good way!"
"Flambards (Flambards, #1)",9780192719553,K.M. Peyton,4.0,"January 1, 1967",Children,332,0,Disappointing after all the hype.
"True Beauty, Vol. 1",9781990259890,Yaongyi,4.0,"November 8, 2022",Comics,96,0,A classic for a reason. Highly enjoyable.
"Silver Borne (Mercy Thompson, #5)",9780441018192,Patricia Briggs,1.0,"March 30, 2010",Fantasy,7,0,A thought-provoking and insightful book.
"Silver Borne (Mercy Thompson, #5)",9780441018192,Patricia Briggs,4.0,"March 30, 2010",Fantasy,145,0,The ending left me wanting more.
"Silver Borne (Mercy Thompson, #5)",9780441018192,Patricia Briggs,2.0,"March 30, 2010",Fantasy,255,0,"Not what I expected, but in a good way!"
"The Disappearing Friend Mystery (The Boxcar Children, #30)",9780807516287,"Gertrude Chandler Warner,Charles Tang",4.0,"September 1, 1991",Math,354,1,I couldn't put it down!
The Witness,9780195175189,Nora Roberts,4.0,"April 17, 2012",Technology,150,0,The world-building in this fantasy novel is incredible.
The Richness of Life: The Essential Stephen Jay Gould,9780393064988,"Stephen Jay Gould,Oliver Sacks,Steven Rose",4.0,"January 1, 2006",Computer-Science,152,1,A thought-provoking and insightful book.
The Richness of Life: The Essential Stephen Jay Gould,9780393064988,"Stephen Jay Gould,Oliver Sacks,Steven Rose",4.0,"January 1, 2006",Computer-Science,425,0,A quick and entertaining read.
The Richness of Life: The Essential Stephen Jay Gould,9780393064988,"Stephen Jay Gould,Oliver Sacks,Steven Rose",4.0,"January 1, 2006",Computer-Science,469,0,
Cadence and Kittenfish: A Mermaid Tale,9781951784119,"Judith L. Roth,Jaclyn Sinquett",,"August 30, 2022",Children,449,1,I would recommend this to fans of [genre].
The Art of Invisibility: The World's Most Famous Hacker Teaches You How to Be Safe in the Age of Big Brother and Big Data,9780316380508,"Kevin D. Mitnick,Robert Vamosi",4.0,"February 14, 2017",Computer-Science,36,1,The ending left me wanting more.
"The Present: The Secret to Enjoying Your Work and Life, Now!",9780385509305,Spencer Johnson,4.0,"February 1, 1981",Personal-Development,86,1,"Not what I expected, but in a good way!"
"Primal Waters (MEG, #3)",9780765347855,Steve Alten,,"January 1, 2004",Biology,360,0,The ending left me wanting more.
Lies My Teacher Told Me: Everything Your American History Textbook Got Wrong,9780684818863,James W. Loewen,,"August 4, 1995",Personal-Development,135,0,I couldn't put it down!
Lies My Teacher Told Me: Everything Your American History Textbook Got Wrong,9780684818863,James W. Loewen,4.0,"August 4, 1995",Personal-Development,411,1,A thought-provoking and insightful book.
Lies My Teacher Told Me: Everything Your American History Textbook Got Wrong,9780684818863,James W. Loewen,4.0,"August 4, 1995",Personal-Development,430,1,A classic for a reason. Highly enjoyable.
What to Say When You Talk to Yourself,9780722525111,Shad Helmstetter,,"January 1, 1986",Personal-Development,56,0,I couldn't put it down!
"National Security (Jericho Quinn, #1)",9780786029143,Marc Cameron,4.0,"November 1, 2011",Technology,137,0,A classic for a reason. Highly enjoyable.
"National Security (Jericho Quinn, #1)",9780786029143,Marc Cameron,4.0,"November 1, 2011",Technology,272,0,This book really made me think about [a theme].
Love Lessons,9780439999076,David Belbin,3.0,"January 1, 1998",Children,140,1,A captivating story with well-developed characters.
Fannie in the Kitchen: The Whole Story from Soup to Nuts of How Fannie Farmer Invented Recipes with Precise Measurements,9780689869976,"Deborah Hopkinson,Nancy Carpenter",4.0,"May 1, 2001",Math,43,0,The ending left me wanting more.
"God Is the Cure, Love Is the Answer: A Memoir",9781637461945,Aimee Cabo Nikolov,2.0,"August 7, 2018",Business,101,0,A captivating story with well-developed characters.
"God Is the Cure, Love Is the Answer: A Memoir",9781637461945,Aimee Cabo Nikolov,3.0,"August 7, 2018",Business,491,0,I found the writing style to be quite beautiful.
"Functional Web Development with Elixir, OTP, and Phoenix: Rethink the Modern Web App",9781680505429,Lance Halvorsen,4.0,"January 25, 2018",Computer-Science,270,0,I couldn't put it down!
"The Frankenstein Factory (Spy High, #1)",9780316737609,A.J. Butcher,3.0,"January 1, 2003",Children,281,0,A classic for a reason. Highly enjoyable.
The Diversity of Life (Questions of Science),9780393319408,Edward O. Wilson,4.0,"December 1, 1992",Computer-Science,82,1,This book really made me think about [a theme].
The Diversity of Life (Questions of Science),9780393319408,Edward O. Wilson,4.0,"December 1, 1992",Computer-Science,442,0,I found the writing style to be quite beautiful.
Drive by Shootings : Photographs by a New York Taxi Driver,9783829028912,David Bradford,4.0,"May 1, 2000",Cars,244,1,Disappointing after all the hype.
Credence,9781660089055,Penelope Douglas,4.0,"January 13, 2020",Children,260,1,A quick and entertaining read.
Credence,9781660089055,Penelope Douglas,4.0,"January 13, 2020",Children,393,1,"Not what I expected, but in a good way!"
The Map That Changed the World: William Smith and the Birth of Modern Geology,9780060931803,Simon Winchester,4.0,"July 5, 2001",History,15,0,I couldn't put it down!
Aircraft Electricity and Electronics (Aviation Technology Series),9780070048003,"Thomas K.; Bent James L. Eismin,James L. McKinley,Ralph D. Bent",4.0,"December 1, 1989",Computer-Science,318,1,The ending left me wanting more.
Fluid: The Approach Applied by Geniuses Over Centuries,9788183285278,Ashish Jaiswal,,"October 15, 2018",Personal-Development,397,0,I found the writing style to be quite beautiful.
"Waistcoats & Weaponry (Finishing School, #3)",9780316190275,Gail Carriger,4.0,"November 14, 2014",Math,255,1,This book really made me think about [a theme].
The Power of a Positive No: How to Say No and Still Get to Yes,9780553804980,William Ury,4.0,"January 1, 2007",Computer-Science,440,1,A thought-provoking and insightful book.
The Thing You Think You Cannot Do: Thirty Truths You Need to Know Now About Fear and Courage,9781613751541,"Gordon Livingston,Sean Runnette",3.0,"March 27, 2012",Personal-Development,499,1,
Healing Lives,9781760982034,Sue      Williams,4.0,"October 13, 2020",Computer-Science,245,1,"Not what I expected, but in a good way!"
"Pro Leadership: Establishing Your Credibility, Building Your Following and Leading With Impact",9781631951244,Andrew  Wyatt,,"February 9, 2021",Personal-Development,370,0,"Not what I expected, but in a good way!"
The Anger Workbook: A 13-Step Interactive Plan to Help You... (Minirth-Meier Clinic Series),9780840745743,"Les Carter,Paul M.D. Meier,Frank B. Minirth",3.0,"November 6, 1992",Computer-Science,33,0,
The Anger Workbook: A 13-Step Interactive Plan to Help You... (Minirth-Meier Clinic Series),9780840745743,"Les Carter,Paul M.D. Meier,Frank B. Minirth",4.0,"November 6, 1992",Computer-Science,113,1,I would recommend this to fans of [genre].
You Were Born for This: Astrology for Radical Self-Acceptance,9780062840639,Chani Nicholas,4.0,"January 7, 2020",Personal-Development,134,0,A thought-provoking and insightful book.
You Were Born for This: Astrology for Radical Self-Acceptance,9780062840639,Chani Nicholas,4.0,"January 7, 2020",Personal-Development,274,1,A quick and entertaining read.
You Were Born for This: Astrology for Radical Self-Acceptance,9780062840639,Chani Nicholas,,"January 7, 2020",Personal-Development,422,0,The ending left me wanting more.
"The Apothecary (The Apothecary, #1)",9780399256271,"Maile Meloy,Ian Schoenherr",4.0,"August 29, 2011",Children,37,0,I struggled to connect with the main character.
The Goshawk,9781590172490,"T.H. White,Marie Winn",4.0,"January 1, 1951",Biology,114,1,I couldn't put it down!
The Third Chimpanzee: The Evolution and Future of the Human Animal,9780060845506,Jared Diamond,4.0,"May 2, 1991",Biology,408,1,The plot twists kept me guessing until the end.
My Brother's Lover (Twin Ties #1),9781622341436,Lynn Kelling,4.0,"February 4, 2014",Cars,76,0,Disappointing after all the hype.
My Brother's Lover (Twin Ties #1),9781622341436,Lynn Kelling,4.0,"February 4, 2014",Cars,152,1,Disappointing after all the hype.
Proofs from THE BOOK,9783662572641,"Martin Aigner,Günter M. Ziegler,Karl H. Hofmann",4.0,"December 31, 1998",Computer-Science,95,1,This book really made me think about [a theme].
Trespassers,9781338264234,Breena Bard,4.0,"May 5, 2020",Children,47,1,A thought-provoking and insightful book.
Trespassers,9781338264234,Breena Bard,4.0,"May 5, 2020",Children,171,1,
"Life Strategies: Doing What Works, Doing What Matters",9780641556234,Phillip C. McGraw,4.0,"January 1, 1999",Personal-Development,55,0,A captivating story with well-developed characters.
A Solitude of Wolverines (Alex Carter #1),9780062982094,Alice Henderson,4.0,"October 27, 2020",Math,233,1,A quick and entertaining read.
I Can See Clearly Now,9781401944032,Wayne W. Dyer,1.0,"February 25, 2014",Personal-Development,91,0,"Not what I expected, but in a good way!"
All the Ghosts in the Machine: Illusions of Immortality in the Digital Age,9781472141897,Elaine Kasket,4.0,"April 25, 2019",Computer-Science,397,0,Disappointing after all the hype.
The Invisible History of the Human Race: How DNA and History Shape Our Identities and Our Futures,9780670025558,Christine Kenneally,1.0,"January 1, 2014",Math,442,0,A captivating story with well-developed characters.
Fault Lines,9780762480999,Nora Shalaway Carpenter,4.0,"September 12, 2023",Math,139,1,The plot twists kept me guessing until the end.
The Path Made Clear: Discovering Your Life's Direction and Purpose,9781250307507,Oprah Winfrey,4.0,"March 26, 2019",Personal-Development,356,0,Disappointing after all the hype.
"Children of Time (Children of Time, #1)",9781447273288,Adrian Tchaikovsky,,"June 4, 2015",Computer-Science,238,1,
100 Women Who Made History: Remarkable Women Who Shaped Our World (DK 100 Things That Made History),9781465456885,"S.A. Caldwell,Clare Hibbert,Andrea Mills,Rona Skene,Philip Parker",4.0,"February 7, 2017",Computer-Science,10,0,"Not what I expected, but in a good way!"
One Red Paperclip: The Story of How One Man Changed His Life One Swap at a Time,978-0-307-39559-7,Kyle Macdonald,,"January 1, 2007",Personal-Development,387,0,The plot twists kept me guessing until the end.
One Red Paperclip: The Story of How One Man Changed His Life One Swap at a Time,978-0-307-39559-7,Kyle Macdonald,3.0,"January 1, 2007",Personal-Development,404,0,The pacing felt a bit off in the middle.
"Choose Yourself: Be Happy, Make Millions, Live the Dream",9781619610224,James Altucher,4.0,"May 31, 2013",Business,131,1,I struggled to connect with the main character.
"Choose Yourself: Be Happy, Make Millions, Live the Dream",9781619610224,James Altucher,4.0,"May 31, 2013",Business,333,1,Disappointing after all the hype.
Entangled Minds: Extrasensory Experiences in a Quantum Reality (A Study on Parapsychology),9781416516774,Dean Radin,,"January 1, 2006",Personal-Development,316,0,
The Virgin Suicides,9780747560593,Jeffrey Eugenides,4.0,"January 1, 1993",History,148,0,A classic for a reason. Highly enjoyable.
"Haters: Harassment, Abuse, and Violence Online",9781612348704,Bailey Poland,4.0,"November 1, 2016",Math,472,0,Disappointing after all the hype.
The Curse of the Good Girl: Raising Authentic Girls with Courage and Confidence,9781594202186,Rachel Simmons,4.0,"July 23, 2009",Personal-Development,306,1,I found the writing style to be quite beautiful.
"One Foot in the Grave (Night Huntress, #2)",9780061245091,Jeaniene Frost,,"May 1, 2008",Fantasy,312,0,I found the writing style to be quite beautiful.
Too Many Pumpkins,9780823413201,"Linda White,Megan Lloyd",4.0,"March 1, 1993",Math,473,1,A quick and entertaining read.
Too Many Pumpkins,9780823413201,"Linda White,Megan Lloyd",4.0,"March 1, 1993",Math,492,1,"Not what I expected, but in a good way!"
"Your First Year in Network Marketing: Overcome Your Fears, Experience Success, and Achieve Your Dreams!",9780761512196,"Mark Yarnell,Rene Reid Yarnell",,"January 7, 1998",Personal-Development,394,1,"Not what I expected, but in a good way!"
Word by Word: The Secret Life of Dictionaries,9781101870945,Kory Stamper,4.0,"March 14, 2017",Children,136,0,I found the writing style to be quite beautiful.
"Weird Life: The Search for Life That Is Very, Very Different from Our Own",9780393071580,David Toomey,4.0,"February 19, 2013",Math,397,0,The pacing felt a bit off in the middle.
"The Ideal Man (Buchanan-Renard, #9)",9780525952251,Julie Garwood,4.0,"January 1, 2011",Computer-Science,262,0,This book really made me think about [a theme].
"The Ideal Man (Buchanan-Renard, #9)",9780525952251,Julie Garwood,4.0,"January 1, 2011",Computer-Science,269,1,The plot twists kept me guessing until the end.
Slinky Malinki,9780670913510,Lynley Dodd,4.0,"January 1, 1991",Children,182,0,I found the writing style to be quite beautiful.
Slinky Malinki,9780670913510,Lynley Dodd,,"January 1, 1991",Children,277,0,
"The Mouse and the Motorcycle (Ralph S. Mouse, #1)",9780380709243,"Beverly Cleary,Louis Darling,Tracy Dockray",4.0,"January 1, 1965",Children,101,1,The plot twists kept me guessing until the end.
Lies Women Believe: And the Truth that Sets Them Free,9780802472960,"Nancy Leigh DeMoss,Elisabeth Elliot",4.0,"January 1, 2000",Personal-Development,460,1,A captivating story with well-developed characters.
"Liliana (Liliana, #1)",9781311059161,Neva Squires-Rodriguez,3.0,"January 1, 2014",Children,474,0,I struggled to connect with the main character.
The Nature of Things: The Secret Life of Inanimate Objects,9780892814084,Lyall Watson,4.0,"April 19, 1990",Math,198,1,Disappointing after all the hype.
The Nature of Things: The Secret Life of Inanimate Objects,9780892814084,Lyall Watson,,"April 19, 1990",Math,330,1,I found the writing style to be quite beautiful.
Underbug: An Obsessive Tale of Termites and Technology,9780374282073,Lisa Margonelli,,"August 21, 2018",Computer-Science,457,1,I found the writing style to be quite beautiful.
The Magic School Bus at the Waterworks (The Magic School Bus #1),9780590403603,"Joanna Cole,Bruce Degen",,"January 1, 1986",Children,218,1,The ending left me wanting more.
Radical: Taking Back Your Faith from the American Dream,9781601422217,David     Platt,,"January 1, 2010",Personal-Development,149,0,I would recommend this to fans of [genre].
The Procrastinator's Handbook: Mastering the Art of Doing It Now,9780802775986,Rita Emmett,4.0,"September 1, 2000",Personal-Development,40,1,"Not what I expected, but in a good way!"
The Procrastinator's Handbook: Mastering the Art of Doing It Now,9780802775986,Rita Emmett,,"September 1, 2000",Personal-Development,83,0,A quick and entertaining read.
The Magic School Bus Kicks Up a Storm: A Book About Weather,9780439102759,"Joanna Cole,Nancy White,Art Ruiz,Bruce Degen",,"November 1, 1995",Math,176,1,
Mindfulness for Beginners: Reclaiming the Present Moment―and Your Life,9781591794646,Jon Kabat-Zinn,,"January 1, 2006",Personal-Development,490,1,The plot twists kept me guessing until the end.
Seeing Voices,9780375704079,Oliver Sacks,4.0,"January 1, 1989",Computer-Science,29,1,A thought-provoking and insightful book.
"The Dragon Dreamer (Dragon Dreamer, #1)",9780996042512,J.S. Burke,,"April 24, 2014",Biology,421,0,A quick and entertaining read.
"Wolf's Rain, Vol. 1 (Wolf's Rain, #1)",9781591165910,"BONES,Toshitsugu Lida",4.0,"November 5, 2003",studio-ghibli,182,0,A quick and entertaining read.
"The Marvelous Land of Oz , Volume 1",9781614792352,Eric Shanower,,"January 1, 2014",Children,163,1,A classic for a reason. Highly enjoyable.
"Peak Performance: Elevate Your Game, Avoid Burnout, and Thrive with the New Science of Success",9781623367930,"Brad Stulberg,Steve Magness",4.0,"June 6, 2017",Personal-Development,200,0,I couldn't put it down!
The Art of Seduction,9781861977694,"Robert Greene,Мариана Мелнишка,Робърт Грийн",4.0,"January 1, 2001",Personal-Development,153,1,The world-building in this fantasy novel is incredible.
The Catholic School,9780374119256,"Edoardo Albinati,Antony Shugaar",3.0,"March 17, 2016",Children,31,1,I struggled to connect with the main character.
The Antarctic Book of Cooking and Cleaning: A Polar Journey,9780062395047,"Carol  Devine,Wendy Trusler",2.0,"May 5, 2015",Math,458,0,The world-building in this fantasy novel is incredible.
Small Worlds: The Dynamics of Networks between Order and Randomness (Princeton Studies in Complexity),9780691117041,Duncan J. Watts,4.0,"August 23, 1999",Math,134,1,I would recommend this to fans of [genre].
The Big Dark Sky,9781922132277,Dean Koontz,4.0,"July 19, 2022",Personal-Development,273,1,A quick and entertaining read.
Crescent,9781896944524,Phil Rossi,4.0,"January 1, 2007",Biology,461,1,I would recommend this to fans of [genre].
"Full Catastrophe Living: Using the Wisdom of Your Body and Mind to Face Stress, Pain, and Illness",9780345539724,Jon Kabat-Zinn,2.0,"January 1, 1990",Personal-Development,66,0,A classic for a reason. Highly enjoyable.
"Full Catastrophe Living: Using the Wisdom of Your Body and Mind to Face Stress, Pain, and Illness",9780345539724,Jon Kabat-Zinn,4.0,"January 1, 1990",Personal-Development,103,1,"Not what I expected, but in a good way!"
"Full Catastrophe Living: Using the Wisdom of Your Body and Mind to Face Stress, Pain, and Illness",9780345539724,Jon Kabat-Zinn,4.0,"January 1, 1990",Personal-Development,449,1,A quick and entertaining read.
MySQL Cookbook: Solutions for Database Developers and Administrators,9781449374020,Paul DuBois,4.0,"November 1, 2002",Computer-Science,60,1,The plot twists kept me guessing until the end.
MySQL Cookbook: Solutions for Database Developers and Administrators,9781449374020,Paul DuBois,4.0,"November 1, 2002",Computer-Science,180,0,A quick and entertaining read.
The Explorer's Mindset: Unlock Health Happiness and Success the Fun Way,9781999875602,Francis Shenstone,4.0,"January 23, 2019",Personal-Development,253,0,This book really made me think about [a theme].
How We Learn : The New Science of Education and th,9780141989303,Stanislas Dehaene,4.0,"September 5, 2018",Computer-Science,217,0,The plot twists kept me guessing until the end.
"The Social Contract, a Discourse on the Origin of Inequality, and a Discourse on Political Economy",9781420926972,Jean-Jacques Rousseau,4.0,"January 1, 2006",Economics,196,0,I struggled to connect with the main character.
The Six Wives of Henry VIII,9780802136831,Alison Weir,2.0,"March 1, 1992",Personal-Development,108,0,The plot twists kept me guessing until the end.
Languages and Machines: An Introduction to the Theory of Computer Science (3rd Edition),9780321322210,Thomas A. Sudkamp,4.0,"January 1, 1988",Math,226,1,"Not what I expected, but in a good way!"
The Great Transformation: The Political and Economic Origins of Our Time,9780807056431,Karl Polanyi,,"January 1, 1944",Economics,29,1,I found the writing style to be quite beautiful.
Reading People: How Seeing the World through the Lens of Personality Changes Everything,9781493412280,Anne Bogel,4.0,"September 19, 2017",Personal-Development,146,0,The world-building in this fantasy novel is incredible.
"Nightbirds on Nantucket (The Wolves Chronicles, #3)",9780395971857,Joan Aiken,4.0,"January 1, 1966",Children,20,1,A quick and entertaining read.
If You Give a Pig a Pancake,9780064436632,"Laura Joffe Numeroff,Felicia Bond",3.0,"January 1, 1998",Math,327,0,The pacing felt a bit off in the middle.
The Holy Bible: Douay-Rheims Version,9781930278240,"Anonymous,Pope Leo XIII,William H. McClellan",5.0,"January 1, 1611",Personal-Development,390,1,The world-building in this fantasy novel is incredible.
"The Secret Life of Violet Grant (Schuyler Sisters, #1)",9780399162176,Beatriz Williams,4.0,"May 27, 2014",Computer-Science,58,0,The world-building in this fantasy novel is incredible.
How to Make the Right Decision Every Time: 10 Keys for Finding God's Direction,9781629980263,Karen Jensen Salisbury,5.0,"January 6, 2015",Personal-Development,13,0,A quick and entertaining read.
Skendleby (Ancient Gramarye #1),9781910053201,Nick   Brown,4.0,"October 16, 2013",Children,93,0,This book really made me think about [a theme].
The Wolves in the Walls,9780380810956,"Neil Gaiman,Dave McKean",4.0,"August 5, 2003",Comics,423,1,A thought-provoking and insightful book.
"The Color of Magic (Discworld, #1; Rincewind, #1)",9780060855925,Terry Pratchett,4.0,"December 1, 1983",Fantasy,172,1,I couldn't put it down!
"Love in the Afternoon (The Hathaways, #5)",9780312605391,Lisa Kleypas,4.0,"June 29, 2010",nonfiction,374,0,The world-building in this fantasy novel is incredible.
"Under One Roof (The STEMinist Novellas, #1)",9780593437810,Ali Hazelwood,4.0,"February 8, 2022",Technology,16,1,
"Under One Roof (The STEMinist Novellas, #1)",9780593437810,Ali Hazelwood,4.0,"February 8, 2022",Technology,117,1,The plot twists kept me guessing until the end.
"Under One Roof (The STEMinist Novellas, #1)",9780593437810,Ali Hazelwood,4.0,"February 8, 2022",Technology,208,1,I found the writing style to be quite beautiful.
"The Night Angel Trilogy (Night Angel, #1-3)",9781607513513,Brent Weeks,4.0,"October 1, 2009",Fantasy,446,1,Disappointing after all the hype.
The Introvert Advantage: How to Thrive in an Extrovert World,9780761123699,Marti Olsen Laney,,"February 1, 2002",Personal-Development,106,1,I found the writing style to be quite beautiful.
The Introvert Advantage: How to Thrive in an Extrovert World,9780761123699,Marti Olsen Laney,4.0,"February 1, 2002",Personal-Development,337,1,A captivating story with well-developed characters.
12 Rules for Life: An Antidote to Chaos,9780345816023,Jordan B. Peterson,4.0,"January 16, 2018",Personal-Development,186,1,"Not what I expected, but in a good way!"
Convergence Problems,9780756418830,Wole Talabi,4.0,"February 13, 2024",Technology,380,1,The pacing felt a bit off in the middle.
Go Pro - 7 Steps to Becoming a Network Marketing Professional,9780988667907,Eric Worre,,"April 29, 2013",Personal-Development,407,0,"Not what I expected, but in a good way!"
Yertle the Turtle and Gertrude McFuzz  ( Collins Colour Cubs Mini Format ),9780001960015,Dr. Seuss,4.0,"January 1, 1979",Children,419,0,The world-building in this fantasy novel is incredible.
The Ripple Effect: The Fate of Freshwater in the Twenty-First Century,9781416535461,Alex Prud’homme,4.0,"June 7, 2011",Computer-Science,486,1,
Sparks! (Sparks! #1),9781338029475,"Ian Boothby,Nina Matsumoto",4.0,"February 27, 2018",Children,4,0,The plot twists kept me guessing until the end.
"The Coroner's Lunch (Dr. Siri Paiboun, #1)",9781847240699,Colin Cotterill,4.0,"January 1, 2004",Cars,222,1,The ending left me wanting more.
The Travelling Cat Chronicles,9780735235243,"Hiro Arikawa,Philip Gabriel",,"November 1, 2012",studio-ghibli,294,0,Disappointing after all the hype.
A Line in the Sand  (Turtle Beach #2),9781728214832,Teri Wilson,4.0,"August 2, 2022",Math,7,0,The ending left me wanting more.
A Line in the Sand  (Turtle Beach #2),9781728214832,Teri Wilson,4.0,"August 2, 2022",Math,212,1,
"The Wisdom of Crowds: Why the Many Are Smarter Than the Few and How Collective Wisdom Shapes Business, Economies, Societies and Nations",9780385503860,James Surowiecki,4.0,"May 19, 2004",Computer-Science,432,1,This book really made me think about [a theme].
"Maus II: A Survivor's Tale: And Here My Troubles Began (Maus, #2)",9780679729778,Art Spiegelman,4.0,"January 1, 1991",Comics,344,1,The ending left me wanting more.
The Letters,9780553807417,"Luanne Rice,Joseph Monninger",3.0,"January 1, 2008",nonfiction,338,0,The plot twists kept me guessing until the end.
Reconstructing Amelia,9780062225436,Kimberly McCreight,4.0,"April 2, 2013",nonfiction,48,0,A thought-provoking and insightful book.
Managing Oneself (Harvard Business Review Classics),9781422123126,Peter F. Drucker,4.0,"December 1, 2007",Business,215,1,The plot twists kept me guessing until the end.
Managing Oneself (Harvard Business Review Classics),9781422123126,Peter F. Drucker,4.0,"December 1, 2007",Business,471,0,I would recommend this to fans of [genre].
Viola in Reel Life (Viola #1),9780061451027,Adriana Trigiani,4.0,"September 1, 2009",Children,73,1,A quick and entertaining read.
Viola in Reel Life (Viola #1),9780061451027,Adriana Trigiani,3.0,"September 1, 2009",Children,89,0,The ending left me wanting more.
This Changes Everything: Capitalism vs. The Climate,9781451697384,Naomi Klein,3.0,"September 16, 2014",Biology,78,0,I found the writing style to be quite beautiful.
This Changes Everything: Capitalism vs. The Climate,9781451697384,Naomi Klein,4.0,"September 16, 2014",Biology,242,1,I struggled to connect with the main character.
The Queen's Gambit,9781400030606,Walter Tevis,4.0,"February 5, 1983",Math,352,1,A classic for a reason. Highly enjoyable.
The Holotropic Mind: The Three Levels of Human Consciousness and How They Shape Our Lives,9780062506597,"Stanislav Grof,Hal Zina Bennett",4.0,"January 1, 1992",Personal-Development,148,1,I couldn't put it down!
"Sing, Unburied, Sing",9781501126093,Jesmyn Ward,4.0,"September 5, 2017",Children,405,1,A captivating story with well-developed characters.
"Sweet Topping (Cattle Valley, #3)",9781906328870,Carol Lynne,,"February 1, 2008",Cars,264,0,A thought-provoking and insightful book.
Mary Anning's Curiosity,9781554988983,"Monica Kulling,Melissa Castrillón",4.0,"May 1, 2017",Math,276,1,A thought-provoking and insightful book.
"The Emergence of Probability: A Philosophical Study of Early Ideas About Probability, Induction and Statistical Inference",9780521318037,Ian Hacking,,"August 31, 1984",Math,286,0,The pacing felt a bit off in the middle.
Adventures of the Ingenious Alfanhui,9781873982594,"Rafael Sánchez Ferlosio,Margaret Jull Costa",1.0,"August 1, 1951",Children,94,0,A thought-provoking and insightful book.
The Industries of the Future,9781476753652,Alec J. Ross,4.0,"February 2, 2016",Computer-Science,250,1,A quick and entertaining read.
"Lover Mine (Black Dagger Brotherhood, #8)",9780451229854,J.R. Ward,4.0,"April 27, 2010",Fantasy,153,1,This book really made me think about [a theme].
"Burning Up Flint (Cyborg Seduction, #1)",9781419926747,Laurann Dohner,4.0,"March 5, 2010",Biology,373,1,I would recommend this to fans of [genre].
"Burning Up Flint (Cyborg Seduction, #1)",9781419926747,Laurann Dohner,4.0,"March 5, 2010",Biology,405,0,This book really made me think about [a theme].
Set This House in Order,9780060954857,Matt Ruff,4.0,"February 4, 2003",Math,44,1,The pacing felt a bit off in the middle.
Set This House in Order,9780060954857,Matt Ruff,4.0,"February 4, 2003",Math,143,1,The pacing felt a bit off in the middle.
Set This House in Order,9780060954857,Matt Ruff,,"February 4, 2003",Math,427,0,The ending left me wanting more.
Mudbound,9781565125698,Hillary Jordan,,"March 4, 2008",Children,279,1,A quick and entertaining read.
Math Rashes and Other Classroom Tales,9780439339025,"Douglas Evans,Lawrence di Fiori",,"September 28, 2000",Math,320,0,This book really made me think about [a theme].
"Walden, And On The Duty Of Civil Disobedience: And The Thoreau Essay, Walking",9781535086462,Henry David Thoreau,4.0,"January 1, 1849",Personal-Development,360,1,The world-building in this fantasy novel is incredible.
The Healing Power Of EFT And Energy Psychology:  Tap into Your Body's Energy,9780749926793,"Donna Eden,David Feinstein",4.0,"January 1, 2005",Personal-Development,188,1,I struggled to connect with the main character.
Anno's Mysterious Multiplying Jar,9780399209512,"Mitsumasa Anno,Masaichiro Anno",4.0,"October 1, 1982",Math,407,0,"Not what I expected, but in a good way!"
"Don't Make Me Think, Revisited: A Common Sense Approach to Web Usability (Voices That Matter)",9780321965516,Steve Krug,1.0,"January 1, 2000",Computer-Science,200,0,I struggled to connect with the main character.
"Surely You're Joking, Mr. Feynman!: Adventures of a Curious Character",9780393316049,"Richard P. Feynman,Albert R. Hibbs,Ralph Leighton,Edward Hutchings",4.0,"January 1, 1985",Biology,188,1,This book really made me think about [a theme].
Tell Me About Oceans,9781665935593,"Lisa Varchol Perron,Jennifer  Falkner",5.0,"April 16, 2024",Math,121,0,
Paradigms Lost: Tackling the Unanswered Mysteries of Modern Science,9780380711659,John L. Casti,4.0,"January 1, 1989",Math,339,1,I found the writing style to be quite beautiful.
Paradigms Lost: Tackling the Unanswered Mysteries of Modern Science,9780380711659,John L. Casti,4.0,"January 1, 1989",Math,424,1,
Paradigms Lost: Tackling the Unanswered Mysteries of Modern Science,9780380711659,John L. Casti,2.0,"January 1, 1989",Math,459,0,The ending left me wanting more.
Mathematician's Delight,9780140130348,W.W. Sawyer,4.0,"June 30, 1943",Math,423,1,The world-building in this fantasy novel is incredible.
"Alien Embrace (Clans of Kalquor, #1)",9781603944595,Tracy St. John,4.0,"January 1, 2010",Biology,427,0,"Not what I expected, but in a good way!"
Oulipo: A Primer of Potential Literature,9781564781871,"Warren Motte,Italo Calvino,Harry Mathews",4.0,"January 1, 1986",Math,240,0,I struggled to connect with the main character.
Mathematical Statistics and Data Analysis (Available 2010 Titles Enhanced Web Assign),9781111793715,John A. Rice,4.0,"January 1, 1988",Computer-Science,308,1,I found the writing style to be quite beautiful.
Mathematical Statistics and Data Analysis (Available 2010 Titles Enhanced Web Assign),9781111793715,John A. Rice,1.0,"January 1, 1988",Computer-Science,374,0,
Get the Edge,9781118318546,Anthony Robbins,4.0,"January 1, 2000",Personal-Development,493,0,Disappointing after all the hype.
"Spiritual, but not Religious: Understanding Unchurched America",9780195146806,Robert C. Fuller,4.0,"January 1, 2001",Personal-Development,447,1,A thought-provoking and insightful book.
Radical Acceptance: Embracing Your Life With the Heart of a Buddha,9780553380996,Tara Brach,4.0,"October 1, 2000",Personal-Development,273,1,This book really made me think about [a theme].
Are You Fully Charged?: The 3 Keys to Energizing Your Work and Life,9781939714039,Tom Rath,,"March 10, 2015",Personal-Development,282,0,A quick and entertaining read.
Are You Fully Charged?: The 3 Keys to Energizing Your Work and Life,9781939714039,Tom Rath,4.0,"March 10, 2015",Personal-Development,424,0,The plot twists kept me guessing until the end.
"The Death Cure (The Maze Runner, #3)",9780385738774,James Dashner,4.0,"October 11, 2011",Children,166,0,The ending left me wanting more.
"The Death Cure (The Maze Runner, #3)",9780385738774,James Dashner,4.0,"October 11, 2011",Children,459,0,The plot twists kept me guessing until the end.
"Are You There, Vodka? It's Me, Chelsea",9780061173394,Chelsea Handler,4.0,"April 22, 2008",Personal-Development,15,1,A thought-provoking and insightful book.
Thinking In Systems: A Primer,9781603580557,"Donella H. Meadows,Diana Wright",4.0,"January 1, 2008",Computer-Science,92,0,A quick and entertaining read.
Thinking In Systems: A Primer,9781603580557,"Donella H. Meadows,Diana Wright",4.0,"January 1, 2008",Computer-Science,271,1,This book really made me think about [a theme].
"The Numbers Game: The Commonsense Guide to Understanding Numbers in the News, in Politics, and in Life",9781592404230,"Michael Blastland,Andrew Dilnot",4.0,"December 24, 2008",Math,256,1,The pacing felt a bit off in the middle.
Fundamentals of Biostatistics,9781305465510,Bernard Rosner,4.0,"January 1, 1982",Computer-Science,161,0,I would recommend this to fans of [genre].
Ask and It Is Given: Learning to Manifest Your Desires,9788190416948,"Esther Hicks,Jerry Hicks",,"September 1, 2004",Personal-Development,365,1,I would recommend this to fans of [genre].
Remembering Mrs. Rossi,9780763621636,"Amy Hest,Heather Maione",4.0,"January 9, 2007",Children,444,1,The plot twists kept me guessing until the end.
Blue Ocean Strategy: How to Create Uncontested Market Space and Make the Competition Irrelevant,9781591396192,"W. Chan Kim,Renée Mauborgne",4.0,"January 1, 2004",Business,383,1,I couldn't put it down!
Blue Ocean Strategy: How to Create Uncontested Market Space and Make the Competition Irrelevant,9781591396192,"W. Chan Kim,Renée Mauborgne",4.0,"January 1, 2004",Business,457,1,This book really made me think about [a theme].
Confidence of a Champion: Becoming Who You Were Created to Be by Letting Go of Lies from the Past,9780985802097,Tim Marks,4.0,"June 1, 2013",Personal-Development,296,1,"Not what I expected, but in a good way!"
"Deep Sleep (Devin Gray, #1)",9781542029902,Steven Konkoly,4.0,"February 1, 2022",Technology,317,1,"Not what I expected, but in a good way!"
"Bone, Vol. 1: Out from Boneville (Bone, #1)",9780439706407,Jeff Smith,4.0,"July 3, 1991",Comics,278,0,This book really made me think about [a theme].
Do What You Are : Discover the Perfect Career for You Through the Secrets of Personality Type,9780316880657,"Paul D. Tieger,Barbara Barron-Tieger",4.0,"August 3, 1992",Personal-Development,310,1,
The Owl Killers,9780440338888,Karen Maitland,4.0,"March 26, 2009",Personal-Development,162,0,The plot twists kept me guessing until the end.
Microservice Patterns,9781788474030,Chris Richardson,4.0,"January 1, 2017",Computer-Science,482,1,The world-building in this fantasy novel is incredible.
A Game of Life or Death,9780702322853,Triona  Campbell,4.0,"February 2, 2023",Computer-Science,410,1,This book really made me think about [a theme].
"An Indigenous Peoples' History of the United States (ReVisioning American History, #3)",9780807000403,Roxanne Dunbar-Ortiz,4.0,"September 16, 2014",Children,115,1,The world-building in this fantasy novel is incredible.
"An Indigenous Peoples' History of the United States (ReVisioning American History, #3)",9780807000403,Roxanne Dunbar-Ortiz,4.0,"September 16, 2014",Children,282,1,A quick and entertaining read.
"An Indigenous Peoples' History of the United States (ReVisioning American History, #3)",9780807000403,Roxanne Dunbar-Ortiz,4.0,"September 16, 2014",Children,399,0,
"First Grave on the Right (Charley Davidson, #1)",9780312662752,Darynda Jones,4.0,"February 1, 2011",Fantasy,12,1,The ending left me wanting more.
Perfect Madness: Motherhood in the Age of Anxiety,9781594481703,Judith Warner,4.0,"February 17, 2005",Personal-Development,302,0,A thought-provoking and insightful book.
Encounters with the Archdruid,9780374514310,"John McPhee,Betty Crumley",4.0,"January 1, 1971",Computer-Science,5,1,A quick and entertaining read.
Strengths Finder 2.0,9781595620156,Tom Rath,,"January 1, 2007",Business,440,1,A captivating story with well-developed characters.
"Dragonquest (Dragonriders of Pern, #2)",9780345276957,Anne McCaffrey,2.0,"May 1, 1971",Children,170,0,Disappointing after all the hype.
"Outer Order, Inner Calm: Declutter & Organize to Make More Room for Happiness",9781984822802,Gretchen Rubin,4.0,"March 5, 2019",Personal-Development,435,0,
The Ruby Way (Addison-Wesley Professional Ruby Series),9780672328848,Hal Fulton,1.0,"January 1, 2001",Computer-Science,275,0,Disappointing after all the hype.
The Lost Apothecary,9780778311010,Sarah Penner,4.0,"March 2, 2021",Math,364,0,A quick and entertaining read.
A Thirst for Home: A Story of Water across the World,9780802723086,"Christine Ieronimo,Eric Velásquez",,"May 6, 2014",Math,139,1,The pacing felt a bit off in the middle.
"Capitalism, Socialism and Democracy",9780415107624,Joseph A. Schumpeter,,"January 1, 1942",Economics,248,1,A quick and entertaining read.
"My Inner Sky: On Embracing Day, Night, and All the Times in Between",9780143135241,Mari Andrew,4.0,"March 2, 2021",Personal-Development,278,0,
Crypto: How the Code Rebels Beat the Government—Saving Privacy in the Digital Age,9780140244328,Steven Levy,4.0,"January 1, 2001",Computer-Science,4,1,The plot twists kept me guessing until the end.
"Making Promises (Promises, #2)",9781615814626,Amy Lane,4.0,"July 8, 2010",Cars,141,0,
"Making Promises (Promises, #2)",9781615814626,Amy Lane,4.0,"July 8, 2010",Cars,178,1,I found the writing style to be quite beautiful.
Ace Geometry in One Big Fat Notebook,9781523504374,Christy Needham,4.0,"September 1, 2020",Math,51,1,I would recommend this to fans of [genre].
"Lead (Stage Dive, #3)",9781250052384,Kylie Scott,4.0,"July 29, 2014",Children,281,1,
The Maths Handbook: Everyday Maths Made Simple,9780857385840,Richard Elwes,4.0,"January 1, 2011",Math,343,1,A quick and entertaining read.
The Groovy Greeks (Horrible Histories),9780590132473,Terry Deary,4.0,"January 1, 1996",Children,473,1,
The Lords of Discipline,9780553147162,Pat Conroy,,"January 1, 1980",Math,116,1,"Not what I expected, but in a good way!"
The Age of Surveillance Capitalism: The Fight for a Human Future at the New Frontier of Power,9781610395694,Shoshana Zuboff,4.0,"October 4, 2018",Computer-Science,50,0,The plot twists kept me guessing until the end.
"Mr. Mercedes (Bill Hodges Trilogy, #1)",9781476754451,Stephen        King,4.0,"June 3, 2014",nonfiction,182,1,Disappointing after all the hype.
Some Girls Do,9781741751222,Jennifer Dugan,4.0,"May 18, 2021",Cars,328,1,Disappointing after all the hype.
Citizen Soldiers: The US Army from the Normandy Beaches to the Bulge to the Surrender of Germany,9780684848013,Stephen E. Ambrose,4.0,"October 7, 1997",History,116,1,The pacing felt a bit off in the middle.
Perfect Escape,9780316185578,Jennifer  Brown,4.0,"July 10, 2012",Cars,455,0,A quick and entertaining read.
"Carry On, Warrior: Thoughts on Life Unarmed",9781451697247,Glennon Doyle,4.0,"April 2, 2013",Personal-Development,264,0,I would recommend this to fans of [genre].
"Mercy (Buchanan-Renard, #2)",9780743430333,Julie Garwood,4.0,"September 11, 2001",Computer-Science,28,1,I struggled to connect with the main character.
The Name of the Rose,9780156001311,"Umberto Eco,William Weaver",4.0,"September 1, 1980",Technology,63,1,The ending left me wanting more.
The Name of the Rose,9780156001311,"Umberto Eco,William Weaver",4.0,"September 1, 1980",Technology,164,0,I would recommend this to fans of [genre].
The Name of the Rose,9780156001311,"Umberto Eco,William Weaver",4.0,"September 1, 1980",Technology,437,0,The ending left me wanting more.
"Beastly (Beastly, #1)",9780060874162,Alex Flinn,4.0,"October 2, 2007",Children,427,0,I would recommend this to fans of [genre].
Adventures and Adversities (Tales of Taelis #1),9781490424439,Sarah Holman,4.0,"November 21, 2013",nonfiction,28,0,I would recommend this to fans of [genre].
Adventures and Adversities (Tales of Taelis #1),9781490424439,Sarah Holman,4.0,"November 21, 2013",nonfiction,65,0,"Not what I expected, but in a good way!"
"Full Dark, No Stars",9781508242888,Stephen        King,4.0,"January 1, 2011",Math,69,1,A thought-provoking and insightful book.
Spontaneous,9780195179644,Aaron Starmer,3.0,"August 23, 2016",Cars,273,1,A captivating story with well-developed characters.
Until the End of Time,9781524734305,Brian Greene,,"February 18, 2020",Math,401,0,I would recommend this to fans of [genre].
"Postmortem (Kay Scarpetta, #1)",9780743477154,"Patricia Daniels Cornwell,Patricia Cornwell",4.0,"January 9, 1990",Math,175,0,A captivating story with well-developed characters.
Ada Byron Lovelace & the Thinking Machine,9781939547200,"Laurie Wallmark,April Chu",4.0,"October 13, 2015",Math,214,0,A classic for a reason. Highly enjoyable.
"The Empress' New Clothes (Trek Mi Q'an, #1)",9780972437707,Jaid Black,,"January 1, 2000",Biology,353,0,The plot twists kept me guessing until the end.
Oh the Glory of it All,9780143036913,Sean Wilsey,4.0,"May 19, 2005",Children,310,1,A classic for a reason. Highly enjoyable.
The One Minute Manager,9780007107926,"Ken Blanchard,Spencer Johnson",4.0,"January 1, 1981",Personal-Development,407,1,I would recommend this to fans of [genre].
"Pretty Deadly, Vol. 1: The Shrike",9781607069621,"Kelly Sue DeConnick,Emma Ríos",4.0,"April 30, 2014",Comics,411,1,A thought-provoking and insightful book.
Search and Destroy (Tom Rollins Thriller #10),9781837562572,Paul Heatley,4.0,"September 27, 2023",Technology,478,1,The ending left me wanting more.
Why Does He Do That? Inside the Minds of Angry and Controlling Men,9780425191651,Lundy Bancroft,3.0,"September 30, 2002",Business,261,0,The plot twists kept me guessing until the end.
"The Greatest Salesman in the World, Part II: The End of the Story",9780553276992,Og Mandino,4.0,"January 1, 1968",Personal-Development,130,1,I found the writing style to be quite beautiful.
Pigs Go to Market: Halloween Fun with Math and Shopping (Pigs Will Be Pigs),9780689810695,Amy Axelrod,,"January 1, 1997",Math,497,1,I found the writing style to be quite beautiful.
"Me Before You (Me Before You, #1)",9780992961244,Jojo Moyes,4.0,"December 31, 2012",nonfiction,137,0,
"Me Before You (Me Before You, #1)",9780992961244,Jojo Moyes,4.0,"December 31, 2012",nonfiction,438,1,I couldn't put it down!
Flu: The Story of the Great Influenza Pandemic of 1918 and the Search for the Virus That Caused It,9780374157067,Gina Kolata,4.0,"January 1, 1999",Computer-Science,149,0,
The Womanly Art of Breastfeeding,9780452285804,La Leche League International,,"September 1, 1958",Personal-Development,239,1,I couldn't put it down!
Kingdom Principles: Preparing for Kingdom Experience and Expansion (Understanding the Kingdom),9780768423730,Myles Munroe,5.0,"September 1, 2006",Personal-Development,63,0,A classic for a reason. Highly enjoyable.
The Story of English,9780142002315,"Robert McCrum,Robert MacNeil,William Cran",4.0,"January 1, 1986",Technology,164,1,This book really made me think about [a theme].
The Story of English,9780142002315,"Robert McCrum,Robert MacNeil,William Cran",4.0,"January 1, 1986",Technology,299,1,This book really made me think about [a theme].
Beautiful Me,9781452513898,Natasha Jennings,4.0,"May 29, 2014",Children,430,0,The world-building in this fantasy novel is incredible.
"Eight Cousins (Eight Cousins, #1)",9780486455594,Louisa May Alcott,4.0,"January 1, 1874",Children,322,1,A quick and entertaining read.
The Great Physicists from Galileo to Einstein (Biography of Physics),9780486136813,George Gamow,,"January 1, 1959",Math,283,0,
The Great Physicists from Galileo to Einstein (Biography of Physics),9780486136813,George Gamow,4.0,"January 1, 1959",Math,493,1,I struggled to connect with the main character.
Probability Theory: The Logic of Science,9780521592710,"E.T. Jaynes,G. Larry Bretthorst",4.0,"June 9, 2003",Computer-Science,294,1,A thought-provoking and insightful book.
Physics of the Future: How Science Will Shape Human Destiny and Our Daily Lives by the Year 2100,9780385530804,Michio Kaku,4.0,"March 15, 2011",Math,269,1,The plot twists kept me guessing until the end.
Cross-Country Cat,9780688065195,"Mary Calhoun,Erick Ingraham",4.0,"March 1, 1979",Children,213,1,A quick and entertaining read.
Cross-Country Cat,9780688065195,"Mary Calhoun,Erick Ingraham",4.0,"March 1, 1979",Children,391,0,I found the writing style to be quite beautiful.
"Being You, Changing the World",9780984508815,Dain Heer,4.0,"June 1, 2011",Personal-Development,339,1,
"Being You, Changing the World",9780984508815,Dain Heer,4.0,"June 1, 2011",Personal-Development,362,0,I would recommend this to fans of [genre].
Python for Kids: A Playful Introduction to Programming,9781593274078,Jason R. Briggs,,"March 28, 2012",Computer-Science,168,0,I couldn't put it down!
"Sailor Moon, Vol. 1 (Sailor Moon, #1)",9781892213013,Naoko Takeuchi,,"July 6, 1992",studio-ghibli,238,1,The world-building in this fantasy novel is incredible.
The Laws of Human Nature,9780698184541,Robert Greene,4.0,"October 23, 2018",Personal-Development,249,1,
"The Phoenix Project: A Novel About IT, DevOps, and Helping Your Business Win",9780988262591,"Gene Kim,Kevin Behr,George Spafford",,"January 10, 2013",Computer-Science,41,1,I would recommend this to fans of [genre].
"The Phoenix Project: A Novel About IT, DevOps, and Helping Your Business Win",9780988262591,"Gene Kim,Kevin Behr,George Spafford",4.0,"January 10, 2013",Computer-Science,89,1,The world-building in this fantasy novel is incredible.
ANSI Common Lisp,9780133708752,Paul    Graham,4.0,"January 1, 1996",Computer-Science,10,1,The ending left me wanting more.
The Last Flight of the Scarlet Macaw: One Woman's Fight to Save the World's Most Beautiful Bird,9781400062935,Bruce Barcott,4.0,"January 1, 2008",Biology,447,1,I couldn't put it down!
The Old Man and the Sea,9780684830490,Ernest Hemingway,4.0,"September 1, 1952",Personal-Development,7,0,The plot twists kept me guessing until the end.
Bear Stays Up for Christmas (Bear Books),9780689852787,"Karma Wilson,Jane Chapman",4.0,"January 1, 2004",Math,365,0,
The Siren,9781440154232,Kiera Cass,4.0,"July 1, 2009",nonfiction,8,0,The pacing felt a bit off in the middle.
The Cat of Yule Cottage,9781473648333,Lili Hayward,4.0,"November 3, 2016",Children,18,0,The ending left me wanting more.
Enchantress of Numbers,9781101985229,Jennifer Chiaverini,4.0,"December 5, 2017",Math,195,1,Disappointing after all the hype.
Thinking and Deciding,9780521680431,Jonathan Baron,4.0,"September 1, 1988",Economics,301,0,I struggled to connect with the main character.
On Destiny,9781943858576,Aileen Erin,4.0,"July 19, 2022",Children,207,0,A classic for a reason. Highly enjoyable.
On Destiny,9781943858576,Aileen Erin,4.0,"July 19, 2022",Children,219,1,This book really made me think about [a theme].
The Sleeper and the Spindle,9781408859643,"Neil Gaiman,Chris Riddell",4.0,"October 22, 2013",Comics,183,1,I couldn't put it down!
The Sleeper and the Spindle,9781408859643,"Neil Gaiman,Chris Riddell",4.0,"October 22, 2013",Comics,324,0,
God and the New Physics,9780671476885,Paul C.W. Davies,4.0,"January 1, 1983",Computer-Science,481,1,The pacing felt a bit off in the middle.
"Schaum's Outline: Probability and Statistics, Second Edition",9780071350044,"Murray R. Spiegel,R. Alu Srinivasan,John  Schiller",4.0,"March 22, 1975",Math,391,0,The ending left me wanting more.
"Nevermore (Cal Leandros, #10)",9780451473400,Rob Thurman,4.0,"December 1, 2015",nonfiction,359,1,The pacing felt a bit off in the middle.
Debunking Economics: The Naked Emperor Dethroned?,9781848139923,Steve Keen,4.0,"January 1, 2001",Economics,12,0,The ending left me wanting more.
Debunking Economics: The Naked Emperor Dethroned?,9781848139923,Steve Keen,4.0,"January 1, 2001",Economics,181,0,A classic for a reason. Highly enjoyable.
Nursery Earth: The Wondrous Lives of Baby Animals and the Extraordinary Ways They Shape Our World,9781615199327,Danna Staaf,4.0,"June 6, 2023",Math,173,1,I struggled to connect with the main character.
George and the Dragon (The Knights of the Sky Saga),9781493504695,Philip Tolhurst,4.0,"April 20, 2014",Children,35,1,
Destiny of Souls: New Case Studies of Life Between Lives,9781567184990,Michael   Newton,4.0,"May 8, 2000",Personal-Development,386,1,The plot twists kept me guessing until the end.
Journey through Genius: The Great Theorems of Mathematics,9780140147391,William Dunham,4.0,"January 1, 1990",Math,237,1,I struggled to connect with the main character.
Journey through Genius: The Great Theorems of Mathematics,9780140147391,William Dunham,4.0,"January 1, 1990",Math,435,0,I would recommend this to fans of [genre].
"Before They Are Hanged (The First Law, #2)",9780575077881,Joe Abercrombie,4.0,"March 15, 2007",Fantasy,487,0,I found the writing style to be quite beautiful.
Sex & Violence,9781782432968,Carrie Mesrobian,4.0,"August 13, 2013",Children,10,1,I would recommend this to fans of [genre].
Sex & Violence,9781782432968,Carrie Mesrobian,4.0,"August 13, 2013",Children,265,1,Disappointing after all the hype.
Silverwing (Silverwing #1),9780006481799,"Kenneth Oppel,David Frankland",4.0,"October 1, 1997",Children,255,1,I struggled to connect with the main character.
"Keeping Promise Rock (Promises, #1)",9781615813476,Amy Lane,,"January 17, 2010",Cars,302,1,The plot twists kept me guessing until the end.
"Keeping Promise Rock (Promises, #1)",9781615813476,Amy Lane,,"January 17, 2010",Cars,341,1,I would recommend this to fans of [genre].
Dataclysm: Who We Are (When We Think No One's Looking),9780385347372,Christian Rudder,4.0,"September 9, 2014",Computer-Science,433,0,I found the writing style to be quite beautiful.
The Truth About Alice,9781596439108,Jennifer Mathieu,4.0,"June 3, 2014",Cars,63,1,I would recommend this to fans of [genre].
Data Science at the Command Line: Facing the Future with Time-Tested Tools,9781491947852,Jeroen Janssens,4.0,"June 1, 2014",Computer-Science,499,1,
"I'll Ask You Three Times, Are You OK?: Tales of Driving and Being Driven",9780060853921,Naomi Shihab Nye,4.0,"September 1, 2007",Cars,199,0,"Not what I expected, but in a good way!"
"Crossroads (Crossroads, #1)",9781788310079,Riley Hart,4.0,"July 22, 2015",Cars,184,1,
"Tokyo Ghoul, Vol. 1 (Tokyo Ghoul, #1)",9781421580364,"Sui Ishida,Joe Yamazaki",,"February 17, 2012",studio-ghibli,441,0,"Not what I expected, but in a good way!"
Biscuit Goes to School,9780064436168,"Alyssa Satin Capucilli,Pat Schories",4.0,"January 1, 2002",Math,111,1,The pacing felt a bit off in the middle.
Biscuit Goes to School,9780064436168,"Alyssa Satin Capucilli,Pat Schories",4.0,"January 1, 2002",Math,422,0,I would recommend this to fans of [genre].
"Emily Windsnap and the Castle in the Mist (Emily Windsnap, #3)",9780763633301,"Liz Kessler,Sarah Gibb",4.0,"September 21, 2006",Children,154,0,The pacing felt a bit off in the middle.
I Don't Want a Cool Cat!,9780316036740,Emma Dodd,4.0,"January 22, 2009",Cars,181,1,A thought-provoking and insightful book.
I Don't Want a Cool Cat!,9780316036740,Emma Dodd,,"January 22, 2009",Cars,303,0,I would recommend this to fans of [genre].
"Tokyo Mew Mew A La Mode, Vol. 01 (Tokyo Mew Mew A La Mode, #1)",9781595327895,Mia Ikumi,4.0,"January 1, 2005",Children,79,1,I couldn't put it down!
Town & Country,9780152001827,"Martin Provensen,Alice Provensen",4.0,"May 14, 1984",Children,487,1,I would recommend this to fans of [genre].
"The Girl with Ghost Eyes (The Daoshi Chronicles, #1)",9781940456669,M.H. Boroson,,"November 3, 2015",studio-ghibli,239,0,The world-building in this fantasy novel is incredible.
Adulting: How to Become a Grown-up in 468 Easy(ish) Steps,9781455516902,Kelly Williams Brown,4.0,"May 7, 2013",Personal-Development,265,1,"Not what I expected, but in a good way!"
Adulting: How to Become a Grown-up in 468 Easy(ish) Steps,9781455516902,Kelly Williams Brown,,"May 7, 2013",Personal-Development,415,1,This book really made me think about [a theme].
"Eats, Shoots & Leaves: The Zero Tolerance Approach to Punctuation",9781592402038,Lynne Truss,4.0,"January 2, 2003",Children,275,0,A captivating story with well-developed characters.
The 5 Elements of Effective Thinking,9780691156668,"Edward B. Burger,Michael Starbird",4.0,"August 26, 2012",Personal-Development,147,1,The ending left me wanting more.
The 5 Elements of Effective Thinking,9780691156668,"Edward B. Burger,Michael Starbird",4.0,"August 26, 2012",Personal-Development,173,1,A classic for a reason. Highly enjoyable.
The 5 Elements of Effective Thinking,9780691156668,"Edward B. Burger,Michael Starbird",3.0,"August 26, 2012",Personal-Development,345,0,A captivating story with well-developed characters.
"Rowan and the Keeper of the Crystal (Rowan of Rin, #3)",9780060560737,Emily Rodda,4.0,"January 1, 1996",Children,239,1,The ending left me wanting more.
"Rowan and the Keeper of the Crystal (Rowan of Rin, #3)",9780060560737,Emily Rodda,4.0,"January 1, 1996",Children,420,0,The pacing felt a bit off in the middle.
Women In Sports: 50 Fearless Athletes Who Played to Win,9781607749783,Rachel Ignotofsky,2.0,"July 18, 2017",Personal-Development,268,0,The pacing felt a bit off in the middle.
Maximum Achievement: Strategies and Skills That Will Unlock Your Hidden Powers to Succeed,9780684803319,Brian Tracy,4.0,"May 19, 1995",Personal-Development,291,1,The pacing felt a bit off in the middle.
Release It!: Design and Deploy Production-Ready Software (Pragmatic Programmers),9780978739218,Michael T. Nygard,4.0,"March 30, 2007",Computer-Science,361,1,"Not what I expected, but in a good way!"
Mentor Me: GA=T+E—A Formula to Fulfill Your Greatest Achievement,9781457527722,Ken Poirot,4.0,"May 2, 2014",Business,339,1,I couldn't put it down!
The Mouse and The Motorcycle,9780440760757,Beverly Cleary,4.0,"January 1, 1965",Children,368,1,A quick and entertaining read.
Structured Computer Organization,9780130959904,Andrew S. Tanenbaum,4.0,"January 1, 1976",Computer-Science,335,0,A quick and entertaining read.
Blockchain Bubble or Revolution: The Present and Future of Blockchain and Cryptocurrencies,9780578528151,"Neel Mehta,Aditya Agashe,Parth Detroja",4.0,"January 1, 2019",Math,234,1,Disappointing after all the hype.
The First Time I Fell (Garnet McGee #2),9780639810973,Jo Macgregor,4.0,"August 14, 2019",Math,462,0,
Get Well Soon: History's Worst Plagues and the Heroes Who Fought Them,9781627797467,Jennifer   Wright,4.0,"February 7, 2017",Computer-Science,258,1,I struggled to connect with the main character.
Batman: Noël,9781401232139,Lee Bermejo,4.0,"November 2, 2011",Comics,376,1,A thought-provoking and insightful book.
What the Most Successful People Do Before Breakfast: A Short Guide to Making Over Your Mornings--and Life,9781591845768,Laura Vanderkam,,"June 12, 2012",Personal-Development,66,0,I couldn't put it down!
Ground Truth: A Geological Survey of a Life,9781732610323,Ruby McConnell,4.0,"April 14, 2020",Computer-Science,279,1,The plot twists kept me guessing until the end.
"Seven-Day Magic (Tales of Magic, #7)",9780152020798,"Edward Eager,N.M. Bodecker",4.0,"January 1, 1962",Children,126,0,The ending left me wanting more.
Letter from the Birmingham Jail,9780062509550,Martin Luther King Jr.,5.0,"April 16, 1963",Economics,346,1,"Not what I expected, but in a good way!"
Zodiac,9780425098080,Robert Graysmith,4.0,"January 1, 1986",History,109,1,A classic for a reason. Highly enjoyable.
"Wild Card (Elite Ops, #1)",9780312945794,Lora Leigh,4.0,"January 1, 2008",Children,334,1,I couldn't put it down!
Together Is Better: A Little Book of Inspiration,9781591847854,Simon Sinek,4.0,"April 12, 2016",Personal-Development,384,0,I struggled to connect with the main character.
Bird Sense: What It's Like to Be a Bird,9780802779663,Tim Birkhead,4.0,"April 24, 2012",Biology,48,1,
Bird Sense: What It's Like to Be a Bird,9780802779663,Tim Birkhead,1.0,"April 24, 2012",Biology,484,0,The ending left me wanting more.
The Art of Statistics: Learning from Data,9780241258767,David Spiegelhalter,3.0,"March 28, 2019",Computer-Science,421,0,Disappointing after all the hype.
American Wolf: A True Story of Survival and Obsession in the West,9781101902783,Nate Blakeslee,4.0,"October 17, 2017",Biology,346,0,This book really made me think about [a theme].
American Wolf: A True Story of Survival and Obsession in the West,9781101902783,Nate Blakeslee,,"October 17, 2017",Biology,403,1,"Not what I expected, but in a good way!"
Out of the Dust,9780439771276,Karen Hesse,4.0,"January 1, 1997",Children,411,1,I struggled to connect with the main character.
"Umineko WHEN THEY CRY Episode 6: Dawn of the Golden Witch, Vol. 3",9780316345903,Ryukishi07,4.0,"April 21, 2012",nonfiction,156,1,"Not what I expected, but in a good way!"
"Princess Jellyfish 2-in-1 Omnibus, Vol. 1 (Princess Jellyfish 2-in-1 Omnibus, #1)",9781632362285,Akiko Higashimura,,"March 22, 2016",studio-ghibli,142,1,The ending left me wanting more.
"Princess Jellyfish 2-in-1 Omnibus, Vol. 1 (Princess Jellyfish 2-in-1 Omnibus, #1)",9781632362285,Akiko Higashimura,4.0,"March 22, 2016",studio-ghibli,332,1,The world-building in this fantasy novel is incredible.
Moses the Kitten,9780312064198,"James Herriot,Peter Barrett",4.0,"August 1, 1984",Children,257,1,The ending left me wanting more.
Moses the Kitten,9780312064198,"James Herriot,Peter Barrett",,"August 1, 1984",Children,500,0,A captivating story with well-developed characters.
Mummy Math: An Adventure in Geometry,9780805075052,"Cindy Neuschwander,Bryan Langdo",4.0,"April 1, 2005",Math,439,1,
"Code Name Verity (Code Name Verity, #1)",9781405258210,Elizabeth Wein,4.0,"February 6, 2012",Technology,197,1,A classic for a reason. Highly enjoyable.
Journeys Out of the Body: The Classic Work on Out-Of-Body Experience,9780385008617,Robert A. Monroe,4.0,"January 1, 1971",Personal-Development,138,1,I struggled to connect with the main character.
The First Dog,9780152019679,Jan Brett,4.0,"January 1, 1988",Children,394,1,A captivating story with well-developed characters.
The Ten Trusts: What We Must Do to Care for The Animals We Love,9780060556112,"Jane Goodall,Marc Bekoff",1.0,"October 8, 2002",Math,344,0,The world-building in this fantasy novel is incredible.
The History of Counting,9780688141189,"Denise Schmandt-Besserat,Michael Hays",,"August 25, 1999",Math,6,1,A thought-provoking and insightful book.
The History of Counting,9780688141189,"Denise Schmandt-Besserat,Michael Hays",,"August 25, 1999",Math,121,1,The ending left me wanting more.
"The Science of Herself (PM's Outspoken Authors, #12)",9781604868258,Karen Joy Fowler,4.0,"November 1, 2013",Computer-Science,102,0,I would recommend this to fans of [genre].
"The Science of Herself (PM's Outspoken Authors, #12)",9781604868258,Karen Joy Fowler,,"November 1, 2013",Computer-Science,211,0,I would recommend this to fans of [genre].
"The Great Derangement: A Terrifying True Story of War, Politics, and Religion",9780385520621,Matt Taibbi,,"May 6, 2008",Personal-Development,102,0,This book really made me think about [a theme].
"The Great Derangement: A Terrifying True Story of War, Politics, and Religion",9780385520621,Matt Taibbi,,"May 6, 2008",Personal-Development,112,0,This book really made me think about [a theme].
"The Great Derangement: A Terrifying True Story of War, Politics, and Religion",9780385520621,Matt Taibbi,4.0,"May 6, 2008",Personal-Development,362,0,The ending left me wanting more.
"The Great Derangement: A Terrifying True Story of War, Politics, and Religion",9780385520621,Matt Taibbi,,"May 6, 2008",Personal-Development,434,0,I couldn't put it down!
Models: Attract Women Through Honesty,9781463750350,Mark Manson,4.0,"July 1, 2011",Personal-Development,84,1,Disappointing after all the hype.
Lean Enterprise: How High Performance Organizations Innovate at Scale,9781449368425,"Jez Humble,Joanne Molesky,Barry O&apos;Reilly",4.0,"January 22, 2014",Computer-Science,63,0,The ending left me wanting more.
Lean Enterprise: How High Performance Organizations Innovate at Scale,9781449368425,"Jez Humble,Joanne Molesky,Barry O&apos;Reilly",4.0,"January 22, 2014",Computer-Science,435,0,
Pie Squared: Irresistibly Easy Sweet & Savory Slab Pies,9781538729144,Cathy  Barrow,4.0,"January 1, 2018",Math,227,0,The plot twists kept me guessing until the end.
The Inventors at No. 8,9780316471497,A.M. Morgen,2.0,"May 8, 2018",Children,204,0,The world-building in this fantasy novel is incredible.
The Inventors at No. 8,9780316471497,A.M. Morgen,1.0,"May 8, 2018",Children,286,0,I would recommend this to fans of [genre].
The Power of Dao: A Timeless Guide to Happiness and Harmony,9781945390241,Lou Marinoff,4.0,"November 15, 2011",Business,329,1,A quick and entertaining read.
The Smithsonian Book of Books,9780895990303,Michael Olmert,4.0,"January 1, 1992",Technology,110,1,A quick and entertaining read.
"The Coming Wave: Technology, Power, and the Twenty-first Century's Greatest Dilemma",9780593593950,"Mustafa Suleyman,Michael Bhaskar",4.0,"September 5, 2023",Artificial-Intelligence,36,0,This book really made me think about [a theme].
"Breaking Dawn (The Twilight Saga, #4)",9780316067928,Stephenie Meyer,4.0,"August 2, 2008",Fantasy,371,1,"Not what I expected, but in a good way!"
Racing for the Sun,9781623806484,Amy Lane,4.0,"April 25, 2013",Cars,332,1,"Not what I expected, but in a good way!"
The Little Book of Hygge: The Danish Way to Live Well,9780241283912,Meik Wiking,4.0,"September 1, 2016",Personal-Development,359,1,
The Dance of Anger: A Woman's Guide to Changing the Patterns of Intimate Relationships,9780060741044,Harriet Lerner,4.0,"January 1, 1985",Personal-Development,57,0,"Not what I expected, but in a good way!"
The Dance of Anger: A Woman's Guide to Changing the Patterns of Intimate Relationships,9780060741044,Harriet Lerner,,"January 1, 1985",Personal-Development,152,0,
The Power of Discipline: How to Use Self Control and Mental Toughness to Achieve Your Goals by Daniel Walter,9781989588345,Daniel Walter,4.0,"April 4, 2020",Personal-Development,272,0,Disappointing after all the hype.
"100 Bullets, Vol. 1: First Shot, Last Call",9781563896453,Brian Azzarello,4.0,"December 1, 1999",Comics,457,1,A classic for a reason. Highly enjoyable.
Breaking the Line: The Season in Black College Football That Transformed the Sport and Changed the Course of Civil Rights,9781439189788,Samuel G. Freedman,4.0,"January 1, 2009",Math,13,1,The ending left me wanting more.
Breaking the Line: The Season in Black College Football That Transformed the Sport and Changed the Course of Civil Rights,9781439189788,Samuel G. Freedman,4.0,"January 1, 2009",Math,15,1,Disappointing after all the hype.
Finish: Give Yourself the Gift of Done,9780698184800,Jon Acuff,4.0,"September 12, 2017",Personal-Development,353,1,A classic for a reason. Highly enjoyable.
"The Art of Computer Programming, Volume 2: Seminumerical Algorithms",9780201896848,Donald Ervin Knuth,4.0,"January 1, 1969",Computer-Science,256,1,The ending left me wanting more.
"The Art of Computer Programming, Volume 2: Seminumerical Algorithms",9780201896848,Donald Ervin Knuth,4.0,"January 1, 1969",Computer-Science,320,1,The plot twists kept me guessing until the end.
The Undoing Project: A Friendship That Changed Our Minds,9780393354775,Michael   Lewis,4.0,"December 6, 2016",Personal-Development,289,1,I would recommend this to fans of [genre].
The Princesses of Iowa,9780763653125,M. Molly Backes,4.0,"May 8, 2012",Cars,110,0,Disappointing after all the hype.
David and Goliath,9781846145810,Malcolm Gladwell,,"October 1, 2013",Personal-Development,221,0,The plot twists kept me guessing until the end.
The Mathematical Tourist: New & Updated Snapshots of Modern Mathematics,9780805071597,Ivars Peterson,4.0,"January 1, 1988",Math,50,1,A classic for a reason. Highly enjoyable.
"The Tale of the Flopsy Bunnies (World of Beatrix Potter, #14)",9780723247791,Beatrix Potter,,"January 1, 1909",Children,80,0,A quick and entertaining read.
The Mastery of Love: A Practical Guide to the Art of Relationship: A Toltec Wisdom Book,9781878424440,Miguel Ruiz,4.0,"January 1, 1999",Personal-Development,218,0,A captivating story with well-developed characters.
Daniel Boone,9780670255900,James Daugherty,4.0,"January 1, 1939",Children,283,1,The plot twists kept me guessing until the end.
"Nausicaä of the Valley of the Wind, Vol. 1",9781591164081,Hayao Miyazaki,4.0,"January 1, 1982",studio-ghibli,55,0,A classic for a reason. Highly enjoyable.
Fundamentals of Database Systems,9780133970777,"Ramez Elmasri,Shamkant Navathe",,"January 1, 1989",Computer-Science,387,0,A captivating story with well-developed characters.
The Living Medicine: How a Lifesaving Cure Was Nearly Lost―and Why It Will Rescue Us When Antibiotics Fail,9781250283382,Lina Zeldovich,4.0,"October 22, 2024",Math,303,1,The world-building in this fantasy novel is incredible.
First Bite: How We Learn to Eat,9780465064984,Bee Wilson,,"December 1, 2015",Computer-Science,188,1,The world-building in this fantasy novel is incredible.
Go Set a Watchman,9780062409850,Harper Lee,3.0,"July 14, 2015",Children,72,0,"Not what I expected, but in a good way!"
Go Set a Watchman,9780062409850,Harper Lee,3.0,"July 14, 2015",Children,446,1,"Not what I expected, but in a good way!"
"Neverwhere (London Below, #1)",9780060557812,Neil Gaiman,4.0,"September 16, 1996",Comics,78,1,Disappointing after all the hype.
In Harm's Way: The Sinking of the USS Indianapolis and the Extraordinary Story of Its Survivors,9780805073669,Doug Stanton,4.0,"January 1, 2001",nonfiction,336,0,A thought-provoking and insightful book.
If You Give a Pig a Party,9780060283261,"Laura Joffe Numeroff,Felicia Bond",4.0,"January 1, 2005",Children,186,1,A quick and entertaining read.
If You Give a Pig a Party,9780060283261,"Laura Joffe Numeroff,Felicia Bond",4.0,"January 1, 2005",Children,317,1,A thought-provoking and insightful book.
"For Whom The Bell Tolls  (The Dracula Chronicles, #1) (Vlad Dracula, #1)",9780955670138,Shane K.P. O&apos;Neill,4.0,"November 10, 2013",Children,84,0,I couldn't put it down!
"For Whom The Bell Tolls  (The Dracula Chronicles, #1) (Vlad Dracula, #1)",9780955670138,Shane K.P. O&apos;Neill,,"November 10, 2013",Children,282,0,A classic for a reason. Highly enjoyable.
Travels with Charley: In Search of America,9780142000700,John Steinbeck,,"January 1, 1961",Personal-Development,363,1,
The Book on the Bookshelf,9780375706394,Henry Petroski,4.0,"September 14, 1999",Technology,324,1,A quick and entertaining read.
The Book on the Bookshelf,9780375706394,Henry Petroski,4.0,"September 14, 1999",Technology,378,1,"Not what I expected, but in a good way!"
Timeboxing: The Power of Doing One Thing at a Time,9781250340153,Marc Zao-Sanders,2.0,"March 19, 2024",Personal-Development,340,0,I would recommend this to fans of [genre].
Timeboxing: The Power of Doing One Thing at a Time,9781250340153,Marc Zao-Sanders,,"March 19, 2024",Personal-Development,481,1,I struggled to connect with the main character.
Green Eggs and Ham,9780394800165,Dr. Seuss,4.0,"August 12, 1960",Fantasy,385,1,Disappointing after all the hype.
Green Eggs and Ham,9780394800165,Dr. Seuss,4.0,"August 12, 1960",Fantasy,461,0,"Not what I expected, but in a good way!"
Green Eggs and Ham,9780394800165,Dr. Seuss,2.0,"August 12, 1960",Fantasy,484,0,A quick and entertaining read.
"Pluto (Wonder, #1.6)",9780553499094,R.J. Palacio,1.0,"February 5, 2015",Cars,202,0,I struggled to connect with the main character.
"Pluto (Wonder, #1.6)",9780553499094,R.J. Palacio,4.0,"February 5, 2015",Cars,212,1,The plot twists kept me guessing until the end.
The Sense of Wonder,9780067575208,"Rachel Carson,Nick Kelsh,Charles Pratt,Linda Lear",,"January 1, 1965",Computer-Science,130,0,A quick and entertaining read.
Sparks Like Stars,9780063008304,Nadia Hashimi,4.0,"March 2, 2021",Math,189,0,
The Confidence Code: The Science and Art of Self-Assurance – What Women Should Know,9780062230645,"Katty Kay,Claire Shipman",4.0,"April 15, 2014",Business,385,1,I would recommend this to fans of [genre].
One Wild Bird At A Time: Portraits of Individual Lives,9780544387638,Bernd Heinrich,4.0,"April 12, 2016",Biology,27,0,A quick and entertaining read.
Marvels,9780785100492,"Kurt Busiek,Alex Ross",4.0,"January 1, 1993",Comics,113,1,
Force of Law,9781603709163,Jez Morrow,4.0,"January 1, 2010",Cars,259,0,A quick and entertaining read.
"The Four Tendencies: The Indispensable Personality Profiles That Reveal How to Make Your Life Better (and Other People's Lives Better, Too)",9780525496281,Gretchen Rubin,4.0,"September 7, 2017",Personal-Development,457,0,The pacing felt a bit off in the middle.
"Good Morning, Midnight",9780812998900,Lily Brooks-Dalton,4.0,"August 9, 2016",Children,275,1,Disappointing after all the hype.
Through the Woods,9781442465954,Emily Carroll,,"July 1, 2014",Comics,15,0,A captivating story with well-developed characters.
"Patient H.M.: A Story of Memory, Madness, and Family Secrets",9780147523020,"Luke Dittrich,George Newbern",4.0,"April 7, 2016",Math,106,0,This book really made me think about [a theme].
Factfulness: Ten Reasons We're Wrong About the World – and Why Things Are Better Than You Think,9781473637467,"Hans Rosling,Ola Rosling,Anna Rosling Rönnlund",4.0,"April 3, 2018",Personal-Development,164,0,The ending left me wanting more.
"Borne (Borne, #1)",9780374115241,Jeff VanderMeer,4.0,"April 25, 2017",Children,317,1,The pacing felt a bit off in the middle.
"Borne (Borne, #1)",9780374115241,Jeff VanderMeer,4.0,"April 25, 2017",Children,360,0,I struggled to connect with the main character.
"Borne (Borne, #1)",9780374115241,Jeff VanderMeer,4.0,"April 25, 2017",Children,461,0,I struggled to connect with the main character.
"The Girl with No Face (The Daoshi Chronicles, #2)",9781945863097,M.H. Boroson,4.0,"February 19, 2019",Children,218,1,I would recommend this to fans of [genre].
The Elements: A Visual Exploration of Every Known Atom in the Universe,9781579128142,"Theodore Gray,Theodore Gray",4.0,"October 1, 2009",Math,383,0,"Not what I expected, but in a good way!"
Nothing to Envy: Ordinary Lives in North Korea,9780385523905,Barbara Demick,4.0,"December 29, 2009",Personal-Development,32,1,A quick and entertaining read.
Nothing to Envy: Ordinary Lives in North Korea,9780385523905,Barbara Demick,4.0,"December 29, 2009",Personal-Development,274,0,A classic for a reason. Highly enjoyable.
"Crossing the Line (OC Pride, #2)",9781603703840,Stephanie Vaughan,4.0,"August 1, 2005",Cars,213,0,I struggled to connect with the main character.
"Girlfriends: Invisible Bonds, Enduring Ties",9781885171085,"Carmen Renee Berry,Tamara Traeder",3.0,"January 1, 1995",Personal-Development,374,0,I struggled to connect with the main character.
The Universe in the Rearview Mirror: How Hidden Symmetries Shape Reality,9780525953661,Dave Goldberg,1.0,"July 11, 2013",Computer-Science,121,0,A captivating story with well-developed characters.
Full House: An Invitation to Fractions,9780763624682,"Dayle Ann Dodds,Abby Carter",4.0,"October 9, 2007",Math,273,1,The world-building in this fantasy novel is incredible.
I'm Trying to Love Math,9780451480903,Bethany Barton,4.0,"July 2, 2019",Math,251,0,
I'm Trying to Love Math,9780451480903,Bethany Barton,4.0,"July 2, 2019",Math,326,1,A quick and entertaining read.
I'm Trying to Love Math,9780451480903,Bethany Barton,2.0,"July 2, 2019",Math,345,0,A captivating story with well-developed characters.
Kingdom Come,9781563893308,"Mark Waid,Alex Ross,Todd Klein",4.0,"October 1, 1996",Comics,320,1,"Not what I expected, but in a good way!"
Kingdom Come,9781563893308,"Mark Waid,Alex Ross,Todd Klein",3.0,"October 1, 1996",Comics,328,0,
Kingdom Come,9781563893308,"Mark Waid,Alex Ross,Todd Klein",4.0,"October 1, 1996",Comics,348,1,
Just My Type: A Book About Fonts,9781592406524,Simon Garfield,1.0,"October 21, 2010",History,7,0,The pacing felt a bit off in the middle.
Just My Type: A Book About Fonts,9781592406524,Simon Garfield,4.0,"October 21, 2010",History,46,1,The ending left me wanting more.
Veronika Decides to Die,9780061124266,"Paulo Coelho,Margaret Jull Costa",4.0,"January 1, 1998",History,325,0,The pacing felt a bit off in the middle.
Veronika Decides to Die,9780061124266,"Paulo Coelho,Margaret Jull Costa",3.0,"January 1, 1998",History,345,0,The pacing felt a bit off in the middle.
On the Front Line: The Collected Journalism of Marie Colvin,9780007487967,Marie Colvin,4.0,"April 26, 2012",Math,89,1,This book really made me think about [a theme].
On the Front Line: The Collected Journalism of Marie Colvin,9780007487967,Marie Colvin,2.0,"April 26, 2012",Math,219,0,A classic for a reason. Highly enjoyable.
"The Blade Itself (The First Law, #1)",9780575079793,Joe Abercrombie,,"May 4, 2006",Fantasy,19,1,I would recommend this to fans of [genre].
"The Last Olympian (Percy Jackson and the Olympians, #5)",9781423101475,Rick Riordan,5.0,"May 5, 2009",Children,204,0,I struggled to connect with the main character.
"Mayflower: A Story of Courage, Community, and War",9780670037605,Nathaniel Philbrick,,"May 9, 2006",Biology,35,1,The plot twists kept me guessing until the end.
Meditation: The First and Last Freedom: A Practical Guide to Osho Meditations,9781250788702,Osho,4.0,"January 1, 2004",Personal-Development,336,0,The world-building in this fantasy novel is incredible.
Meditation: The First and Last Freedom: A Practical Guide to Osho Meditations,9781250788702,Osho,4.0,"January 1, 2004",Personal-Development,387,1,I found the writing style to be quite beautiful.
Peter: The Untold True Story,9780989127011,Christopher Daniel Mechling,4.0,"May 4, 2013",Children,153,0,The world-building in this fantasy novel is incredible.
Clickety Clack (Picture Books),9780670879465,"Rob  Spence,Amy Spence,Margaret Spengler",4.0,"January 1, 1999",Cars,88,1,A thought-provoking and insightful book.
Clickety Clack (Picture Books),9780670879465,"Rob  Spence,Amy Spence,Margaret Spengler",4.0,"January 1, 1999",Cars,456,1,Disappointing after all the hype.
Patterns Principles and Practices of Domain Driven Design,978-1118714706,"Scott Millett,Nick Tune",3.0,"May 19, 2014",Computer-Science,187,0,This book really made me think about [a theme].
Quantum Computing Since Democritus,9780521199568,Scott Aaronson,,"February 26, 2013",Computer-Science,157,0,I found the writing style to be quite beautiful.
Quantum Computing Since Democritus,9780521199568,Scott Aaronson,4.0,"February 26, 2013",Computer-Science,462,1,
Brain Storm: Unleashing Your Creative Self,9781423161486,Don Hahn,,"January 1, 2011",Computer-Science,297,1,Disappointing after all the hype.
The Strange Case of the Rickety Cossack: and Other Cautionary Tales from Human Evolution,9781137278890,Ian Tattersall,4.0,"June 9, 2015",Math,454,0,The world-building in this fantasy novel is incredible.
The Strange Case of the Rickety Cossack: and Other Cautionary Tales from Human Evolution,9781137278890,Ian Tattersall,4.0,"June 9, 2015",Math,478,0,I would recommend this to fans of [genre].
Medieval World (Usborne World History),9780439238762,Jane Bingham,4.0,"January 1, 2000",Math,359,1,The ending left me wanting more.
The Tomorrow City,9780749702120,Monica Hughes,4.0,"January 1, 1978",Computer-Science,115,0,The pacing felt a bit off in the middle.
The Tomorrow City,9780749702120,Monica Hughes,4.0,"January 1, 1978",Computer-Science,286,1,Disappointing after all the hype.
No FREE Attention: How Women use The Possibility of Sex to Manipulate Naïve and Lustful Men,9781736195123,Alan Roger Currie,5.0,"October 1, 2012",Personal-Development,40,1,Disappointing after all the hype.
The Human Condition,9780226025988,"Hannah Arendt,Margaret Canovan",4.0,"January 1, 1958",Economics,214,1,The pacing felt a bit off in the middle.
The Human Condition,9780226025988,"Hannah Arendt,Margaret Canovan",4.0,"January 1, 1958",Economics,249,0,A classic for a reason. Highly enjoyable.
"The Midnight Disease: The Drive to Write, Writer's Block, and the Creative Brain",9780618485413,Alice W. Flaherty,4.0,"January 1, 2004",Computer-Science,224,1,"Not what I expected, but in a good way!"
The Warm Hands of Ghosts,9780593128251,Katherine Arden,4.0,"February 13, 2024",Children,174,1,A thought-provoking and insightful book.
The Warm Hands of Ghosts,9780593128251,Katherine Arden,4.0,"February 13, 2024",Children,282,1,I struggled to connect with the main character.
If You Give a Mouse a Cookie (If You Give...),9780060245863,"Laura Joffe Numeroff,Felicia Bond",4.0,"January 1, 1985",Cars,297,0,A thought-provoking and insightful book.
The Knowledge: How to Rebuild Our World from Scratch,9781594205231,Lewis Dartnell,4.0,"April 1, 2014",Math,402,1,The pacing felt a bit off in the middle.
The Devil in the White City,9780739303405,"Erik Larson,Tony Goldwyn",4.0,"February 11, 2003",History,343,1,This book really made me think about [a theme].
"Tales from Earthsea (Earthsea Cycle, #5)",9780441011247,Ursula K. Le Guin,4.0,"May 4, 2001",studio-ghibli,332,0,A captivating story with well-developed characters.
The Gendered Brain: The New Neuroscience That Shatters the Myth of the Female Brain,9781847924766,Gina Rippon,4.0,"February 28, 2019",Math,358,1,I found the writing style to be quite beautiful.
Manufacturing Consent: The Political Economy of the Mass Media,9780375714498,"Edward S. Herman,Noam Chomsky",4.0,"January 1, 1988",Personal-Development,334,0,I struggled to connect with the main character.
Manufacturing Consent: The Political Economy of the Mass Media,9780375714498,"Edward S. Herman,Noam Chomsky",4.0,"January 1, 1988",Personal-Development,372,0,A captivating story with well-developed characters.
The Smartest Guys in the Room: The Amazing Rise and Scandalous Fall of Enron,9781591840534,"Bethany McLean,Peter Elkind",4.0,"January 1, 2003",Technology,307,0,
"The Snarkout Boys and the Avocado of Death (Snarkout Boys, #1)",9780451121509,Daniel Pinkwater,4.0,"January 1, 1982",Children,205,1,"Not what I expected, but in a good way!"
God's Undertaker: Has Science Buried God?,9780745953717,John C. Lennox,4.0,"October 1, 2002",Math,468,1,I couldn't put it down!
Goals: Setting And Achieving Them On Schedule,9780743525077,Zig Ziglar,2.0,"July 1, 1988",Personal-Development,11,0,The world-building in this fantasy novel is incredible.
Eat That Frog!: 21 Great Ways to Stop Procrastinating and Get More Done in Less Time,9781576754221,Brian Tracy,4.0,"January 1, 2001",Personal-Development,84,1,
Eat That Frog!: 21 Great Ways to Stop Procrastinating and Get More Done in Less Time,9781576754221,Brian Tracy,4.0,"January 1, 2001",Personal-Development,154,0,A thought-provoking and insightful book.
Eat That Frog!: 21 Great Ways to Stop Procrastinating and Get More Done in Less Time,9781576754221,Brian Tracy,4.0,"January 1, 2001",Personal-Development,326,1,I found the writing style to be quite beautiful.
"Batman: Black and White, Vol. 1",9781563894398,"Mark Chiarello,Ted McKeever,Bruce Timm,Joe Kubert,Howard Chaykin,Archie Goodwin,José Antonio Muñoz,Walter Simonson,Jan Strnad,Richard Corben,Kent Williams,Chuck Dixon,Jorge Zaffino,Neil Gaiman,Simon Bisley,Klaus Janson,Andy Helfer,Tanino Liberatore,Matt Wagner,Bill Sienkiewicz,Dennis O&apos;Neil,Teddy Kristiansen,Brian Bolland,Kevin Nowlan,Gary Gianni,Brian Stelfreeze,Katsuhiro Otomo,Jo Duffy",4.0,"January 1, 1998",Comics,128,0,
Unwifeable: A Memoir,9781501174032,Mandy Stadtmiller,1.0,"April 3, 2018",Personal-Development,419,0,The pacing felt a bit off in the middle.
Of Mice and Men,9780142000670,John Steinbeck,,"February 25, 1937",Fantasy,81,1,
Of Mice and Men,9780142000670,John Steinbeck,4.0,"February 25, 1937",Fantasy,161,0,Disappointing after all the hype.
Of Mice and Men,9780142000670,John Steinbeck,2.0,"February 25, 1937",Fantasy,351,0,I would recommend this to fans of [genre].
Of Mice and Men,9780142000670,John Steinbeck,4.0,"February 25, 1937",Fantasy,454,0,The plot twists kept me guessing until the end.
Schaum's Outline of Theory and Problems of Digital Signal Processing,9780070273894,Monson H. Hayes,4.0,"August 31, 1998",Math,72,1,A quick and entertaining read.
American Sniper: The Autobiography of the Most Lethal Sniper in U.S. Military History,9780062107060,"Chris Kyle,Scott McEwen,Jim DeFelice",,"January 3, 2012",Children,178,1,This book really made me think about [a theme].
Those Who Save Us,9780156031660,Jenna Blum,1.0,"April 5, 2004",History,201,0,I would recommend this to fans of [genre].
Thomas Jefferson: The Art of Power,9781400067664,Jon Meacham,4.0,"November 13, 2012",History,173,0,The world-building in this fantasy novel is incredible.
"Lost in the Solar System (The Magic School Bus, #4)",9780590414296,"Joanna Cole,Bruce Degen",4.0,"October 1, 1990",Math,497,0,A classic for a reason. Highly enjoyable.
The Boy Who Was Raised as a Dog: And Other Stories from a Child Psychiatrist's Notebook,9780465056521,"Bruce D. Perry,Maia Szalavitz",,"January 8, 2007",Personal-Development,326,0,Disappointing after all the hype.
You Are Here: An Owner's Manual for Dangerous Minds,9781250119889,Jenny  Lawson,4.0,"March 7, 2017",nonfiction,64,0,A thought-provoking and insightful book.
You Are Here: An Owner's Manual for Dangerous Minds,9781250119889,Jenny  Lawson,4.0,"March 7, 2017",nonfiction,111,0,A thought-provoking and insightful book.
You Are Here: An Owner's Manual for Dangerous Minds,9781250119889,Jenny  Lawson,4.0,"March 7, 2017",nonfiction,410,1,
One Day in the Desert (Trophy Chapter Book),9780064420389,"Jean Craighead George,Fred Brenner",4.0,"January 1, 1983",Math,51,0,I found the writing style to be quite beautiful.
Race After Technology: Abolitionist Tools for the New Jim Code,9781509526437,Ruha Benjamin,,"June 17, 2019",Computer-Science,193,0,This book really made me think about [a theme].
Race After Technology: Abolitionist Tools for the New Jim Code,9781509526437,Ruha Benjamin,4.0,"June 17, 2019",Computer-Science,369,0,
Missing Math: A Number Mystery,9781477860335,Loreen Leedy,3.0,"April 1, 2008",Math,199,0,
Secrets of the Millionaire Mind: Mastering the Inner Game of Wealth,9780060763282,T. Harv Eker,2.0,"January 1, 1999",Personal-Development,66,0,The pacing felt a bit off in the middle.
Secrets of the Millionaire Mind: Mastering the Inner Game of Wealth,9780060763282,T. Harv Eker,4.0,"January 1, 1999",Personal-Development,195,1,The pacing felt a bit off in the middle.
Software Engineering at Google: Lessons Learned from Programming Over Time,9781492082798,"Titus Winters,Tom Manshreck,Hyrum Wright",4.0,"January 1, 2020",Computer-Science,268,1,Disappointing after all the hype.
Software Engineering at Google: Lessons Learned from Programming Over Time,9781492082798,"Titus Winters,Tom Manshreck,Hyrum Wright",4.0,"January 1, 2020",Computer-Science,422,1,The pacing felt a bit off in the middle.
"Fooling Houdini: Magicians, Mentalists, Math Geeks, and the Hidden Powers of the Mind",9780061766213,Alex  Stone,1.0,"October 4, 2011",Math,73,0,"Not what I expected, but in a good way!"
"Fooling Houdini: Magicians, Mentalists, Math Geeks, and the Hidden Powers of the Mind",9780061766213,Alex  Stone,,"October 4, 2011",Math,126,1,
The Romanov Sisters: The Lost Lives of the Daughters of Nicholas and Alexandra,9781250020208,Helen Rappaport,4.0,"June 3, 2014",Personal-Development,77,1,I couldn't put it down!
The Romanov Sisters: The Lost Lives of the Daughters of Nicholas and Alexandra,9781250020208,Helen Rappaport,4.0,"June 3, 2014",Personal-Development,469,0,A classic for a reason. Highly enjoyable.
"Eco Barons: The Dreamers, Schemers, and Millionaires Who Are Saving Our Planet",9780061350290,Edward Humes,2.0,"February 20, 2009",Personal-Development,171,0,The pacing felt a bit off in the middle.
"Devil in the Grove: Thurgood Marshall, the Groveland Boys, and the Dawn of a New America",9780062097712,Gilbert King,4.0,"March 6, 2012",Math,268,1,
Bury My Heart at Wounded Knee: An Indian History of the American West,9780805066692,Dee Brown,4.0,"April 1, 1970",Personal-Development,136,0,This book really made me think about [a theme].
Happier: Learn the Secrets to Daily Joy and Lasting Fulfillment,9780071492393,Tal Ben-Shahar,4.0,"June 5, 2007",Personal-Development,370,0,I would recommend this to fans of [genre].
"The Spell of the Crystal Chair (Seven Sleepers: The Lost Chronicles, #1)",9780802436672,Gilbert L. Morris,4.0,"February 7, 2000",Children,305,0,I would recommend this to fans of [genre].
The Anthropocene Reviewed: Essays on a Human-Centered Planet,9780525555216,John Green,,"May 18, 2021",Personal-Development,59,1,I found the writing style to be quite beautiful.
Object Thinking,9780735619654,David      West,4.0,"February 1, 2004",Computer-Science,360,0,The world-building in this fantasy novel is incredible.
Mindsight: The New Science of Personal Transformation,9780553804706,Daniel J. Siegel,4.0,"January 1, 2009",Personal-Development,200,1,The ending left me wanting more.
"The Strange Creatures of Dr. Korbo (Seven Sleepers: The Lost Chronicles, #3)",9780802436696,Gilbert L. Morris,3.0,"April 1, 2000",Children,417,0,A captivating story with well-developed characters.
Faith: A Journey For All,9781501184413,Jimmy Carter,4.0,"March 27, 2018",Personal-Development,225,1,A captivating story with well-developed characters.
Math Girls,9780983951308,"Hiroshi Yuki,Tony Gonzalez",4.0,"January 1, 2007",Math,8,0,Disappointing after all the hype.
Math Girls,9780983951308,"Hiroshi Yuki,Tony Gonzalez",4.0,"January 1, 2007",Math,296,1,The pacing felt a bit off in the middle.
Math Girls,9780983951308,"Hiroshi Yuki,Tony Gonzalez",4.0,"January 1, 2007",Math,487,1,A captivating story with well-developed characters.
"Charlie Joe Jackson's Guide to Not Reading (Charlie Joe Jackson, #1)",9781596436916,"Tommy Greenwald,J.P. Coovert",4.0,"January 1, 2011",Children,78,0,The ending left me wanting more.
"Chloe & Cartoon: When Chloe First Met Her Cat, Cartoon",9781545804315,"Greg Tessier,Amandine Amandine",4.0,"November 15, 2017",Children,129,0,Disappointing after all the hype.
"Chloe & Cartoon: When Chloe First Met Her Cat, Cartoon",9781545804315,"Greg Tessier,Amandine Amandine",1.0,"November 15, 2017",Children,360,0,Disappointing after all the hype.
"Chloe & Cartoon: When Chloe First Met Her Cat, Cartoon",9781545804315,"Greg Tessier,Amandine Amandine",,"November 15, 2017",Children,441,0,Disappointing after all the hype.
"College Girls (Sweet Valley University, #1)",9780553563085,Francine Pascal,2.0,"September 1, 1993",Children,124,0,The ending left me wanting more.
Things to Make and Do in the Fourth Dimension,9781846147647,Matt    Parker,4.0,"October 7, 2014",Math,449,1,A captivating story with well-developed characters.
One Trick Pony: A Graphic Novel,9781419721281,Nathan Hale,4.0,"March 14, 2017",Children,488,1,Disappointing after all the hype.
Economic Analysis of Law,9780735563544,Richard A. Posner,4.0,"January 1, 1977",Math,423,0,I struggled to connect with the main character.
The Price of Thirst: Global Water Inequality and the Coming Chaos,9780816695423,Karen Piper,4.0,"October 1, 2014",Personal-Development,361,1,A classic for a reason. Highly enjoyable.
"When Sophie Gets Angry – Really, Really Angry",9780590189798,Molly Bang,4.0,"January 1, 1999",Children,161,1,The world-building in this fantasy novel is incredible.
"When Sophie Gets Angry – Really, Really Angry",9780590189798,Molly Bang,4.0,"January 1, 1999",Children,440,1,
Human: The Science Behind What Makes Us Unique,9780060892883,Michael S. Gazzaniga,4.0,"January 1, 2008",Computer-Science,118,0,A captivating story with well-developed characters.
Human: The Science Behind What Makes Us Unique,9780060892883,Michael S. Gazzaniga,4.0,"January 1, 2008",Computer-Science,275,1,A classic for a reason. Highly enjoyable.
One Guinea Pig Is Not Enough,9780525459187,Kate Duke,2.0,"March 1, 1998",Math,173,0,The pacing felt a bit off in the middle.
A Man Called Ove,9781476738017,"Fredrik Backman,Henning Koch",4.0,"August 27, 2012",Personal-Development,385,0,A quick and entertaining read.
A Man Called Ove,9781476738017,"Fredrik Backman,Henning Koch",4.0,"August 27, 2012",Personal-Development,438,0,I found the writing style to be quite beautiful.
Deep Thinking: Where Machine Intelligence Ends and Human Creativity Begins,9781478920335,"Garry Kasparov,Mig Greengard",4.0,"May 2, 2017",Computer-Science,254,0,The pacing felt a bit off in the middle.
The Data Detective: Ten Easy Rules to Make Sense of Statistics,9780593084595,Tim Harford,4.0,"January 1, 2020",Math,174,0,The ending left me wanting more.
The School of Intentional Living: A Real-World Approach to Living Life on Your Terms,9781735178943,Sean Rosensteel,4.0,"July 19, 2020",Personal-Development,131,1,I struggled to connect with the main character.
Principles of Mathematical Analysis,9780070856134,Walter Rudin,4.0,"January 1, 1964",Math,65,0,"Not what I expected, but in a good way!"
How to Be a Bawse: A Guide to Conquering Life,9780425286463,Lilly Singh,4.0,"March 28, 2017",Personal-Development,376,1,
"The Healer's Apprentice (Hagenheim, #1)",9780310721437,Melanie Dickerson,4.0,"September 10, 2010",Computer-Science,494,1,The ending left me wanting more.
A Mind at Play: How Claude Shannon Invented the Information Age,9781476766683,"Jimmy Soni,Rob Goodman",4.0,"July 18, 2017",Computer-Science,322,0,The world-building in this fantasy novel is incredible.
Real Life,9780525538882,Brandon  Taylor,4.0,"February 18, 2020",Math,259,1,I struggled to connect with the main character.
The Big Nine: How the Tech Titans and Their Thinking Machines Could Warp Humanity,9781541773752,Amy   Webb,4.0,"January 1, 2019",Computer-Science,370,0,The pacing felt a bit off in the middle.
Golden Boy,9780399161124,Tara  Sullivan,4.0,"June 27, 2013",Children,332,1,I would recommend this to fans of [genre].
Math: Facing an American Phobia,9780941355193,Marilyn Burns,4.0,"January 1, 1998",Math,443,1,"Not what I expected, but in a good way!"
Thursday's Child,9780763622039,Sonya Hartnett,2.0,"January 1, 2000",Children,127,0,The ending left me wanting more.
Timeline,9781776570690,"Peter Goes,Sylvia Vanden Heede,Bill Nagelkerke",4.0,"October 6, 2015",Math,20,0,I couldn't put it down!
Timeline,9781776570690,"Peter Goes,Sylvia Vanden Heede,Bill Nagelkerke",4.0,"October 6, 2015",Math,467,1,Disappointing after all the hype.
"The War with Mr. Wizzle (Macdonald Hall, #4)",9780590442060,Gordon Korman,4.0,"January 1, 1982",Computer-Science,174,0,"Not what I expected, but in a good way!"
"The War with Mr. Wizzle (Macdonald Hall, #4)",9780590442060,Gordon Korman,4.0,"January 1, 1982",Computer-Science,190,1,This book really made me think about [a theme].
"The War with Mr. Wizzle (Macdonald Hall, #4)",9780590442060,Gordon Korman,4.0,"January 1, 1982",Computer-Science,473,0,A classic for a reason. Highly enjoyable.
"A Canticle for Leibowitz (St. Leibowitz, #1)",9780060892999,"Walter M. Miller Jr.,Mary Doria Russell",,"October 1, 1959",Fantasy,257,0,"Not what I expected, but in a good way!"
"A Canticle for Leibowitz (St. Leibowitz, #1)",9780060892999,"Walter M. Miller Jr.,Mary Doria Russell",4.0,"October 1, 1959",Fantasy,258,0,I struggled to connect with the main character.
"A Canticle for Leibowitz (St. Leibowitz, #1)",9780060892999,"Walter M. Miller Jr.,Mary Doria Russell",4.0,"October 1, 1959",Fantasy,451,1,"Not what I expected, but in a good way!"
Awakening Inner Guru,9788191026900,"Banani Ray,Amit Ray",5.0,"June 9, 2010",Personal-Development,205,0,A thought-provoking and insightful book.
"The Inkblots: Hermann Rorschach, His Iconic Test, and the Power of Seeing",9780804136563,Damion Searls,4.0,"April 2, 2015",Computer-Science,107,1,
"The Inkblots: Hermann Rorschach, His Iconic Test, and the Power of Seeing",9780804136563,Damion Searls,4.0,"April 2, 2015",Computer-Science,372,1,A quick and entertaining read.
Deep Economy: The Wealth of Communities and the Durable Future,9780805076264,Bill McKibben,4.0,"January 1, 2007",Personal-Development,10,0,The pacing felt a bit off in the middle.
"The Magic School Bus and the Science Fair Expedition (The Magic School Bus, #11)",9780590108249,"Joanna Cole,Bruce Degen",4.0,"August 1, 2006",Math,13,0,Disappointing after all the hype.
"The Magic School Bus and the Science Fair Expedition (The Magic School Bus, #11)",9780590108249,"Joanna Cole,Bruce Degen",1.0,"August 1, 2006",Math,377,0,The pacing felt a bit off in the middle.
Building a Beak: How a Toucan's Rescue Inspired the World,9781645678687,"Becca McMurdie,Diana Hernández",,"June 11, 2024",Math,1,0,A captivating story with well-developed characters.
Building a Beak: How a Toucan's Rescue Inspired the World,9781645678687,"Becca McMurdie,Diana Hernández",,"June 11, 2024",Math,479,0,I couldn't put it down!
"Dawn Study (Soulfinders, #3; Study, #6)",9781460396490,Maria V. Snyder,4.0,"January 31, 2017",Children,259,1,The ending left me wanting more.
The Mathematical Traveler: Exploring The Grand History Of Numbers,9780738208350,Calvin C. Clawson,4.0,"December 31, 1993",Math,38,1,"Not what I expected, but in a good way!"
The Mathematical Traveler: Exploring The Grand History Of Numbers,9780738208350,Calvin C. Clawson,4.0,"December 31, 1993",Math,52,1,I struggled to connect with the main character.
The Two Cars,9781590172346,"Ingri d&apos;Aulaire,Edgar Parin d&apos;Aulaire",,"January 1, 1955",Cars,100,0,I found the writing style to be quite beautiful.
The Power of Myth,9780385418867,"Joseph Campbell,Bill Moyers",4.0,"June 1, 1988",Children,312,0,A captivating story with well-developed characters.
I Will Teach You to Be Rich: No Guilt. No Excuses. No BS. Just a 6-Week Program That Works,9781523505746,Ramit Sethi,,"January 1, 2009",Personal-Development,433,0,
Plowing the Dark,9780099286721,Richard Powers,4.0,"June 2, 2000",Math,69,1,The world-building in this fantasy novel is incredible.
Plowing the Dark,9780099286721,Richard Powers,4.0,"June 2, 2000",Math,445,0,A captivating story with well-developed characters.
The Mercury 13: The True Story of Thirteen Women and the Dream of Space Flight,9780375758935,"Martha Ackmann,Lynn Sherr",4.0,"June 3, 2003",Computer-Science,122,1,The world-building in this fantasy novel is incredible.
The Kitáb-i-Íqán: The Book of Certitude,9781931847087,"Bahá&apos;u&apos;lláh,Shoghi Effendi",5.0,"January 1, 1861",Personal-Development,367,0,I struggled to connect with the main character.
"The Long Way to a Small, Angry Planet (Wayfarers, #1)",9781500453305,Becky  Chambers,,"July 29, 2014",Technology,92,0,A classic for a reason. Highly enjoyable.
"The Long Way to a Small, Angry Planet (Wayfarers, #1)",9781500453305,Becky  Chambers,4.0,"July 29, 2014",Technology,323,1,The ending left me wanting more.
City of Shadows (The Celia Rees Supernatural Trilogy #1),9780340818008,Celia Rees,4.0,"January 1, 2002",Children,479,1,The plot twists kept me guessing until the end.
"The Bone Woman: A Forensic Anthropologist's Search for Truth in the Mass Graves of Rwanda, Bosnia, Croatia, and Kosovo",9780812968859,Clea Koff,4.0,"January 1, 2001",Computer-Science,273,0,A thought-provoking and insightful book.
"The Bone Woman: A Forensic Anthropologist's Search for Truth in the Mass Graves of Rwanda, Bosnia, Croatia, and Kosovo",9780812968859,Clea Koff,4.0,"January 1, 2001",Computer-Science,359,1,
"Midworld (Humanx Commonwealth, #4)",9780345350114,Alan Dean Foster,4.0,"January 1, 1975",Children,96,0,The plot twists kept me guessing until the end.
Where Is Maisy?: A Lift-the-Flap Book,9780763607524,Lucy Cousins,2.0,"March 3, 1999",Children,174,0,
"The New Class (Chestnut Hill, #1)",9780439738545,Lauren Brooke,4.0,"August 1, 2005",Children,432,1,I struggled to connect with the main character.
The Evolution of Useful Things: How Everyday Artifacts-From Forks and Pins to Paper Clips and Zippers-Came to be as They are,9780679740391,Henry Petroski,4.0,"May 10, 1994",Technology,331,1,A quick and entertaining read.
Relics of Eden: The Powerful Evidence of Evolution in Human DNA,9781591025641,Daniel J. Fairbanks,,"October 31, 2007",Computer-Science,481,0,A captivating story with well-developed characters.
Trixie Belden 3-Book Set  (Trixie Belden #1-3),9780375831096,"Julie  Campbell,Michael Koelsch,Mary Stevens",4.0,"January 1, 1951",Children,132,0,The ending left me wanting more.
The Thief Lord,9780439771320,"Cornelia Funke,Christian Birmingham",4.0,"January 1, 2000",Children,133,0,This book really made me think about [a theme].
The Thief Lord,9780439771320,"Cornelia Funke,Christian Birmingham",,"January 1, 2000",Children,366,0,I would recommend this to fans of [genre].
"Nexus (Nexus, #1)",9780857662934,"Ramez Naam,ARGH! Oxford",4.0,"December 16, 2012",Artificial-Intelligence,403,0,I found the writing style to be quite beautiful.
The Things You Can See Only When You Slow Down: How to Be Calm in a Busy World,9780143130772,"Haemin Sunim,Chi-Young Kim,Youngcheol Lee",4.0,"January 13, 2012",Personal-Development,17,1,The plot twists kept me guessing until the end.
The Things You Can See Only When You Slow Down: How to Be Calm in a Busy World,9780143130772,"Haemin Sunim,Chi-Young Kim,Youngcheol Lee",4.0,"January 13, 2012",Personal-Development,375,0,I found the writing style to be quite beautiful.
Big Things Have Small Beginnings: Learn to Play in the Great Game,9780692181843,Wes Berry,4.0,"January 1, 2018",Personal-Development,346,0,The ending left me wanting more.
Nihilist Girl,9780873527903,"Sofia Kovalevskaya,Natasha Kolchevska,Mary Zirin",4.0,"January 1, 1892",Math,11,0,
Nihilist Girl,9780873527903,"Sofia Kovalevskaya,Natasha Kolchevska,Mary Zirin",4.0,"January 1, 1892",Math,468,1,The ending left me wanting more.
"The Bird and the Sword (The Bird and the Sword Chronicles, #1)",9781533134134,Amy Harmon,4.0,"May 6, 2016",Biology,289,1,The plot twists kept me guessing until the end.
To Kill a Mockingbird,9780060935467,Harper Lee,4.0,"July 11, 1960",Fantasy,358,0,This book really made me think about [a theme].
"One Fish, Two Fish, Red Fish, Blue Fish",9780007173686,Dr. Seuss,4.0,"May 14, 1960",Children,357,1,
Evidence of the Afterlife: The Science of Near-Death Experiences,9780061452550,"Jeffrey Long,Paul Perry",1.0,"January 19, 2010",Personal-Development,163,0,A classic for a reason. Highly enjoyable.
Snow Falling on Cedars,9780679764021,David Guterson,2.0,"September 12, 1994",Personal-Development,5,0,
All the Light We Cannot See,9781476746586,Anthony Doerr,1.0,"May 6, 2014",History,25,0,A classic for a reason. Highly enjoyable.
All the Light We Cannot See,9781476746586,Anthony Doerr,4.0,"May 6, 2014",History,114,1,Disappointing after all the hype.
The Multiplying Menace Divides (Charlesbridge Math Adventures),9781570917820,"Pam Calvert,Wayne Geehan",4.0,"January 1, 2011",Math,141,0,I struggled to connect with the main character.
A Planet Is a Poem,9781525304422,"Amanda West Lewis,Oliver Averill",4.0,"May 7, 2024",Math,144,0,A captivating story with well-developed characters.
"Massive Action Equal Massive Results: Learn the Critical Mental Framework to Focus Your Energy, Reach Your Goals Quicker and Live an Insanely Awesome Life",9780692947081,Sunil  Saxena,4.0,"September 15, 2017",Personal-Development,279,1,A quick and entertaining read.
"Hopeless (Hopeless, #1)",9781301949823,Colleen Hoover,1.0,"December 18, 2012",Children,217,0,The plot twists kept me guessing until the end.
"Hopeless (Hopeless, #1)",9781301949823,Colleen Hoover,,"December 18, 2012",Children,371,1,The pacing felt a bit off in the middle.
The Defining Decade: Why Your Twenties Matter—And How to Make the Most of Them Now,9780446561761,Meg Jay,4.0,"April 17, 2012",Personal-Development,212,0,The pacing felt a bit off in the middle.
Smarter Faster Better: The Secrets of Being Productive in Life and Business,9780812993394,Charles Duhigg,4.0,"March 1, 2016",Personal-Development,115,0,The world-building in this fantasy novel is incredible.
The Advantage: Why Organizational Health Trumps Everything Else In Business,9780470941522,Patrick Lencioni,4.0,"March 13, 2012",Technology,403,1,Disappointing after all the hype.
Solve for Happy: Engineer Your Path to Joy,9781501157585,Mo Gawdat,4.0,"March 1, 2017",Math,23,1,A thought-provoking and insightful book.
Solve for Happy: Engineer Your Path to Joy,9781501157585,Mo Gawdat,4.0,"March 1, 2017",Math,102,1,A quick and entertaining read.
Rocket Science,9780471405672,Emily Mayer,4.0,"July 3, 2020",Technology,255,0,The pacing felt a bit off in the middle.
Wibbly Pig Can Make a Tent,9780670892648,"Mick Inkpen,J. Carey",4.0,"August 1, 1995",Children,59,1,"Not what I expected, but in a good way!"
Emergence: From Chaos To Order,9780738201429,John H. Holland,4.0,"January 1, 1998",Math,447,0,A captivating story with well-developed characters.
Agile Data Science: Building Data Analytics Applications with Hadoop,9781449326265,Russell Jurney,3.0,"December 22, 2012",Computer-Science,50,0,A classic for a reason. Highly enjoyable.
"Outdoor Farm, Indoor Farm",9781635925913,"Lindsay H. Metcalf,Xin Li",4.0,"April 9, 2024",Math,373,0,A quick and entertaining read.
"Outdoor Farm, Indoor Farm",9781635925913,"Lindsay H. Metcalf,Xin Li",4.0,"April 9, 2024",Math,401,0,The plot twists kept me guessing until the end.
Senegal Taxi (Camino del Sol),9780816530151,Juan Felipe Herrera,3.0,"March 21, 2013",Cars,9,1,
Senegal Taxi (Camino del Sol),9780816530151,Juan Felipe Herrera,3.0,"March 21, 2013",Cars,118,1,I couldn't put it down!
"My Cat, My Dog",9781623953249,"Katrina Streza,Brenda Ponnay",,"November 20, 2012",Cars,207,1,
Tales from Silver Lands,9780385048156,Charles J. Finger,3.0,"January 1, 1924",Children,298,0,
All I Really Need to Know I Learned in Kindergarten,9780345466396,Robert Fulghum,4.0,"January 1, 1986",Personal-Development,119,1,The world-building in this fantasy novel is incredible.
The Omega Principle: Seafood and the Quest for a Long Life and a Healthier Planet,9781594206344,Paul   Greenberg,4.0,"July 1, 2018",Computer-Science,226,0,The pacing felt a bit off in the middle.
The No Asshole Rule: Building a Civilized Workplace and Surviving One That Isn't,9780446526562,Robert I. Sutton,,"January 1, 2007",Personal-Development,67,0,A captivating story with well-developed characters.
"Behind the Beautiful Forevers: Life, Death, and Hope in a Mumbai Undercity",9781400067558,Katherine Boo,1.0,"April 8, 2012",Personal-Development,454,0,The pacing felt a bit off in the middle.
Haskell: The Craft of Functional Programming,9780201342758,Simon Thompson,4.0,"August 1, 1996",Computer-Science,295,1,A quick and entertaining read.
Haskell: The Craft of Functional Programming,9780201342758,Simon Thompson,4.0,"August 1, 1996",Computer-Science,410,1,The world-building in this fantasy novel is incredible.
Haskell: The Craft of Functional Programming,9780201342758,Simon Thompson,4.0,"August 1, 1996",Computer-Science,475,1,
"Corpse: Nature, Forensics, and the Struggle to Pinpoint Time of Death",9780738207711,Jessica Snyder Sachs,4.0,"January 1, 2001",Biology,340,0,I struggled to connect with the main character.
"Corpse: Nature, Forensics, and the Struggle to Pinpoint Time of Death",9780738207711,Jessica Snyder Sachs,4.0,"January 1, 2001",Biology,405,0,
"Corpse: Nature, Forensics, and the Struggle to Pinpoint Time of Death",9780738207711,Jessica Snyder Sachs,4.0,"January 1, 2001",Biology,439,0,I would recommend this to fans of [genre].
Charlie Parker Played Be Bop,9780439578233,Chris Raschka,1.0,"January 1, 1992",Children,97,0,
"The Heart Principle (The Kiss Quotient, #3)",9780451490841,Helen Hoang,4.0,"August 31, 2021",Cars,58,0,A captivating story with well-developed characters.
Rumplepimple,9780986408007,Suzanne DeWitt Hall,5.0,"July 5, 2015",Children,315,0,A quick and entertaining read.
Rumplepimple,9780986408007,Suzanne DeWitt Hall,5.0,"July 5, 2015",Children,345,0,A quick and entertaining read.
Perfect Rigor: A Genius and the Mathematical Breakthrough of the Century,9780151014064,Masha Gessen,4.0,"January 1, 2009",Math,251,1,"Not what I expected, but in a good way!"
Knowing and Teaching Elementary Mathematics: Teachers' Understanding of Fundamental Mathematics in China and the United States,9780203856345,Liping Ma,4.0,"May 1, 1999",Math,318,1,The pacing felt a bit off in the middle.
Q.E.D.: Beauty in Mathematical Proof (Wooden Books),9780802714312,Burkard Polster,4.0,"May 1, 2004",Math,486,0,Disappointing after all the hype.
"What Is Mathematics, Really?",9780195130874,Reuben Hersh,4.0,"August 21, 1997",Math,387,0,This book really made me think about [a theme].
The Structure of Scientific Revolutions,9780226458083,Thomas S. Kuhn,4.0,"January 1, 1962",Biology,73,0,This book really made me think about [a theme].
Freedom from the Known,9780060648084,"J. Krishnamurti,Mary Lutyens",4.0,"January 1, 1969",Personal-Development,118,0,The plot twists kept me guessing until the end.
Brainy and the Beast,9781623003159,J.M. Cartwright,,"April 1, 2013",Cars,371,1,
Dr. Seuss's ABC,9780679882817,Dr. Seuss,4.0,"January 1, 1963",Math,37,0,The plot twists kept me guessing until the end.
Dr. Seuss's ABC,9780679882817,Dr. Seuss,3.0,"January 1, 1963",Math,276,0,"Not what I expected, but in a good way!"
Dr. Seuss's ABC,9780679882817,Dr. Seuss,,"January 1, 1963",Math,309,0,"Not what I expected, but in a good way!"
Dr. Seuss's ABC,9780679882817,Dr. Seuss,,"January 1, 1963",Math,443,0,
A Capitalist in North Korea: My Seven Years in the Hermit Kingdom,9780804844390,Felix Abt,4.0,"December 16, 2012",Children,182,0,The world-building in this fantasy novel is incredible.
Undaunted Courage: The Pioneering First Mission to Explore America's Wild Frontier,9780743477888,Stephen E. Ambrose,,"February 15, 1996",Personal-Development,84,0,
"Shinkei (Space Demons Trilogy, #3)",9781862912601,Gillian Rubinstein,,"January 1, 1996",Computer-Science,323,1,
Molecules at an Exhibition: Portraits of Intriguing Materials in Everyday Life,9780192862068,John Emsley,4.0,"January 1, 1997",Computer-Science,347,0,
Bright-sided: How the Relentless Promotion of Positive Thinking Has Undermined America,9781427208361,"Barbara Ehrenreich,Kate Reading",4.0,"October 13, 2009",nonfiction,155,1,A captivating story with well-developed characters.
"The Mystery of the Aleph: Mathematics, the Kabbalah, and the Search for Infinity",9780743422994,Amir D. Aczel,4.0,"January 1, 2000",Math,399,0,The ending left me wanting more.
A Vindication of the Rights of Woman,9780141441252,"Mary Wollstonecraft,Miriam Brody,Bebi Fernández",2.0,"January 1, 1792",Personal-Development,265,0,I couldn't put it down!
"Deep Simplicity: Chaos, Complexity and the Emergence of Life",9780141007229,John Gribbin,4.0,"January 1, 2004",Math,447,1,Disappointing after all the hype.
The Passionate Programmer: Creating a Remarkable Career in Software Development (Pragmatic Life),9781934356340,Chad Fowler,4.0,"January 1, 2009",Computer-Science,196,1,The ending left me wanting more.
Senna Versus Prost: The Story of the Most Deadly Rivalry in Formula One,9780099528098,Malcolm Folley,4.0,"April 2, 2009",Cars,218,1,The pacing felt a bit off in the middle.
Senna Versus Prost: The Story of the Most Deadly Rivalry in Formula One,9780099528098,Malcolm Folley,,"April 2, 2009",Cars,225,0,
Bylines: A Photobiography of Nellie Bly (Photobiographies),9781426305139,Sue Macy,3.0,"October 13, 2009",Math,178,0,A thought-provoking and insightful book.
The Revolution: A Manifesto,9780446537513,Ron Paul,4.0,"April 30, 2008",Economics,406,1,A quick and entertaining read.
Martin Luther's Ninety-Five Theses,9780875525570,"Martin Luther,Stephen J. Nichols,Henry Eyster Jacobs",4.0,"October 31, 1517",Economics,209,0,A captivating story with well-developed characters.
Wrong Place Wrong Time,9781934606391,David P. Perlmutter,4.0,"June 4, 2012",nonfiction,455,1,A classic for a reason. Highly enjoyable.
Mystic River,9780060584757,Dennis Lehane,4.0,"January 1, 2001",Fantasy,93,0,I struggled to connect with the main character.
Mystic River,9780060584757,Dennis Lehane,4.0,"January 1, 2001",Fantasy,191,0,Disappointing after all the hype.
Mystic River,9780060584757,Dennis Lehane,4.0,"January 1, 2001",Fantasy,332,1,I couldn't put it down!
Where Bigfoot Walks: Crossing the Dark Divide,9780395857014,Robert Michael Pyle,2.0,"January 1, 1995",Math,131,0,"Not what I expected, but in a good way!"
"Lord Mouse (Lords of Davenia, #1)",9781632160003,Mason Thomas,4.0,"November 6, 2015",nonfiction,212,0,I found the writing style to be quite beautiful.
"The Glass Magician (The Paper Magician, #2)",9781477825945,Charlie N. Holmberg,4.0,"November 4, 2014",studio-ghibli,321,1,I would recommend this to fans of [genre].
In the Meantime: Finding Yourself and the Love You Want,9780684848068,Iyanla Vanzant,4.0,"January 1, 1998",Personal-Development,305,1,This book really made me think about [a theme].
Across Five Aprils,9780425182789,Irene Hunt,,"September 1, 1964",Children,383,0,I would recommend this to fans of [genre].
Laziness Does Not Exist,9781982140106,Devon  Price,4.0,"January 5, 2021",Personal-Development,108,1,I struggled to connect with the main character.
Laziness Does Not Exist,9781982140106,Devon  Price,4.0,"January 5, 2021",Personal-Development,287,1,The ending left me wanting more.
A Walk in the Woods: Rediscovering America on the Appalachian Trail,9780307279460,Bill Bryson,4.0,"May 5, 1998",Personal-Development,131,0,
A Walk in the Woods: Rediscovering America on the Appalachian Trail,9780307279460,Bill Bryson,2.0,"May 5, 1998",Personal-Development,221,0,I found the writing style to be quite beautiful.
A Walk in the Woods: Rediscovering America on the Appalachian Trail,9780307279460,Bill Bryson,3.0,"May 5, 1998",Personal-Development,475,0,A thought-provoking and insightful book.
The Story About Ping,9780448421650,"Marjorie Flack,Kurt Wiese",2.0,"January 1, 1933",Children,353,0,The plot twists kept me guessing until the end.
"Holes (Holes, #1)",9780439244190,Louis Sachar,4.0,"August 20, 1998",Children,388,1,I couldn't put it down!
Principles of Political Economy: And Chapters on Socialism,9780192836724,John Stuart Mill,4.0,"January 1, 1848",Economics,74,1,The world-building in this fantasy novel is incredible.
Principles of Political Economy: And Chapters on Socialism,9780192836724,John Stuart Mill,,"January 1, 1848",Economics,249,1,I couldn't put it down!
The Perilous Journey of the Donner Party,9780439186896,Marian Calabro,4.0,"January 1, 1999",Math,495,1,The world-building in this fantasy novel is incredible.
"Algebraic Geometry (Graduate Texts in Mathematics, 52)",9780387902449,Robin Hartshorne,,"December 19, 1977",Computer-Science,102,1,
How to Solve It: A New Aspect of Mathematical Method (Princeton Science Library),9780691119663,"G. Pólya,John H. Conway",,"November 30, 1944",Math,483,0,Disappointing after all the hype.
The Wild Trees: A Story of Passion and Daring,9781400064892,Richard   Preston,4.0,"January 1, 2007",Technology,297,1,"Not what I expected, but in a good way!"
Einstein and the Quantum: The Quest of the Valiant Swabian,9780691139685,A. Douglas Stone,4.0,"January 1, 2013",Math,314,0,I struggled to connect with the main character.
"The Bobbsey Twins of Lakeport (Bobbsey Twins, #1)",9780448437521,Laura Lee Hope,4.0,"May 16, 1904",Children,275,1,The world-building in this fantasy novel is incredible.
"Genesis (Enslaved, #1)",9781586088927,Kaitlyn O&apos;Connor,3.0,"December 1, 2006",Biology,117,0,A quick and entertaining read.
The Time Traveller's Guide to Medieval England: A Handbook for Visitors to the Fourteenth Century,9780224079945,Ian Mortimer,4.0,"October 2, 2008",Personal-Development,489,1,The pacing felt a bit off in the middle.
The Heretic's Daughter,9780316037532,Kathleen Kent,4.0,"September 3, 2008",Personal-Development,167,1,The world-building in this fantasy novel is incredible.
The Heretic's Daughter,9780316037532,Kathleen Kent,,"September 3, 2008",Personal-Development,311,1,I couldn't put it down!
Batman: The Killing Joke,9780930289454,"Alan             Moore,Brian Bolland,Tim Sale",4.0,"November 16, 1988",Comics,47,0,A classic for a reason. Highly enjoyable.
"The Talent Code: Unlocking the Secret of Skill in Sports, Art, Music, Math, and Just About Everything Else",9781598878738,"Daniel Coyle,John Farrell",1.0,"January 1, 2009",Personal-Development,18,0,A classic for a reason. Highly enjoyable.
"The Talent Code: Unlocking the Secret of Skill in Sports, Art, Music, Math, and Just About Everything Else",9781598878738,"Daniel Coyle,John Farrell",4.0,"January 1, 2009",Personal-Development,91,1,A quick and entertaining read.
"D-Day, June 6, 1944: The Battle for the Normandy Beaches",9780743449748,Stephen E. Ambrose,4.0,"June 6, 1994",History,61,1,The ending left me wanting more.
"Lamplighter (Monster Blood Tattoo, #2)",9780399246395,D.M. Cornish,4.0,"May 27, 2007",Children,453,1,A thought-provoking and insightful book.
Freight Train,9780688149000,Donald Crews,4.0,"October 1, 1978",Children,146,0,The ending left me wanting more.
The Timeless Way of Building,9780195024029,Christopher W. Alexander,4.0,"December 12, 1978",Computer-Science,350,1,
Wild Thoughts from Wild Places,9780684835099,David Quammen,4.0,"January 1, 1998",Computer-Science,269,1,The plot twists kept me guessing until the end.
Wild Thoughts from Wild Places,9780684835099,David Quammen,4.0,"January 1, 1998",Computer-Science,367,1,I would recommend this to fans of [genre].
"Born Free: A Lioness of Two Worlds (Story of Elsa, #1)",9780375714382,"Joy Adamson,George Page",4.0,"January 28, 1960",Biology,269,0,The ending left me wanting more.
"Born Free: A Lioness of Two Worlds (Story of Elsa, #1)",9780375714382,"Joy Adamson,George Page",1.0,"January 28, 1960",Biology,404,0,I found the writing style to be quite beautiful.
God Calling: Devotionals for Restoring Faith and Serenity,9780515142037,A.J. Russell,5.0,"December 30, 1899",Personal-Development,241,0,I struggled to connect with the main character.
"Bloodfever (Fever, #2)",9780385339162,Karen Marie Moning,4.0,"October 16, 2007",Fantasy,445,1,The plot twists kept me guessing until the end.
A House for Birdie (MathStart Level 1),9780060523534,"Stuart J. Murphy,Edward Miller",4.0,"February 1, 2004",Math,351,0,I would recommend this to fans of [genre].
"Raphael (Vampires in America, #1)",9781933417479,D.B. Reynolds,4.0,"April 1, 2009",Children,213,0,A thought-provoking and insightful book.
"Raphael (Vampires in America, #1)",9781933417479,D.B. Reynolds,4.0,"April 1, 2009",Children,439,1,I found the writing style to be quite beautiful.
A Company of Swans,9781447280118,Eva Ibbotson,,"July 1, 1985",Children,426,0,A classic for a reason. Highly enjoyable.
Mind of the Raven,9780060930639,Bernd Heinrich,,"January 1, 1994",Biology,273,0,I couldn't put it down!
Mind of the Raven,9780060930639,Bernd Heinrich,4.0,"January 1, 1994",Biology,439,1,This book really made me think about [a theme].
The Algorithm Design Manual,9780387948607,Steven S. Skiena,4.0,"November 14, 1997",Computer-Science,286,1,I found the writing style to be quite beautiful.
The Algorithm Design Manual,9780387948607,Steven S. Skiena,4.0,"November 14, 1997",Computer-Science,333,1,A classic for a reason. Highly enjoyable.
How to Be a Footballer,9781785039768,Peter Crouch,,"January 1, 2018",nonfiction,105,0,I would recommend this to fans of [genre].
How to Be a Footballer,9781785039768,Peter Crouch,4.0,"January 1, 2018",nonfiction,469,1,The pacing felt a bit off in the middle.
One Righteous Man: Samuel Battle and the Shattering of the Color Line in New York,9780807043585,Arthur Browne,4.0,"June 30, 2015",Math,137,1,The ending left me wanting more.
Mathematical Sorcery: Revealing the Secrets of Numbers,9780738204963,Calvin C. Clawson,4.0,"April 21, 1999",Math,113,0,The ending left me wanting more.
Mathematical Sorcery: Revealing the Secrets of Numbers,9780738204963,Calvin C. Clawson,2.0,"April 21, 1999",Math,394,0,"Not what I expected, but in a good way!"
Geometry and the Imagination,9780821819982,"David Hilbert,Stefan Cohn-Vossen",,"January 1, 1932",Math,196,0,A classic for a reason. Highly enjoyable.
1491: New Revelations of the Americas Before Columbus,9781400032051,Charles C. Mann,4.0,"August 9, 2005",Biology,40,1,A captivating story with well-developed characters.
Fingerprints of the Gods: The Evidence of Earth's Lost Civilization,9780517887295,Graham Hancock,1.0,"January 1, 1995",Technology,306,0,I would recommend this to fans of [genre].
Real Analysis: Modern Techniques and Their Applications,9780471317166,Gerald B. Folland,4.0,"September 24, 1984",Math,60,1,The pacing felt a bit off in the middle.
The Last Resort,9780805061741,Alison Lurie,3.0,"January 1, 1998",nonfiction,281,0,The plot twists kept me guessing until the end.
The Last Resort,9780805061741,Alison Lurie,3.0,"January 1, 1998",nonfiction,446,0,"Not what I expected, but in a good way!"
Ripped from the Headlines!: The Shocking True Stories Behind the Movies' Most Memorable Crimes,9781542041799,Harold Schechter,4.0,"July 7, 2020",Math,145,1,The plot twists kept me guessing until the end.
Manic: A Memoir,9780061430237,Terri  Cheney,4.0,"January 1, 2008",nonfiction,364,1,The pacing felt a bit off in the middle.
The New Pie: Modern Techniques for the Classic American Dessert: A Baking Book,9780525576457,"Chris                     Taylor,Paul Arguin",4.0,"March 12, 2019",Math,29,0,I couldn't put it down!
"The Green Glass Sea (Green Glass, #1)",9780670061341,Ellen Klages,4.0,"October 19, 2006",Math,216,0,I struggled to connect with the main character.
"Scout's Progress (Liaden Universe, #6)",9780441009275,"Sharon Lee,Steve     Miller",4.0,"April 30, 2002",Math,196,0,A captivating story with well-developed characters.
Woman: An Intimate Geography,9780385498418,Natalie Angier,4.0,"January 1, 1999",Computer-Science,259,1,A captivating story with well-developed characters.
"Alien Mate 2 (Alien Mate, #2)",9781936279395,Eve Langlais,4.0,"July 23, 2010",Biology,155,0,Disappointing after all the hype.
The Fabulous Flying Machines of Alberto Santos-Dumont,9781419700118,"Victoria Griffith,Eva Montanari",4.0,"September 1, 2011",Math,350,1,
A Long Way Gone: Memoirs of a Boy Soldier,9780374105235,Ishmael Beah,4.0,"February 13, 2007",Personal-Development,12,1,I found the writing style to be quite beautiful.
A Long Way Gone: Memoirs of a Boy Soldier,9780374105235,Ishmael Beah,4.0,"February 13, 2007",Personal-Development,127,1,The plot twists kept me guessing until the end.
Scroobious Pip,9780060237653,"Edward Lear,Ogden Nash,Nancy E. Burkert",,"September 1, 1968",Children,411,0,A quick and entertaining read.
Scroobious Pip,9780060237653,"Edward Lear,Ogden Nash,Nancy E. Burkert",4.0,"September 1, 1968",Children,480,1,A quick and entertaining read.
"Living Promises (Promises, #3)",9781613720462,Amy Lane,4.0,"July 3, 2011",Cars,33,1,The ending left me wanting more.
Braving the Wilderness,9780812995848,Brené Brown,,"September 12, 2017",Personal-Development,121,0,A thought-provoking and insightful book.
The Comfort Book,9780143136668,Matt Haig,1.0,"July 6, 2021",Personal-Development,317,0,I couldn't put it down!
The Comfort Book,9780143136668,Matt Haig,4.0,"July 6, 2021",Personal-Development,372,1,I struggled to connect with the main character.
"The Infinite Book: A Short Guide to the Boundless, Timeless and Endless",9781400032242,John D. Barrow,4.0,"February 14, 2005",Math,477,1,A quick and entertaining read.
"Death Jr., Vol. 1",9781582405261,"Gary Whitta,Ted Naifeh,Mike Mignola,Terri Selting",,"April 1, 2005",Children,235,0,A captivating story with well-developed characters.
The Way the World Works: Essays,9781416572473,Nicholson Baker,4.0,"July 19, 2012",Math,233,1,The world-building in this fantasy novel is incredible.
When She Woke,9781565126299,Hillary Jordan,4.0,"October 4, 2011",Children,237,1,Disappointing after all the hype.
"7th Circle (Hades, #1)",9789464402049,Tate James,4.0,"January 8, 2021",Cars,491,1,
The Silent Stranger: A Kaya Mystery (American Girl Mysteries),9781584859901,Janet Beeler Shaw,,"March 1, 2005",Children,122,1,
Computer Systems Organization and Architecture,9780201612530,John D. Carpinelli,4.0,"January 1, 2000",Computer-Science,109,1,"Not what I expected, but in a good way!"
Computer Systems Organization and Architecture,9780201612530,John D. Carpinelli,,"January 1, 2000",Computer-Science,216,1,The plot twists kept me guessing until the end.
Princess: A True Story of Life Behind the Veil in Saudi Arabia,9780967673745,jean-sasson,4.0,"September 1, 1993",History,13,1,Disappointing after all the hype.
Princess: A True Story of Life Behind the Veil in Saudi Arabia,9780967673745,jean-sasson,4.0,"September 1, 1993",History,352,1,
Tron,9780450055508,Brian Daley,4.0,"January 1, 1982",Computer-Science,35,1,The pacing felt a bit off in the middle.
Eunoia,9781552450925,Christian Bök,3.0,"January 19, 1999",Math,181,0,This book really made me think about [a theme].
"Buddy (The Puppy Place, #5)",9780439874106,Ellen Miles,4.0,"May 1, 2007",Math,405,0,The ending left me wanting more.
"The Curious World of Calpurnia Tate (Calpurnia Tate, #2)",9780805097443,Jacqueline Kelly,,"May 1, 2015",Math,231,0,I couldn't put it down!
"The Curious World of Calpurnia Tate (Calpurnia Tate, #2)",9780805097443,Jacqueline Kelly,4.0,"May 1, 2015",Math,427,0,This book really made me think about [a theme].
Stolen Focus: Why You Can't Pay Attention— and How to Think Deeply Again,9780593138519,Johann Hari,4.0,"January 6, 2022",Personal-Development,445,1,
Cunt: A Declaration of Independence,9781580050753,"Inga Muscio,Betty Dodson",4.0,"January 1, 1998",History,281,0,The world-building in this fantasy novel is incredible.
"The Math Book: From Pythagoras to the 57th Dimension, 250 Milestones in the History of Mathematics (Union Square & Co. Milestones)",9781402757969,Clifford A. Pickover,4.0,"September 1, 2009",Math,416,1,
"The Math Book: From Pythagoras to the 57th Dimension, 250 Milestones in the History of Mathematics (Union Square & Co. Milestones)",9781402757969,Clifford A. Pickover,4.0,"September 1, 2009",Math,422,1,The world-building in this fantasy novel is incredible.
"Troll Mill (Troll, #2)",9780060583071,Katherine Langrish,4.0,"June 30, 2005",Children,156,1,Disappointing after all the hype.
"Troll Mill (Troll, #2)",9780060583071,Katherine Langrish,4.0,"June 30, 2005",Children,318,0,"Not what I expected, but in a good way!"
The Killing Code,9780316339582,Ellie Marney,4.0,"September 20, 2022",Math,70,0,A quick and entertaining read.
A Guide to Econometrics. 6th edition,9781405182577,Peter E. Kennedy,,"January 1, 1979",Computer-Science,266,1,I would recommend this to fans of [genre].
"Elements of ML Programming, ML97 Edition",9780137903870,Jeffrey D. Ullman,4.0,"January 2, 1994",Computer-Science,208,1,I found the writing style to be quite beautiful.
"Elements of ML Programming, ML97 Edition",9780137903870,Jeffrey D. Ullman,4.0,"January 2, 1994",Computer-Science,279,0,The world-building in this fantasy novel is incredible.
Ella Baker and the Black Freedom Movement: A Radical Democratic Vision (Gender and American Culture),9780807856161,Barbara Ransby,4.0,"January 1, 2003",Math,117,1,I struggled to connect with the main character.
"Act Like a Lady, Think Like a Man: What Men Really Think About Love, Relationships, Intimacy, and Commitment",9780061728976,Steve Harvey,4.0,"January 1, 2009",Personal-Development,100,1,
Capital: A Critique of Political Economy Volume 1,9780140445688,Karl Marx,,"January 1, 1867",Economics,181,0,I struggled to connect with the main character.
Broken Open: How Difficult Times Can Help Us Grow,9780375759918,Elizabeth Lesser,4.0,"May 4, 2004",Personal-Development,118,1,I struggled to connect with the main character.
Mathematical Mysteries: The Beauty and Magic of Numbers,9780306454042,Calvin C. Clawson,4.0,"August 21, 1996",Math,51,0,I couldn't put it down!
Falling into Place,9780807009925,Amy    Zhang,4.0,"September 9, 2014",Math,460,1,Disappointing after all the hype.
"Eragon, Eldest & Brisingr (Inheritance, #1-3)",9780375846151,Christopher Paolini,,"September 20, 2008",Fantasy,24,0,A classic for a reason. Highly enjoyable.
"Eragon, Eldest & Brisingr (Inheritance, #1-3)",9780375846151,Christopher Paolini,4.0,"September 20, 2008",Fantasy,264,1,I would recommend this to fans of [genre].
Bell Hammers,9781949547023,Lancelot Schaubert,4.0,"October 12, 2020",History,18,1,
The Untold History of the Potato,9780099474791,John Reader,4.0,"January 1, 2008",Computer-Science,499,1,This book really made me think about [a theme].
The Power of Focus,9780091876500,"Jack Canfield,Mark Victor Hansen",1.0,"March 1, 2000",Personal-Development,394,0,The plot twists kept me guessing until the end.
The Five: The Lives of Jack the Ripper's Women,9781328664082,Hallie Rubenhold,4.0,"February 28, 2019",Technology,138,1,This book really made me think about [a theme].
The Five: The Lives of Jack the Ripper's Women,9781328664082,Hallie Rubenhold,4.0,"February 28, 2019",Technology,158,1,Disappointing after all the hype.
"Blackberry Pie Murder (Hannah Swensen, #17)",9780758280374,Joanne Fluke,4.0,"January 1, 2014",Math,29,1,
Pretty Bad Things,9780545289733,C.J. Skuse,4.0,"February 1, 2010",Cars,230,1,"Not what I expected, but in a good way!"
Pretty Bad Things,9780545289733,C.J. Skuse,4.0,"February 1, 2010",Cars,236,1,A classic for a reason. Highly enjoyable.
Pretty Bad Things,9780545289733,C.J. Skuse,1.0,"February 1, 2010",Cars,341,0,I struggled to connect with the main character.
"84, Charing Cross Road",9780140143508,Helene Hanff,4.0,"January 1, 1970",Personal-Development,357,1,
The Complete Conversations with God,9780399153297,Neale Donald Walsch,4.0,"January 1, 1998",Personal-Development,61,1,A thought-provoking and insightful book.
The Complete Conversations with God,9780399153297,Neale Donald Walsch,4.0,"January 1, 1998",Personal-Development,163,1,A thought-provoking and insightful book.
"The Fabric of the Cosmos: Space, Time, and the Texture of Reality",9780965900584,Brian Greene,1.0,"February 10, 2004",Biology,467,0,The world-building in this fantasy novel is incredible.
Hobberdy Dick,9781903252055,"Katharine M. Briggs,Scoular Anderson,Berlie Doherty",4.0,"January 1, 1955",Children,432,0,I would recommend this to fans of [genre].
Charlie Bingham Gets Clocked,9780692550373,Maggie M. Larche,4.0,"October 1, 2015",Math,65,0,A captivating story with well-developed characters.
Charlie Bingham Gets Clocked,9780692550373,Maggie M. Larche,,"October 1, 2015",Math,326,0,This book really made me think about [a theme].
"How I Got My Shrunken Head (Goosebumps, #39)",9780439568357,R.L. Stine,4.0,"January 1, 1996",Children,207,1,I would recommend this to fans of [genre].
Still Alice,9780595440092,Lisa Genova,4.0,"July 6, 2007",Personal-Development,324,0,The world-building in this fantasy novel is incredible.
Around the World in 80 Trees,9781786271617,"Jonathan Drori,Lucille Clerc",5.0,"May 28, 2018",Math,411,0,
Doctor Who: The Algebra of Ice,9780563486213,Lloyd Rose,4.0,"October 27, 2004",Math,168,0,This book really made me think about [a theme].
"Declutter Your Mind: How to Stop Worrying, Relieve Anxiety, and Eliminate Negative Thinking",9781535575089,"S.J. Scott,Barrie Davenport",4.0,"August 21, 2016",Personal-Development,498,1,I couldn't put it down!
Nonviolent Communication: A Language of Life,9781892005038,"Marshall B. Rosenberg,Arun Gandhi",4.0,"January 1, 1999",Business,395,1,I couldn't put it down!
The Man Who Deciphered Linear B: The Story of Michael Ventris,9780500510773,Andrew Robinson,4.0,"June 8, 2002",Math,359,1,A thought-provoking and insightful book.
The Man Who Deciphered Linear B: The Story of Michael Ventris,9780500510773,Andrew Robinson,,"June 8, 2002",Math,428,1,"Not what I expected, but in a good way!"
Applied Statistics and the SAS Programming Language,9780131465329,"Ronald P. Cody,Jeffrey Smith",4.0,"January 13, 1987",Computer-Science,75,1,A thought-provoking and insightful book.
Applied Statistics and the SAS Programming Language,9780131465329,"Ronald P. Cody,Jeffrey Smith",3.0,"January 13, 1987",Computer-Science,154,0,"Not what I expected, but in a good way!"
The Snowball: Warren Buffett and the Business of Life,9780553805093,Alice Schroeder,,"January 1, 2008",History,154,1,The ending left me wanting more.
Hurricane Punch,9780061259937,Tim Dorsey,4.0,"January 23, 2007",nonfiction,327,1,The pacing felt a bit off in the middle.
"The Emotional Life of Your Brain: How Its Unique Patterns Affect the Way You Think, Feel, and Live--and How You Can Change Them",9781594630897,"Richard J. Davidson,Sharon Begley",4.0,"March 1, 2012",Business,479,0,"Not what I expected, but in a good way!"
"The Inner Circle (Culper Ring, #1)",9780446577892,Brad Meltzer,4.0,"January 11, 2011",Children,373,0,A classic for a reason. Highly enjoyable.
Death of the Author,9780063391147,Nnedi Okorafor,4.0,"January 14, 2025",Children,87,1,I couldn't put it down!
The Privileged Planet: How Our Place in the Cosmos Is Designed for Discovery,9780895260659,"Guillermo González,Jay Richards",4.0,"February 1, 2004",Biology,41,1,The ending left me wanting more.
Year of Yes,9781471157325,Shonda Rhimes,4.0,"November 10, 2015",Personal-Development,250,0,The ending left me wanting more.
Home: A Short History of an Idea,9780140102314,Witold Rybczynski,2.0,"January 1, 1986",Technology,246,0,
Rights of Man,9780543954619,Thomas Paine,4.0,"January 1, 1791",Economics,276,1,
Judgment Under Uncertainty: Heuristics and Biases,9780521284141,"Daniel Kahneman,Paul Slovic,Amos Tversky",4.0,"April 30, 1982",Economics,424,0,The plot twists kept me guessing until the end.
The (Mis)Behavior of Markets,9780465043552,"Benoît B. Mandelbrot,Richard L. Hudson",,"September 18, 1997",Math,375,0,A quick and entertaining read.
Hotel on the Corner of Bitter and Sweet,9780345505330,Jamie Ford,,"January 27, 2009",Personal-Development,467,0,The world-building in this fantasy novel is incredible.
The Adventures of Huckleberry Finn,9780142437179,"Mark Twain,Guy Cardwell,E.W. Kemble,John Seelye,Walter Trier,Tom Wilson,William Little Hughes",1.0,"February 18, 1884",Fantasy,148,0,A thought-provoking and insightful book.
Schaum's Outline of Logic,9780070466494,John Nolt,3.0,"June 1, 1988",Math,335,0,The plot twists kept me guessing until the end.
Amazon Web Services in Action,9781617292880,"Michael Wittig,Michael Wittig",,"December 1, 2015",Computer-Science,156,0,Disappointing after all the hype.
Amazon Web Services in Action,9781617292880,"Michael Wittig,Michael Wittig",4.0,"December 1, 2015",Computer-Science,361,0,I would recommend this to fans of [genre].
And Every Morning the Way Home Gets Longer and Longer,9781508230717,"Fredrik Backman,David Morse",4.0,"August 24, 2015",Children,229,1,A classic for a reason. Highly enjoyable.
And Every Morning the Way Home Gets Longer and Longer,9781508230717,"Fredrik Backman,David Morse",4.0,"August 24, 2015",Children,360,1,A classic for a reason. Highly enjoyable.
Not If I Save You First,9781338134148,Ally Carter,4.0,"March 27, 2018",nonfiction,182,0,I would recommend this to fans of [genre].
"The Anatomist's Wife (Lady Darby Mystery, #1)",9780425253281,Anna Lee Huber,1.0,"November 6, 2012",Computer-Science,119,0,This book really made me think about [a theme].
Applied Linear Statistical Models,9780072386882,"Michael H. Kutner,John Neter,Christopher J. Nachtsheim",4.0,"January 1, 1974",Computer-Science,139,0,I struggled to connect with the main character.
The Phantom Tollbooth,9780394820378,"Norton Juster,Jules Feiffer,Maurice Sendak",4.0,"January 1, 1961",Math,118,1,
The Phantom Tollbooth,9780394820378,"Norton Juster,Jules Feiffer,Maurice Sendak",,"January 1, 1961",Math,148,0,"Not what I expected, but in a good way!"
The Phantom Tollbooth,9780394820378,"Norton Juster,Jules Feiffer,Maurice Sendak",4.0,"January 1, 1961",Math,328,1,A thought-provoking and insightful book.
"Catching Fire (The Hunger Games, #2)",9780439023498,Suzanne Collins,4.0,"September 1, 2009",Technology,8,1,A thought-provoking and insightful book.
On Formally Undecidable Propositions of Principia Mathematica and Related Systems,9780486669809,"Kurt Gödel,Bernard Meltzer",,"April 1, 1992",Math,3,0,I struggled to connect with the main character.
"The Scrumban [R]Evolution: Getting the Most Out of Agile, Scrum, and Lean Kanban",9780134086217,Ajay Reddy,4.0,"June 29, 2015",Computer-Science,311,0,The pacing felt a bit off in the middle.
Clifford's First Autumn (Clifford 8x8),9780590341301,Norman Bridwell,3.0,"September 1, 1997",Math,340,0,The ending left me wanting more.
"Diamonds and Deadlines: A Tale of Greed, Deceit, and a Female Tycoon in the Gilded Age",9781468314502,Betsy Prioleau,,"January 1, 2022",Math,67,1,
"Diamonds and Deadlines: A Tale of Greed, Deceit, and a Female Tycoon in the Gilded Age",9781468314502,Betsy Prioleau,4.0,"January 1, 2022",Math,419,1,The plot twists kept me guessing until the end.
"Night of the Raven, Dawn of the Dove",9781250823687,Rati Mehrotra,4.0,"October 18, 2022",Children,398,1,"Not what I expected, but in a good way!"
"Neon Genesis Evangelion, Volume 3 (Neon Genesis Evangelion (Viz) (Graphic Novels))",9781591164012,Yoshiyuki Sadamoto,,"October 29, 1996",Computer-Science,470,0,I would recommend this to fans of [genre].
"Neon Genesis Evangelion, Volume 3 (Neon Genesis Evangelion (Viz) (Graphic Novels))",9781591164012,Yoshiyuki Sadamoto,3.0,"October 29, 1996",Computer-Science,481,0,The pacing felt a bit off in the middle.
The Diary of a Young Girl,9780385480338,"Anne Frank,Eleanor Roosevelt,Susan Massotty,Γιάννης Θωμόπουλος,Barbara Mooyaart-Doubleday,Otto H. Frank, Mirjam Pressler",4.0,"June 25, 1947",Business,336,0,This book really made me think about [a theme].
Macrowikinomics: Rebooting Business and the World,9781591843566,"Don Tapscott,Anthony D. Williams",4.0,"September 1, 2010",Technology,466,0,
Deep Medicine: How Artificial Intelligence Can Make Healthcare Human Again,9781541644632,Eric J. Topol,4.0,"January 1, 2019",Computer-Science,112,1,"Not what I expected, but in a good way!"
Calculus Wars,9781843440369,Jason Socrates Bardi,,"January 1, 2006",Math,434,1,A quick and entertaining read.
"Saga, Volume 1",9781607066019,"Brian K. Vaughan,Fiona Staples",4.0,"October 10, 2012",Comics,149,0,I struggled to connect with the main character.
Little Mouse's Sweet Treat,9780997878509,Shana Hollowell,5.0,"August 19, 2016",Math,463,1,A thought-provoking and insightful book.
The Mindful Way through Depression: Freeing Yourself from Chronic Unhappiness,9781593851286,"J. Mark G. Williams,John D. Teasdale,Zindel V. Segal,Jon Kabat-Zinn",2.0,"June 1, 2007",Personal-Development,239,0,I couldn't put it down!
"River Marked (Mercy Thompson, #6)",9781841497976,Patricia Briggs,4.0,"March 1, 2011",Fantasy,147,0,The world-building in this fantasy novel is incredible.
"The Wide Window (A Series of Unfortunate Events, #3)",9780064407687,"Lemony Snicket,Brett Helquist",,"February 25, 2000",Children,213,1,Disappointing after all the hype.
It's Superman!,9780345493927,Tom De Haven,4.0,"September 15, 2005",Comics,466,1,
Fire Escape: How Animals and Plants Survive Wildfires (Books for a Better Earth),9780823454426,"Jessica Stremer,Michael Garland",4.0,"June 25, 2024",Math,133,1,The plot twists kept me guessing until the end.
"Leadership: Past, Present & Future",9781596085466,Carlos    Rivera,4.0,"March 1, 2005",Personal-Development,398,0,"Not what I expected, but in a good way!"
Just Enough Carrots (MathStart 1),9780064467117,"Stuart J. Murphy,Frank Remkiewicz",4.0,"August 16, 1997",Cars,445,0,A classic for a reason. Highly enjoyable.
"The Tombs of Atuan (Earthsea Cycle, #2)",9780689845369,Ursula K. Le Guin,4.0,"September 10, 1971",Children,69,0,The ending left me wanting more.
"Neon Genesis Evangelion, Vol. 7",9781591164050,Yoshiyuki Sadamoto,1.0,"December 1, 2001",Computer-Science,15,0,A thought-provoking and insightful book.
Hugs from Obama: A Photographic Look Back at the Warmth and Wisdom of President Barack Obama,9781250201096,M. Sweeney,5.0,"September 4, 2018",Personal-Development,262,1,
"Goodnight, Goodnight, Construction Site",9780811877824,"Sherri Duskey Rinker,Tom Lichtenheld",,"March 2, 2011",Cars,240,0,I struggled to connect with the main character.
Eleanor of Aquitaine and the Four Kings,9780674242548,Amy  Kelly,4.0,"January 1, 1950",nonfiction,300,0,Disappointing after all the hype.
"Sleep Smarter: 21 Essential Strategies to Sleep Your Way to A Better Body, Better Health, and Bigger Success",9781623367398,"Shawn Stevenson,Sara Gottfried",1.0,"May 22, 2014",Personal-Development,285,0,The pacing felt a bit off in the middle.
"Echo McCool, Outlaw Through Time",9781908105264,Roger K. Driscoll,5.0,"January 1, 2011",Children,306,0,The plot twists kept me guessing until the end.
Make Way for Ducklings,9780670035380,Robert McCloskey,4.0,"January 1, 1941",Biology,50,1,
The Radium Girls: The Dark Story of America’s Shining Women,9781492649359,Kate  Moore,4.0,"June 1, 2016",Biology,291,1,
Bullshit Jobs: A Theory,9781501143311,David Graeber,4.0,"May 1, 2018",Math,443,0,
"The Book of the Unnamed Midwife (The Road to Nowhere, #1)",9781503939110,Meg Elison,4.0,"June 4, 2014",Computer-Science,326,1,The ending left me wanting more.
"Jurassic Park (Jurassic Park, #1)",9780307763051,Michael Crichton,4.0,"November 7, 1990",Fantasy,130,0,I struggled to connect with the main character.
Shaman,9780316098076,Kim Stanley Robinson,4.0,"September 3, 2013",Math,166,0,The world-building in this fantasy novel is incredible.
The Erie Canal,9780966441109,Peter Spier,4.0,"January 1, 1970",Children,41,1,The pacing felt a bit off in the middle.
The Erie Canal,9780966441109,Peter Spier,2.0,"January 1, 1970",Children,52,0,A classic for a reason. Highly enjoyable.
The Erie Canal,9780966441109,Peter Spier,4.0,"January 1, 1970",Children,96,1,I found the writing style to be quite beautiful.
The Erie Canal,9780966441109,Peter Spier,4.0,"January 1, 1970",Children,470,1,The pacing felt a bit off in the middle.
"One, Two, Three: Absolutely Elementary Mathematics",9780375423338,David Berlinski,3.0,"January 1, 2011",Math,57,0,A classic for a reason. Highly enjoyable.
Teasing Secrets from the Dead: My Investigations at America's Most Infamous Crime Scenes,9781400049226,Emily Craig,1.0,"January 1, 2004",Computer-Science,32,0,A quick and entertaining read.
At Home: A Short History of Private Life,9780767919388,Bill Bryson,4.0,"May 27, 2010",Personal-Development,309,0,I would recommend this to fans of [genre].
The Children of Noisy Village,9780140326093,"Astrid Lindgren,Ilon Wikland,Florence Lamborn",4.0,"January 1, 1946",Children,475,1,A thought-provoking and insightful book.
Statistics,9780393522105,"David Freedman,Robert Pisani,Roger Purves",4.0,"April 1, 1978",Computer-Science,300,1,This book really made me think about [a theme].
The Thrilling Adventures of Lovelace and Babbage,978-0307908278,Sydney Padua,4.0,"April 21, 2015",Comics,374,1,A thought-provoking and insightful book.
The Killers Within: The Deadly Rise Of Drug-Resistant Bacteria,9780316735667,"Michael Shnayerson,Mark J. Plotkin",4.0,"January 1, 2002",Math,464,0,The plot twists kept me guessing until the end.
My Lesbian Experience with Loneliness,9781626926035,"Kabi Nagata,Jocelyne Allen",4.0,"January 1, 2016",Comics,172,1,I would recommend this to fans of [genre].
The Couple Next Door,9780735221086,Shari Lapena,,"July 14, 2016",nonfiction,441,0,
The Velveteen Rabbit,9780380002559,"Margery Williams Bianco,William   Nicholson",4.0,"January 1, 1922",studio-ghibli,429,1,A captivating story with well-developed characters.
Big Friendship: How We Keep Each Other Close,9781982111908,"Aminatou Sow,Ann Friedman",4.0,"July 14, 2020",Personal-Development,202,0,A classic for a reason. Highly enjoyable.
"Now, Discover Your Strengths: The revolutionary Gallup program that shows you how to develop your unique talents and strengths",9780743201148,Gallup,1.0,"January 1, 2001",Business,50,0,This book really made me think about [a theme].
Two-Way Street,9781416913184,Lauren Barnholdt,4.0,"June 26, 2007",Cars,135,1,"Not what I expected, but in a good way!"
Two-Way Street,9781416913184,Lauren Barnholdt,4.0,"June 26, 2007",Cars,420,1,I found the writing style to be quite beautiful.
Two-Way Street,9781416913184,Lauren Barnholdt,4.0,"June 26, 2007",Cars,478,1,
"Captain Marvel, Vol. 1: Higher, Further, Faster, More",9780785190134,"Kelly Sue DeConnick,David López",,"October 21, 2014",Comics,307,1,The pacing felt a bit off in the middle.
"Captain Marvel, Vol. 1: Higher, Further, Faster, More",9780785190134,"Kelly Sue DeConnick,David López",1.0,"October 21, 2014",Comics,478,0,I couldn't put it down!
When the Root Children Wake Up,9780590425179,"Audrey Wood,Ned Bittinger",4.0,"January 1, 2002",Children,190,1,The world-building in this fantasy novel is incredible.
I Feel Bad About My Neck and Other Thoughts on Being a Woman,9780307264558,Nora Ephron,4.0,"January 1, 2006",Personal-Development,265,1,A quick and entertaining read.
Composed: A Memoir,9780670021963,Rosanne Cash,1.0,"April 1, 2010",nonfiction,270,0,Disappointing after all the hype.
Seeds of Hope: Wisdom and Wonder from the World of Plants,9781455513222,"Jane Goodall,Gail Hudson,Michael Pollan",4.0,"April 2, 2013",Math,482,1,The plot twists kept me guessing until the end.
"Runaways, Vol. 1: Pride & Joy",9780785113799,"Brian K. Vaughan,Adrian Alphona",3.0,"December 6, 2006",Children,251,0,The world-building in this fantasy novel is incredible.
"Mini Habits: Smaller Habits, Bigger Results (Mini Habits, #1)",9781494882273,Stephen Guise,4.0,"December 22, 2013",Personal-Development,225,1,A captivating story with well-developed characters.
"Mini Habits: Smaller Habits, Bigger Results (Mini Habits, #1)",9781494882273,Stephen Guise,4.0,"December 22, 2013",Personal-Development,451,1,I struggled to connect with the main character.
Database Concepts,9780135188347,"David M. Kroenke,David J. Auer,Scott L. Vandenberg,Robert C. Yoder",3.0,"January 1, 2002",Computer-Science,228,1,A quick and entertaining read.
Database Concepts,9780135188347,"David M. Kroenke,David J. Auer,Scott L. Vandenberg,Robert C. Yoder",3.0,"January 1, 2002",Computer-Science,255,1,I found the writing style to be quite beautiful.
The Hairy Toe: Read and Share (Reading and Math Together),9780763608606,Daniel Postgate,4.0,"January 1, 1998",Children,121,0,I would recommend this to fans of [genre].
"Overwhelmed: Work, Love, and Play When No One Has the Time",9780374228446,Brigid Schulte,,"March 11, 2014",Personal-Development,4,1,I would recommend this to fans of [genre].
"Undead and Unwed (Undead, #1)",9780425194850,MaryJanice Davidson,1.0,"March 2, 2004",Children,158,0,I couldn't put it down!
The Okay Book,9780316692205,Todd Parr,4.0,"January 1, 1999",Children,163,1,
"Safe Food: Bacteria, Biotechnology, and Bioterrorism (California Studies in Food and Culture)",9780520242234,Marion Nestle,4.0,"January 1, 2003",Computer-Science,45,1,A classic for a reason. Highly enjoyable.
Digging for God,9780228817383,Tom Hillman,4.0,"June 11, 2019",Personal-Development,439,1,I would recommend this to fans of [genre].
Failing Forward: Turning Mistakes Into Stepping Stones for Success,9780785274308,John C. Maxwell,4.0,"January 1, 1982",Personal-Development,126,1,I found the writing style to be quite beautiful.
Failing Forward: Turning Mistakes Into Stepping Stones for Success,9780785274308,John C. Maxwell,4.0,"January 1, 1982",Personal-Development,299,1,I struggled to connect with the main character.
New Age Religion and Western Culture: Esotericism in the Mirror of Secular Thought,9780791438541,Wouter J. Hanegraaff,4.0,"January 1, 1996",Personal-Development,34,1,This book really made me think about [a theme].
The Shift: The Future of Work Is Already Here,9780007427932,Lynda Gratton,4.0,"May 12, 2011",Personal-Development,23,0,Disappointing after all the hype.
The Shift: The Future of Work Is Already Here,9780007427932,Lynda Gratton,4.0,"May 12, 2011",Personal-Development,352,1,The ending left me wanting more.
The Shift: The Future of Work Is Already Here,9780007427932,Lynda Gratton,,"May 12, 2011",Personal-Development,362,0,Disappointing after all the hype.
"The Magic School Bus and the Electric Field Trip (The Magic School Bus, #9)",9780590446839,"Joanna Cole,Bruce Degen",4.0,"January 1, 1997",Math,78,0,Disappointing after all the hype.
The Happiness Equation: Want Nothing + Do Anything = Have Everything,9780399169472,Neil Pasricha,4.0,"March 31, 2015",Personal-Development,98,0,
"AI Doctor: The Rise of Artificial Intelligence in Healthcare - A Guide for Users, Buyers, Builders, and Investors",9781394240173,Ronald M. Razmi,4.0,"January 3, 2024",Artificial-Intelligence,157,1,I found the writing style to be quite beautiful.
You Can Heal Your Life,9788176210775,Louise L. Hay,4.0,"January 1, 1984",Business,236,1,A captivating story with well-developed characters.
Towering,9780062024176,Alex Flinn,3.0,"May 1, 2013",Children,12,0,
Towering,9780062024176,Alex Flinn,,"May 1, 2013",Children,415,1,"Not what I expected, but in a good way!"
Are You Ready to Succeed? Unconventional Strategies to Achieving Personal Mastery in Business and Life,9781401301934,Srikumar Rao,4.0,"January 1, 2006",Personal-Development,184,1,A quick and entertaining read.
"Insurgent (Divergent, #2)",9780007442911,Veronica Roth,4.0,"May 1, 2012",Children,92,0,A thought-provoking and insightful book.
Prodigal Summer,9780060959036,Barbara Kingsolver,4.0,"October 17, 2000",Technology,295,1,The pacing felt a bit off in the middle.
Prodigal Summer,9780060959036,Barbara Kingsolver,,"October 17, 2000",Technology,342,0,
Women Who Love Too Much: When You Keep Wishing and Hoping He'll Change,9780671733414,Robin Norwood,4.0,"January 1, 1985",Personal-Development,159,1,I couldn't put it down!
"Enchantment: The Art of Changing Hearts, Minds, and Actions",9781591843795,Guy Kawasaki,1.0,"January 1, 2011",Technology,138,0,I would recommend this to fans of [genre].
"Enchantment: The Art of Changing Hearts, Minds, and Actions",9781591843795,Guy Kawasaki,4.0,"January 1, 2011",Technology,424,1,
Atlas Obscura: An Explorer's Guide to the World's Hidden Wonders,9780761169086,"Joshua Foer,Dylan Thuras,Ella Morton",4.0,"September 20, 2016",Math,151,1,I would recommend this to fans of [genre].
Hang the Moon,9781501117299,Jeannette Walls,4.0,"March 28, 2023",Cars,171,1,A thought-provoking and insightful book.
"The Candy Shop War (The Candy Shop War, #1)",9781590387832,Brandon Mull,,"September 11, 2007",Children,395,1,This book really made me think about [a theme].
"Emotional Agility: Get Unstuck, Embrace Change, and Thrive in Work and Life",9781592409495,Susan  David,4.0,"September 1, 2016",Personal-Development,474,0,The world-building in this fantasy novel is incredible.
"The Wall and the Wing (Wall and the Wing, #1)",9780060752576,Laura Ruby,3.0,"March 1, 2006",Children,214,0,This book really made me think about [a theme].
"The Wall and the Wing (Wall and the Wing, #1)",9780060752576,Laura Ruby,4.0,"March 1, 2006",Children,234,0,I struggled to connect with the main character.
"The Wall and the Wing (Wall and the Wing, #1)",9780060752576,Laura Ruby,4.0,"March 1, 2006",Children,240,1,I found the writing style to be quite beautiful.
I Know What You Did Last Summer,9780440228448,Lois Duncan,3.0,"October 1, 1973",Cars,310,1,
"Desert Heat (Joanna Brady, #1)",9780380765454,J.A. Jance,,"January 1, 1993",Children,429,0,The world-building in this fantasy novel is incredible.
Alpha Redemption,9780986451744,P.A. Baines,3.0,"September 1, 2010",Technology,273,0,Disappointing after all the hype.
Alpha Redemption,9780986451744,P.A. Baines,4.0,"September 1, 2010",Technology,276,1,
Alpha Redemption,9780986451744,P.A. Baines,4.0,"September 1, 2010",Technology,334,0,This book really made me think about [a theme].
Alpha Redemption,9780986451744,P.A. Baines,2.0,"September 1, 2010",Technology,335,0,I struggled to connect with the main character.
#Girlboss,9780399169274,Sophia Amoruso,4.0,"May 6, 2014",Personal-Development,283,1,The ending left me wanting more.
"Write Great Code: Volume 2: Thinking Low-Level, Writing High-Level",9781593270650,Randall Hyde,1.0,"March 14, 2006",Math,100,0,Disappointing after all the hype.
"Write Great Code: Volume 2: Thinking Low-Level, Writing High-Level",9781593270650,Randall Hyde,,"March 14, 2006",Math,323,1,The ending left me wanting more.
Becoming Chloe,9780375832581,Catherine Ryan Hyde,4.0,"March 28, 2006",Cars,115,1,
Becoming Chloe,9780375832581,Catherine Ryan Hyde,4.0,"March 28, 2006",Cars,446,1,I couldn't put it down!
Christmas in Noisy Village,9780140503449,"Astrid Lindgren,Ilon Wikland,Florence Lamborn",4.0,"January 1, 1962",Children,75,0,
Lord of the Flies,9780140283334,William Golding,3.0,"September 17, 1954",Children,154,0,This book really made me think about [a theme].
Lord of the Flies,9780140283334,William Golding,4.0,"September 17, 1954",Children,270,0,A classic for a reason. Highly enjoyable.
Lord of the Flies,9780140283334,William Golding,4.0,"September 17, 1954",Children,338,1,The pacing felt a bit off in the middle.
The High 5 Habit: Take Control of Your Life with One Simple Habit,9781401962128,Mel Robbins,3.0,"September 28, 2021",Personal-Development,43,0,The world-building in this fantasy novel is incredible.
Screen Queens,9780451481597,Lori  Goldstein,4.0,"June 11, 2019",Math,132,1,I found the writing style to be quite beautiful.
Screen Queens,9780451481597,Lori  Goldstein,,"June 11, 2019",Math,136,1,A classic for a reason. Highly enjoyable.
Chasing the Dream (Everyone's Mechanic #1),9781913186364,Ann Marie James,4.0,"October 22, 2019",Cars,6,0,The world-building in this fantasy novel is incredible.
How to Make People Like You in 90 Seconds or Less,9780761119401,Nicholas Boothman,,"June 1, 1999",Personal-Development,461,0,A thought-provoking and insightful book.
How to Make People Like You in 90 Seconds or Less,9780761119401,Nicholas Boothman,3.0,"June 1, 1999",Personal-Development,487,0,This book really made me think about [a theme].
Did I Ever Tell You How High You Can Count?: Learn About Counting Beyond 100 (Dr. Seuss Beginner Fun Books),9780679870814,Dr. Seuss,1.0,"July 30, 1996",Math,397,0,A captivating story with well-developed characters.
"Graph Theory (Graduate Texts in Mathematics, 173)",9783662575604,Reinhard Diestel,4.0,"June 5, 2018",Computer-Science,47,0,The ending left me wanting more.
"Graph Theory (Graduate Texts in Mathematics, 173)",9783662575604,Reinhard Diestel,4.0,"June 5, 2018",Computer-Science,232,1,A classic for a reason. Highly enjoyable.
"Graph Theory (Graduate Texts in Mathematics, 173)",9783662575604,Reinhard Diestel,4.0,"June 5, 2018",Computer-Science,399,1,
Yellow Line (Orca Soundings),9781551434629,Sylvia Olsen,4.0,"January 1, 2005",Math,335,1,I couldn't put it down!
True Hero?,9781937085025,Jack Hessey,,"July 1, 2011",Comics,119,1,
"March: Book One (March, #1)",9781603093002,"John             Lewis,Andrew Aydin,Nate Powell",4.0,"August 13, 2013",Personal-Development,54,1,The pacing felt a bit off in the middle.
"March: Book One (March, #1)",9781603093002,"John             Lewis,Andrew Aydin,Nate Powell",4.0,"August 13, 2013",Personal-Development,83,1,A quick and entertaining read.
"Luck and Last Resorts (Love, Lists & Fancy Ships, #2)",9780593335444,Sarah Grunder Ruiz,4.0,"August 9, 2022",Cars,271,1,The world-building in this fantasy novel is incredible.
"Luck and Last Resorts (Love, Lists & Fancy Ships, #2)",9780593335444,Sarah Grunder Ruiz,4.0,"August 9, 2022",Cars,347,0,A classic for a reason. Highly enjoyable.
Rotten Island,9780879235260,William Steig,,"January 1, 1969",Children,174,0,I couldn't put it down!
Schaum's Outline of Statistics,9780070602816,Larry J. Stephens,4.0,"January 1, 1961",Math,352,1,I found the writing style to be quite beautiful.
Schaum's Outline of Statistics,9780070602816,Larry J. Stephens,4.0,"January 1, 1961",Math,422,1,I found the writing style to be quite beautiful.
"InuYasha, Vol. 1: Turning Back Time (InuYasha, #1)",9781569319475,Rumiko Takahashi,4.0,"April 18, 1997",studio-ghibli,85,1,A quick and entertaining read.
"InuYasha, Vol. 1: Turning Back Time (InuYasha, #1)",9781569319475,Rumiko Takahashi,4.0,"April 18, 1997",studio-ghibli,210,0,The pacing felt a bit off in the middle.
The Three Snow Bears,9780399247927,Jan Brett,4.0,"September 13, 2007",Children,262,1,I found the writing style to be quite beautiful.
The Death and Life of Superman,9780553569308,Roger Stern,4.0,"August 1, 1993",Comics,164,1,I struggled to connect with the main character.
Princess Princess Ever After,9781620103401,Kay O&apos;Neill,4.0,"September 1, 2014",Comics,10,1,A captivating story with well-developed characters.
Princess Princess Ever After,9781620103401,Kay O&apos;Neill,4.0,"September 1, 2014",Comics,301,1,The world-building in this fantasy novel is incredible.
"The Handmaid’s Tale (The Handmaid's Tale, #1)",9780385490818,Margaret Atwood,4.0,"January 1, 1985",Fantasy,454,1,A captivating story with well-developed characters.
Flirting in Italian (Flirting in Italian #1),9780385741354,Lauren Henderson,4.0,"June 12, 2012",Cars,297,0,
"The Pragmatic Programmer: Your Journey to Mastery, 20th Anniversary Edition",9780135956915,"Dave         Thomas,Andrew Hunt",,"October 1, 1999",Computer-Science,377,0,A captivating story with well-developed characters.
The Pluto Files: The Rise and Fall of America's Favorite Planet,9780393065206,Neil deGrasse Tyson,4.0,"January 19, 2008",Computer-Science,226,1,I couldn't put it down!
"Giant Days, Vol. 1 (Giant Days, #1)",9781608867899,"John Allison,Lissa Treiman",4.0,"December 1, 2015",Comics,172,1,A quick and entertaining read.
"Rejar (Matrix of Destiny, #2)",9780505523372,Dara Joy,4.0,"January 1, 1997",Biology,254,0,A captivating story with well-developed characters.
"Rejar (Matrix of Destiny, #2)",9780505523372,Dara Joy,1.0,"January 1, 1997",Biology,493,0,I would recommend this to fans of [genre].
Hack: How I Stopped Worrying About What to Do with My Life and Started Driving a Yellow Cab,9780812977394,Melissa Plaut,3.0,"January 1, 2007",Cars,47,1,
Love Thy Neighbor: The Tory Diary of Prudence Emerson (Dear America),9780439153089,Ann Turner,4.0,"April 1, 2003",Children,40,1,
An Introduction to the Theory of Numbers,9780198531715,G.H. Hardy,4.0,"April 3, 1980",Math,72,1,The pacing felt a bit off in the middle.
An Introduction to the Theory of Numbers,9780198531715,G.H. Hardy,4.0,"April 3, 1980",Math,211,1,A classic for a reason. Highly enjoyable.
An Introduction to the Theory of Numbers,9780198531715,G.H. Hardy,,"April 3, 1980",Math,343,0,I struggled to connect with the main character.
How Full Is Your Bucket? For Kids,9781595620279,"Tom Rath,Maurie J. Manning,Mary Reckmeyer",4.0,"January 1, 2009",Personal-Development,93,0,The plot twists kept me guessing until the end.
How Full Is Your Bucket? For Kids,9781595620279,"Tom Rath,Maurie J. Manning,Mary Reckmeyer",1.0,"January 1, 2009",Personal-Development,362,0,I found the writing style to be quite beautiful.
"Magic Study (Study, #2)",9780373802494,Maria V. Snyder,4.0,"September 26, 2006",Children,277,1,
"Utterly Me, Clarice Bean",9780763627881,Lauren Child,4.0,"October 7, 2002",Children,355,0,The plot twists kept me guessing until the end.
"Utterly Me, Clarice Bean",9780763627881,Lauren Child,,"October 7, 2002",Children,430,1,I struggled to connect with the main character.
Success Is a Choice: Ten Steps to Overachieving in Business and Life,9780767901321,Rick Pitino,4.0,"March 10, 1997",Personal-Development,271,0,
Simplify Your Work Life: Ways to Change the Way You Work so You Have More Time to Live,9780786885961,Elaine St. James,4.0,"January 1, 2001",Personal-Development,120,0,I would recommend this to fans of [genre].
Glucose Control Eating: Lose Weight Stay Slimmer Live Healthier Live Longer,9781637470640,Rick Mystrom,4.0,"January 1, 2021",Children,288,1,I would recommend this to fans of [genre].
Glucose Control Eating: Lose Weight Stay Slimmer Live Healthier Live Longer,9781637470640,Rick Mystrom,4.0,"January 1, 2021",Children,429,1,This book really made me think about [a theme].
"Angela’s Ashes (Frank McCourt, #1)",9780007205233,Frank McCourt,4.0,"September 5, 1996",Business,9,0,
"Angela’s Ashes (Frank McCourt, #1)",9780007205233,Frank McCourt,4.0,"September 5, 1996",Business,13,0,A thought-provoking and insightful book.
Passion and Purity: Learning to Bring Your Love Life Under Christ's Control,9780800758189,"Elisabeth Elliot,Joshua Harris",4.0,"January 1, 1984",Personal-Development,16,0,Disappointing after all the hype.
Structures: Or Why Things Don't Fall Down,9780306812835,J.E. Gordon,4.0,"January 1, 1978",Computer-Science,220,1,I struggled to connect with the main character.
Life After Life: The Investigation of a Phenomenon - Survival of Bodily Death,9780062517395,"Raymond A. Moody Jr.,Elisabeth Kübler-Ross,Melvin Morse",4.0,"November 1, 1975",Personal-Development,500,1,A captivating story with well-developed characters.
Night Stalker: The Life and Crimes of Richard Ramirez,9780786018109,Philip Carlo,,"May 1, 2006",History,128,1,The plot twists kept me guessing until the end.
Make Elephants Fly,9780349418834,Steven  Hoffman,3.0,"January 1, 2017",Computer-Science,57,0,I struggled to connect with the main character.
Dolphin (I Can Read Level 3),9780064440431,"Robert A Morris,Robert A Morris",1.0,"January 1, 1975",Math,71,0,A quick and entertaining read.
Dolphin (I Can Read Level 3),9780064440431,"Robert A Morris,Robert A Morris",4.0,"January 1, 1975",Math,462,0,This book really made me think about [a theme].
Discussion in the College Classroom: Getting Your Students Engaged and Participating in Person and Online,9781118571354,"Jay R. Howard,Maryellen Weimer",4.0,"May 18, 2015",Math,66,1,I struggled to connect with the main character.
"Hacker (Sweet Little Sinners, #2)",9781914242779,Cassie Mint,1.0,"March 24, 2022",Math,119,0,
War and Peace,9780192833983,"Leo Tolstoy,Aylmer Maude,Louise Maude",,"January 1, 1869",Math,475,1,A quick and entertaining read.
Kingbird Highway: The Biggest Year in the Life of an Extreme Birder,9780618709403,Kenn Kaufman,4.0,"January 1, 1997",Biology,52,1,I couldn't put it down!
Kingbird Highway: The Biggest Year in the Life of an Extreme Birder,9780618709403,Kenn Kaufman,,"January 1, 1997",Biology,493,1,A thought-provoking and insightful book.
"Pies and Prejudice (A Charmed Pie Shoppe Mystery, #1)",9780425251409,Ellery Adams,2.0,"July 1, 2012",Math,241,0,The world-building in this fantasy novel is incredible.
"Sleep No More (The Lost Night Files, #1)",9780593337851,Jayne Ann Krentz,4.0,"January 3, 2023",nonfiction,28,0,
"Sleep No More (The Lost Night Files, #1)",9780593337851,Jayne Ann Krentz,,"January 3, 2023",nonfiction,298,1,The pacing felt a bit off in the middle.
The Attractor Factor: 5 Easy Steps for Creating Wealth (or Anything Else) from the Inside Out,9780470009802,Joe Vitale,4.0,"January 1, 2005",Personal-Development,359,0,A thought-provoking and insightful book.
The Mystery of Numbers (Oxford Paperbacks),9780195089196,Annemarie Schimmel,4.0,"January 1, 1984",Math,166,1,This book really made me think about [a theme].
The Mystery of Numbers (Oxford Paperbacks),9780195089196,Annemarie Schimmel,,"January 1, 1984",Math,277,1,This book really made me think about [a theme].
Problem Solving Through Recreational Mathematics (Dover Math Games & Puzzles),9780486409177,"Bonnie Averbach,Orin Chein",,"May 27, 1999",Math,35,0,A classic for a reason. Highly enjoyable.
Problem Solving Through Recreational Mathematics (Dover Math Games & Puzzles),9780486409177,"Bonnie Averbach,Orin Chein",1.0,"May 27, 1999",Math,380,0,I struggled to connect with the main character.
"Silence (Hush, Hush, #3)",9781442426641,Becca Fitzpatrick,4.0,"October 4, 2011",Children,270,1,The world-building in this fantasy novel is incredible.
The First 90 Days: Critical Success Strategies for New Leaders at All Levels,9781422188613,Michael D. Watkins,4.0,"September 18, 2003",Children,269,1,
"Gaming Masculinity: Trolls, Fake Geeks, and the Gendered Battle for Online Culture (Fandom & Culture)",9781609385651,Megan Condis,4.0,"May 1, 2018",Math,398,1,The pacing felt a bit off in the middle.
"The New Digital Age: Reshaping the Future of People, Nations and Business",9781848546202,"Eric Schmidt,Jared Cohen",3.0,"April 25, 2013",Computer-Science,388,0,
"River's Run (Lords of Kassis, #1)",9781942562207,S.E. Smith,4.0,"February 15, 2010",Biology,393,0,A classic for a reason. Highly enjoyable.
"Such a Pretty Fat: One Narcissist's Quest to Discover If Her Life Makes Her Ass Look Big, or Why Pie Is Not the Answer",9780451223890,Jen Lancaster,2.0,"May 1, 2008",Math,24,0,The plot twists kept me guessing until the end.
"Such a Pretty Fat: One Narcissist's Quest to Discover If Her Life Makes Her Ass Look Big, or Why Pie Is Not the Answer",9780451223890,Jen Lancaster,,"May 1, 2008",Math,282,0,
Diagnosis: Solving the Most Baffling Medical Mysteries,9780593136638,Lisa Sanders,2.0,"August 13, 2019",Computer-Science,364,0,"Not what I expected, but in a good way!"
Diagnosis: Solving the Most Baffling Medical Mysteries,9780593136638,Lisa Sanders,4.0,"August 13, 2019",Computer-Science,367,0,I found the writing style to be quite beautiful.
The Fire Next Time,9780679744726,James Baldwin,5.0,"January 31, 1963",Personal-Development,449,0,The ending left me wanting more.
The Fire Next Time,9780679744726,James Baldwin,5.0,"January 31, 1963",Personal-Development,450,0,
Six Easy Pieces: Essentials of Physics Explained by Its Most Brilliant Teacher,9780465023929,"Richard P. Feynman,Paul C.W. Davies",4.0,"January 1, 1994",Biology,497,1,I struggled to connect with the main character.
"Percy Jackson and the Olympians Boxed Set (Percy Jackson and the Olympians, #1-5)",9781423119500,Rick Riordan,5.0,"October 6, 2009",Children,46,1,I would recommend this to fans of [genre].
"Exile (Keeper of the Lost Cities, #2)",9781442445987,Shannon Messenger,,"October 1, 2013",Children,284,1,
Every Other Thursday: Stories and Strategies from Successful Women Scientists,9780300113235,Ellen Daniell,2.0,"March 1, 2006",Computer-Science,75,0,The plot twists kept me guessing until the end.
Battle Cry,9780060751869,Leon Uris,1.0,"June 1, 1953",Children,257,0,This book really made me think about [a theme].
Sinister Barrier,9780413588708,Eric Frank Russell,,"January 1, 1939",Children,281,0,I struggled to connect with the main character.
Love Yourself Like Your Life Depends on It,9781478121732,Kamal Ravikant,4.0,"July 6, 2012",Personal-Development,80,1,A quick and entertaining read.
The Sky Blues,9781534477858,Robbie Couch,4.0,"April 6, 2021",Cars,350,1,Disappointing after all the hype.
"A Beginner's Guide to Constructing the Universe: The Mathematical Archetypes of Nature, Art, and Science",9780060926717,Michael S. Schneider,,"August 1, 1994",Math,119,1,
"The Longest Line on the Map: The United States, the Pan-American Highway, and the Quest to Link the Americas",9781501103902,Eric Rutkow,3.0,"January 8, 2019",Math,157,0,The world-building in this fantasy novel is incredible.
"Hidden (Bone Secrets, #1)",9781612183886,Kendra Elliot,4.0,"July 17, 2012",Computer-Science,15,1,The plot twists kept me guessing until the end.
"Hidden (Bone Secrets, #1)",9781612183886,Kendra Elliot,4.0,"July 17, 2012",Computer-Science,54,1,The plot twists kept me guessing until the end.
"Hidden (Bone Secrets, #1)",9781612183886,Kendra Elliot,4.0,"July 17, 2012",Computer-Science,315,1,The plot twists kept me guessing until the end.
Design Patterns: Elements of Reusable Object-Oriented Software,9780201633610,"Erich Gamma,Grady Booch,Richard Helm,Ralph Johnson,John Vlissides",4.0,"January 1, 1994",Computer-Science,72,0,A quick and entertaining read.
Design Patterns: Elements of Reusable Object-Oriented Software,9780201633610,"Erich Gamma,Grady Booch,Richard Helm,Ralph Johnson,John Vlissides",4.0,"January 1, 1994",Computer-Science,274,0,
The Demon's Lexicon,9781416963790,Sarah Rees Brennan,4.0,"June 2, 2009",Children,229,0,The plot twists kept me guessing until the end.
"Afternoon on the Amazon (Magic Tree House, #6)",9780679863724,"Mary Pope Osborne,Sal Murdocca",4.0,"August 29, 1995",Children,133,1,I would recommend this to fans of [genre].
"Afternoon on the Amazon (Magic Tree House, #6)",9780679863724,"Mary Pope Osborne,Sal Murdocca",2.0,"August 29, 1995",Children,475,0,A classic for a reason. Highly enjoyable.
Multiplying Menace: The Revenge of Rumpelstiltskin (Charlesbridge Math Adventures),9781570918902,"Pam Calvert,Wayne Geehan",,"February 1, 2006",Math,81,0,The pacing felt a bit off in the middle.
Bad Boy Blues (St. Mary's Rebels #0),9781088024065,Saffron A. Kent,4.0,"April 10, 2019",Cars,21,1,I couldn't put it down!
Sold: Every Real Estate Agent’s Guide to Building a Profitable Business,9781947200371,David     Greene,,"February 2, 2021",Personal-Development,301,1,I found the writing style to be quite beautiful.
A Gentle Reminder,9781949759297,Bianca Sparacino,,"January 1, 2021",Personal-Development,317,0,
A Gentle Reminder,9781949759297,Bianca Sparacino,4.0,"January 1, 2021",Personal-Development,409,0,I struggled to connect with the main character.
"Altered Carbon (Takeshi Kovacs, #1)",9780345457691,Richard K. Morgan,4.0,"February 28, 2002",Artificial-Intelligence,161,1,
"Women, Food and God: An Unexpected Path to Almost Everything",9781416543077,Geneen Roth,4.0,"May 11, 2009",Personal-Development,84,1,This book really made me think about [a theme].
"Women, Food and God: An Unexpected Path to Almost Everything",9781416543077,Geneen Roth,,"May 11, 2009",Personal-Development,147,0,
"Women, Food and God: An Unexpected Path to Almost Everything",9781416543077,Geneen Roth,,"May 11, 2009",Personal-Development,287,1,The world-building in this fantasy novel is incredible.
Kubernetes in Action,9781617293726,Marko Luksa,5.0,"December 31, 2017",Computer-Science,448,1,The world-building in this fantasy novel is incredible.
"The Forbidden Flats (Sky Jumpers, #2)",9780307981318,Peggy Eddleman,4.0,"September 23, 2014",Children,140,0,
"The Shift: One Nurse, Twelve Hours, Four Patients' Lives",9781616203207,Theresa Brown,1.0,"September 22, 2015",Math,69,0,I couldn't put it down!
"Neon Genesis Evangelion, Vol. 1",9781591164005,Yoshiyuki Sadamoto,4.0,"August 29, 1995",studio-ghibli,392,1,
"Neon Genesis Evangelion, Vol. 1",9781591164005,Yoshiyuki Sadamoto,4.0,"August 29, 1995",studio-ghibli,479,0,The world-building in this fantasy novel is incredible.
"The Robots of Dawn (Robot, #3)",9780553299496,Isaac Asimov,4.0,"January 1, 1983",Technology,258,1,A classic for a reason. Highly enjoyable.
"The Robots of Dawn (Robot, #3)",9780553299496,Isaac Asimov,4.0,"January 1, 1983",Technology,341,0,A captivating story with well-developed characters.
"The Robots of Dawn (Robot, #3)",9780553299496,Isaac Asimov,4.0,"January 1, 1983",Technology,411,1,This book really made me think about [a theme].
"Lumberjanes, Vol. 3: A Terrible Plan",9781608868032,"N.D. Stevenson,Shannon Watters,Casey Nowak,Brittney Williams,Aimee Fleck,Faith Erin Hicks,Rebecca Tobin,Felicia Choo,T. Zysk,Maarta Laiho,Aubrey Aiese",,"April 5, 2016",Comics,339,1,A captivating story with well-developed characters.
Animalia,9780810918689,Graeme Base,,"January 1, 1986",Children,90,1,I struggled to connect with the main character.
Animalia,9780810918689,Graeme Base,4.0,"January 1, 1986",Children,186,1,A thought-provoking and insightful book.
"The Magic (The Secret, #3)",9781451673449,Rhonda Byrne,4.0,"March 6, 2012",Personal-Development,377,1,"Not what I expected, but in a good way!"
Mathematics and the Imagination (Dover Books on Mathematics),9780486417035,"Edward Kasner,James Newman",4.0,"January 1, 1940",Math,377,1,A quick and entertaining read.
Mathematics and the Imagination (Dover Books on Mathematics),9780486417035,"Edward Kasner,James Newman",4.0,"January 1, 1940",Math,419,1,The world-building in this fantasy novel is incredible.
Millions of Cats,9780142407080,Wanda Gág,4.0,"January 1, 1928",Children,226,1,"Not what I expected, but in a good way!"
Millions of Cats,9780142407080,Wanda Gág,,"January 1, 1928",Children,288,0,Disappointing after all the hype.
Two Can Keep a Secret,9781524714727,Karen M. McManus,4.0,"January 8, 2019",Cars,426,1,The plot twists kept me guessing until the end.
The Magic School Bus Gets Eaten: A Book About Food Chains,9780590484145,"Patricia Relf,Carolyn Bracken",4.0,"January 1, 1996",Math,128,1,"Not what I expected, but in a good way!"
The Magic School Bus Gets Eaten: A Book About Food Chains,9780590484145,"Patricia Relf,Carolyn Bracken",4.0,"January 1, 1996",Math,332,1,
Agile Estimating and Planning,9780131479418,Mike Cohn,4.0,"November 1, 2005",Computer-Science,141,1,I would recommend this to fans of [genre].
Life's Greatest Lessons: 20 Things That Matter,9780743237826,Hal Urban,4.0,"August 1, 1992",Personal-Development,140,0,I couldn't put it down!
What You Did,9781542091343,Claire McGowan,1.0,"August 1, 2019",Children,328,0,A thought-provoking and insightful book.
"My Side of the Mountain (Mountain, #1)",9780142401118,Jean Craighead George,4.0,"January 1, 1959",Biology,369,1,
Naive Set Theory,9781614271314,Paul R. Halmos,3.0,"January 1, 1960",Math,395,0,A thought-provoking and insightful book.
"Sought (Brides of the Kindred, #3)",9781452436296,Evangeline Anderson,4.0,"July 7, 2011",Biology,213,1,This book really made me think about [a theme].
"Sought (Brides of the Kindred, #3)",9781452436296,Evangeline Anderson,4.0,"July 7, 2011",Biology,251,0,The pacing felt a bit off in the middle.
"Sought (Brides of the Kindred, #3)",9781452436296,Evangeline Anderson,4.0,"July 7, 2011",Biology,295,0,I would recommend this to fans of [genre].
Stellaluna,9780544874350,Janell Cannon,4.0,"April 30, 1993",Math,131,1,I would recommend this to fans of [genre].
Missoula: Rape and the Justice System in a College Town,9780385538732,Jon Krakauer,4.0,"April 21, 2015",Personal-Development,9,1,A thought-provoking and insightful book.
Missoula: Rape and the Justice System in a College Town,9780385538732,Jon Krakauer,4.0,"April 21, 2015",Personal-Development,315,0,Disappointing after all the hype.
Sams Teach Yourself SQL in 10 Minutes,9780133048100,Ben Forta,4.0,"January 1, 1999",Computer-Science,161,0,
Sams Teach Yourself SQL in 10 Minutes,9780133048100,Ben Forta,,"January 1, 1999",Computer-Science,484,0,The ending left me wanting more.
"The Sandman, Vol. 4: Season of Mists",9781563890352,"Neil Gaiman,Kelley Jones,Mike Dringenberg,Malcolm Jones III,Matt Wagner,Dick Giordano,George Pratt,P. Craig Russell",5.0,"May 30, 1991",Comics,365,0,I couldn't put it down!
"The Sandman, Vol. 4: Season of Mists",9781563890352,"Neil Gaiman,Kelley Jones,Mike Dringenberg,Malcolm Jones III,Matt Wagner,Dick Giordano,George Pratt,P. Craig Russell",5.0,"May 30, 1991",Comics,386,1,The ending left me wanting more.
"The Sandman, Vol. 4: Season of Mists",9781563890352,"Neil Gaiman,Kelley Jones,Mike Dringenberg,Malcolm Jones III,Matt Wagner,Dick Giordano,George Pratt,P. Craig Russell",5.0,"May 30, 1991",Comics,462,0,I would recommend this to fans of [genre].
"Mushishi, Vol. 1",9780345496218,"Yuki Urushibara,William Flanagan",1.0,"November 22, 2000",Comics,22,0,"Not what I expected, but in a good way!"
"Mushishi, Vol. 1",9780345496218,"Yuki Urushibara,William Flanagan",4.0,"November 22, 2000",Comics,250,1,
"The Bone Collector (Lincoln Rhyme, #1)",9780451188458,Jeffery Deaver,,"January 3, 1997",Math,47,0,The plot twists kept me guessing until the end.
Data Structures and Algorithms Made Easy,9781468101270,Narasimha Karumanchi,4.0,"March 30, 2011",Computer-Science,290,1,
The Catcher in the Rye,9780316769174,J.D. Salinger,,"July 16, 1951",Children,225,1,
Purely Functional Data Structures,9780521663502,Chris Okasaki,,"September 1, 1996",Computer-Science,64,1,The ending left me wanting more.
Kill It with Fire: Manage Aging Computer Systems (and Future Proof Modern Ones),9781718501188,Marianne Bellotti,,"March 17, 2021",Computer-Science,433,0,
Practical Foundations for Programming Languages,9781107150300,Robert Harper,4.0,"January 30, 2012",Computer-Science,132,1,The world-building in this fantasy novel is incredible.
Practical Foundations for Programming Languages,9781107150300,Robert Harper,,"January 30, 2012",Computer-Science,171,1,I struggled to connect with the main character.
Practical Foundations for Programming Languages,9781107150300,Robert Harper,4.0,"January 30, 2012",Computer-Science,215,0,"Not what I expected, but in a good way!"
Practical Foundations for Programming Languages,9781107150300,Robert Harper,4.0,"January 30, 2012",Computer-Science,255,1,I found the writing style to be quite beautiful.
"Johnny and the Bomb (Johnny Maxwell, #3)",9780060541910,Terry Pratchett,4.0,"January 1, 1996",Children,311,1,A classic for a reason. Highly enjoyable.
"Berrr's Vow (Zorn Warriors, #4)",9781419929205,Laurann Dohner,4.0,"October 22, 2010",Biology,44,1,The plot twists kept me guessing until the end.
For the Good of Mankind?: The Shameful History of Human Medical Experimentation,9781467706599,Vicki Oransky Wittenstein,,"October 1, 2013",Computer-Science,436,0,I found the writing style to be quite beautiful.
Macbeth,9780743477109,"William Shakespeare,Folger Shakespeare Library,Barbara A. Mowat,Paul Werstine",4.0,"January 1, 1623",History,252,1,The plot twists kept me guessing until the end.
Three Cups of Tea: One Man's Mission to Promote Peace ... One School at a Time,9780143038252,"Greg Mortenson,David Oliver Relin",4.0,"January 1, 2006",Personal-Development,123,1,A quick and entertaining read.
Three Cups of Tea: One Man's Mission to Promote Peace ... One School at a Time,9780143038252,"Greg Mortenson,David Oliver Relin",4.0,"January 1, 2006",Personal-Development,134,1,A captivating story with well-developed characters.
Three Cups of Tea: One Man's Mission to Promote Peace ... One School at a Time,9780143038252,"Greg Mortenson,David Oliver Relin",,"January 1, 2006",Personal-Development,311,0,A thought-provoking and insightful book.
"Memories, Dreams, Reflections",9780679723950,"C.G. Jung,Clara Winston,Richard Winston,Aniela Jaffé",4.0,"January 1, 1962",Personal-Development,101,1,This book really made me think about [a theme].
300,9781569714027,"Frank Miller,Lynn Varley",4.0,"December 28, 1999",Comics,324,1,A classic for a reason. Highly enjoyable.
The Magic School Bus Gets Planted: A Book About Photosynthesis,9780590331173,"Joanna Cole,Lenore Notkin,Bob Ostrom,Ronnie Krauss,Bruce Degen",4.0,"May 1, 1997",Math,138,1,A classic for a reason. Highly enjoyable.
A Tour of the Calculus,9780679747888,David Berlinski,4.0,"January 1, 1995",Math,432,1,The plot twists kept me guessing until the end.
G Is for Googol: A Math Alphabet Book,9781883672584,"David M. Schwartz,Marissa Moss",3.0,"September 1, 1998",Math,303,0,I couldn't put it down!
Turn the Ship Around!: A True Story of Turning Followers into Leaders,9781591846406,L. David Marquet,4.0,"May 16, 2013",Artificial-Intelligence,241,0,A classic for a reason. Highly enjoyable.
Darwin Comes to Town: How the Urban Jungle Drives Evolution,9781250127822,Menno Schilthuizen,4.0,"February 8, 2018",Computer-Science,406,1,A classic for a reason. Highly enjoyable.
Yesterday's Tomorrows: Past Visions of the American Future,9780801853999,"Joseph J. Corn,Brian Horrigan",3.0,"January 1, 1984",Cars,159,0,The pacing felt a bit off in the middle.
"Bitterblue (Graceling Realm, #3)",9780803734739,"Kristin Cashore,Ian Schoenherr",2.0,"May 1, 2012",Fantasy,354,0,A thought-provoking and insightful book.
"Bitterblue (Graceling Realm, #3)",9780803734739,"Kristin Cashore,Ian Schoenherr",4.0,"May 1, 2012",Fantasy,453,0,The world-building in this fantasy novel is incredible.
I Like Myself!,9780152020132,"Karen Beaumont,David Catrow",,"May 1, 2004",Math,50,1,A quick and entertaining read.
"Emperor Mage (Immortals, #3)",9781416903376,Tamora Pierce,4.0,"July 1, 1995",Children,341,1,"Not what I expected, but in a good way!"
"Emperor Mage (Immortals, #3)",9781416903376,Tamora Pierce,,"July 1, 1995",Children,415,1,I would recommend this to fans of [genre].
"Storm Front (The Dresden Files, #1)",9780451457813,Jim  Butcher,4.0,"April 1, 2000",Comics,141,0,I couldn't put it down!
"Storm Front (The Dresden Files, #1)",9780451457813,Jim  Butcher,1.0,"April 1, 2000",Comics,418,0,The pacing felt a bit off in the middle.
Assassination Vacation,9780743260046,Sarah Vowell,4.0,"March 29, 2005",Children,444,0,The world-building in this fantasy novel is incredible.
Psychology of the Future: Lessons from Modern Consciousness Research (Suny Series in Transpersonal and Humanistic Psychology),9780791446225,Stanislav Grof,4.0,"July 1, 2000",Personal-Development,92,1,I couldn't put it down!
Psychology of the Future: Lessons from Modern Consciousness Research (Suny Series in Transpersonal and Humanistic Psychology),9780791446225,Stanislav Grof,4.0,"July 1, 2000",Personal-Development,213,0,The plot twists kept me guessing until the end.
Ulysses,9781569756508,"James Joyce,Morris L. Ernst,John M. Woolsey",4.0,"February 2, 1922",Math,104,0,I struggled to connect with the main character.
Schaum's Outline of French Grammar,9780070138872,Mary E. Coffman Crocker,2.0,"December 1, 1973",Math,181,0,A captivating story with well-developed characters.
A Long Way Home,9780670077045,"Saroo Brierley,Larry Buttrose,Vikas Adam",1.0,"June 24, 2013",Children,157,0,The pacing felt a bit off in the middle.
The Color Purple,9780143135692,Alice Walker,4.0,"June 1, 1982",self-help,458,0,
"Lore Olympus: Volume One (Lore Olympus, #1)",9780593160299,Rachel  Smythe,4.0,"November 2, 2021",Comics,68,1,A captivating story with well-developed characters.
"Anne of the Island (Anne of Green Gables, #3)",9780553213171,L.M. Montgomery,4.0,"November 1, 1915",studio-ghibli,48,1,A captivating story with well-developed characters.
"Anne of the Island (Anne of Green Gables, #3)",9780553213171,L.M. Montgomery,4.0,"November 1, 1915",studio-ghibli,370,1,Disappointing after all the hype.
Rabbit Hill,9780142407967,Robert Lawson,4.0,"January 1, 1944",Children,404,0,The world-building in this fantasy novel is incredible.
Rabbit Hill,9780142407967,Robert Lawson,4.0,"January 1, 1944",Children,428,0,I couldn't put it down!
The Long Tail: Why the Future of Business is Selling Less of More,9781401309664,Chris Anderson,4.0,"July 11, 2006",Personal-Development,23,0,
Valley Verified,9781472297013,Kyla Zhao,4.0,"January 16, 2024",Math,324,1,I found the writing style to be quite beautiful.
The Epic of Gilgamesh,9780141026282,"Anonymous,N.K. Sandars,John Maier,Herbert Mason,John H. Marks,Morris Jastrow Jr.",,"January 1, 1201",Economics,470,1,
"Then There Were Five (The Melendy Family, #3)",9780805070620,Elizabeth Enright,4.0,"January 1, 1944",Children,135,0,The world-building in this fantasy novel is incredible.
Offline (Offline #1),9783737097857,Kealan Patrick Burke,,"August 24, 2011",Math,280,0,Disappointing after all the hype.
Sofia's Dream,9780982993811,"Land Wilson,Sue Cornelison",4.0,"March 1, 2007",Children,40,1,A captivating story with well-developed characters.
Escape from Camp 14: One Man's Remarkable Odyssey from North Korea to Freedom in the West,9780670023325,Blaine Harden,,"March 29, 2012",Personal-Development,324,0,The plot twists kept me guessing until the end.
The Curious Incident of the Dog in the Night-Time,9781400032716,Mark Haddon,2.0,"July 31, 2003",Math,327,0,
"Mathematics, a Human Endeavor: A Textbook for Those Who Think They Don't Like the Subject",9780716713265,Harold R. Jacobs,4.0,"January 1, 1970",Math,446,1,I would recommend this to fans of [genre].
JavaScript: The Good Parts,9780596517748,Douglas Crockford,,"January 1, 2008",Computer-Science,123,0,
Feel the Fear and Do It Anyway,9780449902929,Susan  Jeffers,2.0,"April 12, 1988",Personal-Development,434,0,A thought-provoking and insightful book.
The Turn of the Screw,9780743219082,Henry James,3.0,"January 1, 1898",Economics,198,1,I struggled to connect with the main character.
The Turn of the Screw,9780743219082,Henry James,3.0,"January 1, 1898",Economics,321,0,"Not what I expected, but in a good way!"
What to Eat,9780865477384,Marion Nestle,4.0,"January 1, 2006",Computer-Science,443,1,I couldn't put it down!
Fermat's Last Theorem,9780385319461,"Amir D. Aczel,Zoran Živković,Mirjana Živković",4.0,"January 1, 1996",Math,276,0,A classic for a reason. Highly enjoyable.
"Little Black, a Pony (Little Black Pony, #1)",9780394800219,"Walter Farley,James Schucker",1.0,"January 1, 1961",Math,498,0,A captivating story with well-developed characters.
More Scary Stories to Tell in the Dark,9780397320820,"Alvin Schwartz,Stephen Gammell",4.0,"August 21, 1984",Children,285,1,This book really made me think about [a theme].
Tribes: We Need You to Lead Us,9781591842330,Seth Godin,2.0,"January 1, 2008",Personal-Development,55,0,A captivating story with well-developed characters.
Kill All Normies: Online Culture Wars from 4chan and Tumblr to Trump and the Alt-Right,9781785355448,Angela Nagle,3.0,"June 30, 2017",Computer-Science,5,1,"Not what I expected, but in a good way!"
Mountain of Fire: The Eruption and Survivors of Mount St. Helens,9781250881656,Rebecca E.F. Barone,4.0,"May 14, 2024",Math,61,1,A quick and entertaining read.
Mountain of Fire: The Eruption and Survivors of Mount St. Helens,9781250881656,Rebecca E.F. Barone,3.0,"May 14, 2024",Math,349,0,A quick and entertaining read.
Till Death,9780062362797,Jennifer L. Armentrout,2.0,"February 28, 2017",nonfiction,179,0,The world-building in this fantasy novel is incredible.
Meg Mackintosh and the Mystery in the Locked Library - title #5: A Solve-It-Yourself Mystery (5) (Meg Mackintosh Mystery series),9781888695045,Lucinda Landon,4.0,"January 1, 1993",Math,176,1,I struggled to connect with the main character.
"The Rise of Technosocialism: How Inequality, AI and Climate will Usher in a New World",9789814868952,"Brett King,Richard Petty,Arnold Schwarzenegger",4.0,"November 21, 2021",Computer-Science,42,1,The world-building in this fantasy novel is incredible.
"The Rise of Technosocialism: How Inequality, AI and Climate will Usher in a New World",9789814868952,"Brett King,Richard Petty,Arnold Schwarzenegger",4.0,"November 21, 2021",Computer-Science,220,1,A thought-provoking and insightful book.
Rivers Of London Vol. 1: Body Work,9781782761877,"Ben Aaronovitch,Andrew Cartmel,Lee Sullivan",4.0,"March 29, 2016",Cars,422,0,I found the writing style to be quite beautiful.
Freedom Riders: John Lewis and Jim Zwerg on the Front Lines of the Civil Rights Movement,9780792241737,Ann Bausum,4.0,"December 27, 2005",Math,280,1,A thought-provoking and insightful book.
"Take Good Care of the Garden and the Dogs: Family, Friendships, and Faith in Small-Town Alaska",9781565125681,Heather Lende,4.0,"May 18, 2010",Children,372,1,"Not what I expected, but in a good way!"
When Money Dies: The Nightmare of the Weimar Hyper-inflation,9781906964443,Adam Fergusson,4.0,"January 1, 1975",Technology,87,1,The plot twists kept me guessing until the end.
Learned Optimism: How to Change Your Mind and Your Life,9781400078394,Martin E.P. Seligman,,"February 1, 1990",Personal-Development,185,1,I would recommend this to fans of [genre].
"Book of Mormon, Doctrine and Covenants, Pearl of Great Price",9781592975037,The Church of Jesus Christ of Latter-day Saints,4.0,"January 1, 1950",Economics,492,1,The plot twists kept me guessing until the end.
Mean Streak,9781455581122,Sandra       Brown,4.0,"August 19, 2014",nonfiction,90,0,A captivating story with well-developed characters.
"The Folk of the Faraway Tree (The Faraway Tree, #3)",9780749732103,Enid Blyton,4.0,"January 1, 1946",Children,202,1,This book really made me think about [a theme].
"The Folk of the Faraway Tree (The Faraway Tree, #3)",9780749732103,Enid Blyton,4.0,"January 1, 1946",Children,456,1,I would recommend this to fans of [genre].
Wild: From Lost to Found on the Pacific Crest Trail,9780307592736,Cheryl Strayed,4.0,"March 20, 2012",Children,389,0,I couldn't put it down!
The Whalebone Theatre,9780593321706,Joanna   Quinn,4.0,"June 9, 2022",Children,254,1,I found the writing style to be quite beautiful.
The Whalebone Theatre,9780593321706,Joanna   Quinn,4.0,"June 9, 2022",Children,407,1,The plot twists kept me guessing until the end.
The Whalebone Theatre,9780593321706,Joanna   Quinn,,"June 9, 2022",Children,475,1,A thought-provoking and insightful book.
So Good They Can't Ignore You: Why Skills Trump Passion in the Quest for Work You Love,9781455509102,Cal Newport,,"January 1, 2012",Personal-Development,499,1,A thought-provoking and insightful book.
"A Pattern Language: Towns, Buildings, Construction (Center for Environmental Structure Series)",9780195019193,"Christopher W. Alexander,Sara Ishikawa,Murray Silverstein,Max  Jacobson,Ingrid Fiksdahl-King,Shlomo Angel",4.0,"January 1, 1977",Computer-Science,134,1,A thought-provoking and insightful book.
Chicken Soup for the Soul,9781558749207,"Jack Canfield,Mark Victor Hansen,Mark Viktor Hansen,Amy Newmark",,"January 1, 1993",Business,62,1,This book really made me think about [a theme].
"You Are a Badass Every Day: How to Keep Your Motivation Strong, Your Vibe High, and Your Quest for Transformation Unstoppable",9780525561644,Jen Sincero,4.0,"December 4, 2018",Personal-Development,261,0,The ending left me wanting more.
Finding the Winning Edge,9781571671721,"Bill   Walsh,Brian Billick,James A. Peterson",5.0,"December 1, 1997",Personal-Development,317,1,This book really made me think about [a theme].
Finding the Winning Edge,9781571671721,"Bill   Walsh,Brian Billick,James A. Peterson",,"December 1, 1997",Personal-Development,333,1,I couldn't put it down!
Meditation for Fidgety Skeptics: A 10% Happier How-To Book,9780399588945,"Dan   Harris,Jeff  Warren,Carlye Adler",4.0,"December 26, 2017",Personal-Development,148,0,The ending left me wanting more.
Meditation for Fidgety Skeptics: A 10% Happier How-To Book,9780399588945,"Dan   Harris,Jeff  Warren,Carlye Adler",4.0,"December 26, 2017",Personal-Development,177,0,A quick and entertaining read.
Cash,9780060727536,"Johnny Cash,Patrick   Carr",4.0,"January 1, 1997",nonfiction,17,0,Disappointing after all the hype.
Software Creativity 2.0,9780977213313,"Robert L. Glass,Tom DeMarco",4.0,"November 27, 2006",Computer-Science,373,0,This book really made me think about [a theme].
"Courtesans: Money, Sex and Fame in the Nineteenth Century",9780060935146,Katie Hickman,4.0,"January 1, 2003",Personal-Development,159,1,The ending left me wanting more.
Arthur's Christmas: An Arthur Adventure,9780590122337,Marc Brown,4.0,"January 1, 1984",Math,90,1,The pacing felt a bit off in the middle.
"Murphy, Gold Rush Dog (Dog Chronicles, #2)",9781561457694,Alison Hart,3.0,"October 1, 2014",Children,77,0,The world-building in this fantasy novel is incredible.
The Familiars,9780061961083,"Adam Jay Epstein,Andrew Jacobson",4.0,"September 7, 2010",Children,76,0,I would recommend this to fans of [genre].
"The Cat in the Hat (Cat in the Hat, #1)",9780394800011,Dr. Seuss,1.0,"March 12, 1957",Fantasy,363,0,The plot twists kept me guessing until the end.
American Gods,978-3-9813263-1,Neil Gaiman,4.0,"June 19, 2001",Comics,300,1,
American Gods,978-3-9813263-1,Neil Gaiman,4.0,"June 19, 2001",Comics,399,1,The ending left me wanting more.
"Witch Child (Witch Child, #1)",9780763618292,Celia Rees,4.0,"June 4, 2000",Children,83,0,I would recommend this to fans of [genre].
All About Love: New Visions,9780688168445,bell hooks,4.0,"December 22, 1999",Personal-Development,374,1,"Not what I expected, but in a good way!"
"Alien Conquest (Clans of Kalquor, #3)",9781603945004,Tracy St. John,3.0,"January 1, 2011",Biology,342,0,A thought-provoking and insightful book.
The Pale-Faced Lie,9780997487176,David   Crow,4.0,"May 7, 2019",Personal-Development,111,1,"Not what I expected, but in a good way!"
"The Great Shark Escape (The Magic School Bus Chapter Book, #7)",9780439204217,"Jennifer   Johnston,Ted Enik,Joanna Cole,Bruce Degen",4.0,"January 1, 2000",Math,177,1,A thought-provoking and insightful book.
Survival of the Sickest: A Medical Maverick Discovers the Surprising Connections Between Disease and Longevity,9780060889661,"Sharon  Moalem,Jonathan Prince",4.0,"January 1, 2007",Computer-Science,18,0,The plot twists kept me guessing until the end.
How To Be A Good Creature: A Memoir in Thirteen Animals,9780544938328,"Sy Montgomery,Rebecca Green",3.0,"September 25, 2018",Math,359,0,The plot twists kept me guessing until the end.
Software Systems Architecture: Working with Stakeholders Using Viewpoints and Perspectives,9780321112293,"Nick Rozanski,Eoin Woods",4.0,"April 1, 2005",Computer-Science,217,1,The world-building in this fantasy novel is incredible.
The Kraken Wakes,9780140010756,John Wyndham,4.0,"January 1, 1953",Biology,478,0,A captivating story with well-developed characters.
The Deep,9781476717739,Nick Cutter,3.0,"January 13, 2015",Biology,18,0,
The Deep,9781476717739,Nick Cutter,,"January 13, 2015",Biology,130,0,The plot twists kept me guessing until the end.
"The Sword of Shannara Trilogy (Shannara, #1-3)",9780345453754,Terry Brooks,1.0,"January 1, 1979",Fantasy,25,0,
"The New Rules for Love, Sex, and Dating",9780310693239,Andy Stanley,4.0,"December 25, 2012",nonfiction,14,1,The world-building in this fantasy novel is incredible.
"The New Rules for Love, Sex, and Dating",9780310693239,Andy Stanley,4.0,"December 25, 2012",nonfiction,321,1,I struggled to connect with the main character.
"Amelia's Family Ties (Amelia's Notebooks, #9)",9781584850786,"Marissa Moss,Amelia",4.0,"January 1, 2000",Children,12,1,
"Amelia's Family Ties (Amelia's Notebooks, #9)",9781584850786,"Marissa Moss,Amelia",,"January 1, 2000",Children,56,1,The pacing felt a bit off in the middle.
"Amelia's Family Ties (Amelia's Notebooks, #9)",9781584850786,"Marissa Moss,Amelia",4.0,"January 1, 2000",Children,213,1,"Not what I expected, but in a good way!"
"Think Straight: Change Your Thoughts, Change Your Life",9781973411529,Darius Foroux,4.0,"January 1, 2017",Personal-Development,413,0,I would recommend this to fans of [genre].
The Skeptical Environmentalist: Measuring the Real State of the World,9780521010689,Bjørn Lomborg,4.0,"January 1, 1998",Math,334,0,
The Gods of Mars (Barsoom #2),9780345324399,"Edgar Rice Burroughs,Michael   Whelan",4.0,"May 7, 1913",Children,127,0,The pacing felt a bit off in the middle.
The Doorbell Rang,9780688092344,Pat Hutchins,4.0,"January 1, 1986",Math,3,1,A captivating story with well-developed characters.
The Help,9780399155345,Kathryn Stockett,,"February 10, 2009",Fantasy,216,0,This book really made me think about [a theme].
How the Irish Saved Civilization: The Untold Story of Ireland's Heroic Role from the Fall of Rome to the Rise of Medieval Europe ,9780385418492,Thomas Cahill,4.0,"February 15, 1995",Children,90,1,A captivating story with well-developed characters.
"Life Lessons from Nature: Motivational Speaker, Military Strategist, Political Advisor, Scientist & Engineer, Foster Parent",9781432799328,Elvis Null Newman,5.0,"April 7, 2014",Personal-Development,303,1,I found the writing style to be quite beautiful.
"Pigeon Post (Swallows and Amazons, #6)",9780879238643,Arthur Ransome,4.0,"January 1, 1936",Children,349,1,The plot twists kept me guessing until the end.
The Daughter of Kurdland: A Life Dedicated to Humankind,9788284050706,Widad Akreyi,,"March 28, 2018",Biology,175,0,The plot twists kept me guessing until the end.
The Berenstain Bears and the Bad Habit,9780394873404,"Stan Berenstain,Jan Berenstain",4.0,"January 1, 1986",Children,392,1,The ending left me wanting more.
Greenlights,9780593139134,Matthew McConaughey,4.0,"October 20, 2020",Personal-Development,490,1,A quick and entertaining read.
Quit Your Day Job: Escape the Great American Hoax and Live Free,9781733110402,Oliver Trojahn,4.0,"May 31, 2019",Personal-Development,71,0,I couldn't put it down!
Quit Your Day Job: Escape the Great American Hoax and Live Free,9781733110402,Oliver Trojahn,4.0,"May 31, 2019",Personal-Development,166,1,A classic for a reason. Highly enjoyable.
"The Lost Hero (The Heroes of Olympus, #1)",9781423113393,Rick Riordan,4.0,"October 12, 2010",Fantasy,428,0,A classic for a reason. Highly enjoyable.
The Sea Around Us,9780195069976,"Rachel Carson,Ann H. Zwinger,Jeffrey S. Levinton",4.0,"January 1, 1951",Computer-Science,48,0,The pacing felt a bit off in the middle.
The Sea Around Us,9780195069976,"Rachel Carson,Ann H. Zwinger,Jeffrey S. Levinton",4.0,"January 1, 1951",Computer-Science,200,0,I couldn't put it down!
Stolen Woman (Stolen #1),9781461068938,Kimberly Rae,4.0,"April 30, 2011",Personal-Development,304,1,The ending left me wanting more.
The Rose Code,9780062943477,Kate Quinn,1.0,"March 9, 2021",Technology,327,0,I would recommend this to fans of [genre].
Today Matters: 12 Daily Practices to Guarantee Tomorrow's Success,9781931722520,John C. Maxwell,,"November 8, 2005",Personal-Development,36,0,A quick and entertaining read.
"American Breakdown: Our Ailing Nation, My Body's Revolt, and the Nineteenth-Century Woman Who Brought Me Back to Life",9780062941374,Jennifer Lunden,,"May 9, 2023",Computer-Science,261,1,The plot twists kept me guessing until the end.
"American Breakdown: Our Ailing Nation, My Body's Revolt, and the Nineteenth-Century Woman Who Brought Me Back to Life",9780062941374,Jennifer Lunden,4.0,"May 9, 2023",Computer-Science,390,1,"Not what I expected, but in a good way!"
Traveling Mercies: Some Thoughts on Faith,9780385496094,Anne Lamott,4.0,"January 19, 1999",History,89,0,A classic for a reason. Highly enjoyable.
Traveling Mercies: Some Thoughts on Faith,9780385496094,Anne Lamott,4.0,"January 19, 1999",History,381,1,I struggled to connect with the main character.
Traveling Mercies: Some Thoughts on Faith,9780385496094,Anne Lamott,4.0,"January 19, 1999",History,420,1,A thought-provoking and insightful book.
Tales from the Queen of the Desert,9781843915478,Gertrude Bell,,"April 1, 1894",Computer-Science,22,1,I couldn't put it down!
"The Tale of Peter Rabbit (World of Beatrix Potter, #1)",9780723247708,Beatrix Potter,4.0,"January 1, 1902",Children,419,1,A classic for a reason. Highly enjoyable.
Anger: Wisdom for Cooling the Flames,9781573229371,Thich Nhat Hanh,4.0,"August 1, 2001",Business,393,1,This book really made me think about [a theme].
The Perks of Being a Wallflower,9781847394071,Stephen Chbosky,,"February 1, 1999",Personal-Development,27,0,The pacing felt a bit off in the middle.
Leave It To Chance Book 2: Trick Or Threat,9781582402789,"James  Robinson,Paul  Smith,George Freeman,Jeromy Cox",1.0,"January 1, 1998",Children,184,0,"Not what I expected, but in a good way!"
"Chasing June (June, #2)",9781484191262,Shannen Crane Camp,4.0,"January 1, 2013",Cars,257,1,A captivating story with well-developed characters.
"Dark Frost (Mythos Academy, #3)",9780758280039,Jennifer Estep,4.0,"May 29, 2012",Children,67,0,The plot twists kept me guessing until the end.
Briar Rose,9780765342300,"Jane Yolen,Terri Windling",4.0,"September 1, 1992",History,30,0,The world-building in this fantasy novel is incredible.
Rare Encounters with Ordinary Birds,9781570614194,Lyanda Lynn Haupt,4.0,"January 1, 2001",Biology,199,1,
What Is Your WHAT?: Discover The One Amazing Thing You Were Born To Do,9781118644041,Steve Olsher,3.0,"January 1, 2013",Personal-Development,352,0,A captivating story with well-developed characters.
I Declare: 31 Promises to Speak Over Your Life,9781455516780,Joel Osteen,,"January 1, 2012",Personal-Development,352,0,Disappointing after all the hype.
"Tom Brown's Schooldays (Tom Brown, #1)",9780192835352,"Thomas Hughes,Arthur Hughes,Andrew Sanders",3.0,"January 1, 1857",Children,406,0,I found the writing style to be quite beautiful.
"Unbroken: A World War II Story of Survival, Resilience and Redemption",9781400064168,Laura Hillenbrand,4.0,"November 16, 2010",Biology,339,0,The world-building in this fantasy novel is incredible.
The Computer Nut,9780582095571,Betsy Byars,3.0,"January 1, 1984",Computer-Science,300,0,This book really made me think about [a theme].
Lone Survivor: The Eyewitness Account of Operation Redwing and the Lost Heroes of SEAL Team 10,9780316067591,"Marcus Luttrell,Patrick Robinson",4.0,"June 12, 2006",Personal-Development,16,0,This book really made me think about [a theme].
"Beloved (Beloved Trilogy, #1)",9781400033416,Toni Morrison,4.0,"September 16, 1987",History,406,1,
"Even Steven and Odd Todd, Level 3 (Hello Math Reader)",9780590227155,"Kathryn Cristaldi,Kathryn Cristaldi",4.0,"April 1, 1996",Math,15,0,
"When Dimple Met Rishi (Dimple and Rishi, #1)",9781481478687,Sandhya Menon,4.0,"May 30, 2017",Math,246,0,A thought-provoking and insightful book.
Eat Sleep Work Repeat: 30 Hacks for Bringing Joy to Your Job,9780062944504,Bruce Daisley,4.0,"February 25, 2020",Personal-Development,103,0,The world-building in this fantasy novel is incredible.
Eat Sleep Work Repeat: 30 Hacks for Bringing Joy to Your Job,9780062944504,Bruce Daisley,4.0,"February 25, 2020",Personal-Development,264,1,I struggled to connect with the main character.
This One Summer,9781626720947,"Mariko Tamaki,Jillian Tamaki",4.0,"May 6, 2014",Comics,82,1,The pacing felt a bit off in the middle.
This One Summer,9781626720947,"Mariko Tamaki,Jillian Tamaki",4.0,"May 6, 2014",Comics,446,0,I couldn't put it down!
"Spider's Bite (Elemental Assassin, #1)",9781439147979,Jennifer Estep,4.0,"January 4, 2010",Fantasy,48,0,
Life's Golden Ticket: A Story About Second Chances,9780062467201,Brendon Burchard,,"May 8, 2007",Personal-Development,287,1,A thought-provoking and insightful book.
Introduction to the Theory of Computation,9780534950972,Michael Sipser,2.0,"January 25, 1996",Computer-Science,400,0,I couldn't put it down!
The Black Girl's Guide to Healing Emotional Wounds,9781734692808,Nijiama Smalls,4.0,"January 1, 2020",Personal-Development,147,0,A captivating story with well-developed characters.
"A Closed and Common Orbit (Wayfarers, #2)",9781473621442,Becky  Chambers,4.0,"October 20, 2016",Children,326,1,Disappointing after all the hype.
"All By My Selves: Walter, Peanut, Achmed, and Me",9780525951414,Jeff Dunham,4.0,"November 3, 2009",Personal-Development,34,1,I found the writing style to be quite beautiful.
Attached: The New Science of Adult Attachment and How It Can Help You Find—and Keep—Love,9781585428489,"Amir Levine,Rachel Heller",4.0,"December 30, 2010",Children,274,0,The world-building in this fantasy novel is incredible.
"The Diamond Age: Or, a Young Lady's Illustrated Primer",9780553380965,Neal Stephenson,4.0,"February 1, 1995",Artificial-Intelligence,307,1,I would recommend this to fans of [genre].
Eat Move Sleep: How Small Choices Lead to Big Changes,9781939714008,Tom Rath,4.0,"October 1, 2013",Personal-Development,327,1,I found the writing style to be quite beautiful.
The Pagemaster,9780590202435,Todd Strasser,,"January 1, 1994",nonfiction,55,0,I would recommend this to fans of [genre].
The Pagemaster,9780590202435,Todd Strasser,1.0,"January 1, 1994",nonfiction,474,0,A classic for a reason. Highly enjoyable.
Perfect Square,9780061915130,Michael  Hall,1.0,"March 29, 2011",Math,415,0,Disappointing after all the hype.
What the Robin Knows: How Birds Reveal the Secrets of the Natural World,9780547451251,Jon Young,4.0,"January 1, 2012",Biology,114,0,"Not what I expected, but in a good way!"
What the Robin Knows: How Birds Reveal the Secrets of the Natural World,9780547451251,Jon Young,4.0,"January 1, 2012",Biology,298,0,
The Year of the Perfect Christmas Tree: An Appalachian Story,9780140558777,"Gloria Houston,Barbara Cooney",1.0,"September 30, 1988",Children,205,0,I couldn't put it down!
The Year of the Perfect Christmas Tree: An Appalachian Story,9780140558777,"Gloria Houston,Barbara Cooney",4.0,"September 30, 1988",Children,416,0,The ending left me wanting more.
"Yours, Isaac Asimov: A Life in Letters",9780385476249,Stanley Asimov,4.0,"January 1, 1995",Math,124,0,A captivating story with well-developed characters.
"Yours, Isaac Asimov: A Life in Letters",9780385476249,Stanley Asimov,4.0,"January 1, 1995",Math,455,0,The world-building in this fantasy novel is incredible.
Honor (Rhynan #2),9781507750391,Rachel Rossano,1.0,"February 23, 2015",nonfiction,403,0,
Flight for Life (Talon #3),9781742841748,Gigi Sedlmayer,5.0,"March 1, 2012",Children,393,1,The pacing felt a bit off in the middle.
Playing for Keeps,9780801471476,Mur Lafferty,4.0,"January 1, 2008",Comics,189,1,The plot twists kept me guessing until the end.
A First Course in Graph Theory (Dover Books on Mathematics),9780486297309,"Gary Chartrand,Ping Zhang",4.0,"February 15, 2012",Math,134,0,A thought-provoking and insightful book.
A First Course in Graph Theory (Dover Books on Mathematics),9780486297309,"Gary Chartrand,Ping Zhang",4.0,"February 15, 2012",Math,260,0,I found the writing style to be quite beautiful.
A First Course in Graph Theory (Dover Books on Mathematics),9780486297309,"Gary Chartrand,Ping Zhang",4.0,"February 15, 2012",Math,489,0,A thought-provoking and insightful book.
A Magical World: Superstition and Science from the Renaissance to the Enlightenment,9781681776453,Derek K. Wilson,3.0,"February 6, 2018",Computer-Science,252,1,Disappointing after all the hype.
"A Perfect Equation (The Secret Scientists of London, #2)",9780593200643,Elizabeth  Everett,4.0,"February 15, 2022",Technology,53,0,I found the writing style to be quite beautiful.
The Summer of Bitter and Sweet,9780063086166,Jen  Ferguson,4.0,"May 10, 2022",nonfiction,149,1,"Not what I expected, but in a good way!"
The Summer of Bitter and Sweet,9780063086166,Jen  Ferguson,4.0,"May 10, 2022",nonfiction,357,1,The plot twists kept me guessing until the end.
Dolley Madison Saves George Washington,9780618411993,Don  Brown,4.0,"October 22, 2007",Math,109,0,This book really made me think about [a theme].
"Ship of the Line (Hornblower Saga: Chronological Order, #7)",9780316289368,C.S. Forester,4.0,"January 1, 1938",Math,262,0,The plot twists kept me guessing until the end.
"The TCP/IP Guide: A Comprehensive, Illustrated Internet Protocols Reference",9781593270476,Charles M. Kozierok,4.0,"October 1, 2005",Computer-Science,74,0,This book really made me think about [a theme].
Product Management's Sacred Seven: The Skills Required to Crush Product Manager Interviews and be a World-Class PM,9780578740584,"Parth Detroja,Neel Mehta,Aditya Agashe",,"August 6, 2020",Personal-Development,238,0,Disappointing after all the hype.
The Untold History of Ramen: How Political Crisis in Japan Spawned a Global Food Craze (California Studies in Food and Culture Volume 49),9780520277564,George Solt,3.0,"January 1, 2014",studio-ghibli,351,0,A quick and entertaining read.
The Untold History of Ramen: How Political Crisis in Japan Spawned a Global Food Craze (California Studies in Food and Culture Volume 49),9780520277564,George Solt,3.0,"January 1, 2014",studio-ghibli,409,0,This book really made me think about [a theme].
Seeing Like a State: How Certain Schemes to Improve the Human Condition Have Failed,9780300078152,James C. Scott,4.0,"January 1, 1998",Computer-Science,5,1,I found the writing style to be quite beautiful.
Seeing Like a State: How Certain Schemes to Improve the Human Condition Have Failed,9780300078152,James C. Scott,4.0,"January 1, 1998",Computer-Science,45,1,I found the writing style to be quite beautiful.
Euler's Gem: The Polyhedron Formula and the Birth of Topology,9780691126777,David S. Richeson,4.0,"January 1, 2008",Math,4,1,I couldn't put it down!
"Apprentice Needed (Wizard for Hire, #2)",9781629725291,Obert Skye,4.0,"April 2, 2019",Children,444,1,The plot twists kept me guessing until the end.
George and Martha,9780395199725,James  Marshall,4.0,"January 1, 1972",Children,17,0,A captivating story with well-developed characters.
George and Martha,9780395199725,James  Marshall,4.0,"January 1, 1972",Children,337,1,"Not what I expected, but in a good way!"
George and Martha,9780395199725,James  Marshall,,"January 1, 1972",Children,433,0,The world-building in this fantasy novel is incredible.
Conscious Parenting: Mindful Living Course (AoL Mindfulness #5),9789995754044,"Nataša Pantović,Ivana Milosavljevic",4.0,"March 3, 2015",Children,60,1,Disappointing after all the hype.
Framed: Astonishing True Stories of Wrongful Convictions,9780385550444,"John Grisham,Jim McCloskey",4.0,"October 15, 2024",nonfiction,260,1,The ending left me wanting more.
Cam Jansen and the Mystery of the Stolen Corn Popper (Cam Jansen #11),9780439133807,David A. Adler,4.0,"January 1, 1986",Math,305,1,I found the writing style to be quite beautiful.
"A Letter of Mary (Mary Russell and Sherlock Holmes, #3)",9780006510857,Laurie R. King,4.0,"January 1, 1996",Math,157,1,I would recommend this to fans of [genre].
From Heartbreak to Wholeness,9781250170439,Kristine Carlson,4.0,"June 12, 2018",Personal-Development,190,0,I would recommend this to fans of [genre].
Beyond Belief: My Secret Life Inside Scientology and My Harrowing Escape,9780062248473,"Jenna Miscavige Hill,Lisa Pulitzer",4.0,"February 5, 2013",Personal-Development,141,0,"Not what I expected, but in a good way!"
If Hemingway Wrote JavaScript,9781593275853,Angus Croll,4.0,"August 25, 2014",Computer-Science,452,1,This book really made me think about [a theme].
"The Blue Sword (Damar, #1)",9780441068807,Robin McKinley,4.0,"October 1, 1982",Fantasy,56,1,
"The Blue Sword (Damar, #1)",9780441068807,Robin McKinley,4.0,"October 1, 1982",Fantasy,169,0,The plot twists kept me guessing until the end.
The Potato: How the Humble Spud Rescued the Western World,9780865475786,Larry Zuckerman,1.0,"June 1, 1998",Math,54,0,A quick and entertaining read.
Applied Statistics and Probability for Engineers,9781119400332,"Douglas C. Montgomery,George C. Runger",3.0,"February 9, 1994",Computer-Science,33,1,A classic for a reason. Highly enjoyable.
The Rise and Decline of the Redneck Riviera: An Insider's History of the Florida-Alabama Coast,9780820334004,Harvey H. Jackson,1.0,"May 1, 2012",Math,120,0,
The Painted Veil,9780307277770,W. Somerset Maugham,4.0,"April 1, 1925",Math,409,1,The pacing felt a bit off in the middle.
On Beyond a Million: An Amazing Math Journey,9780440411772,"David M. Schwartz,Paul  Meisel",4.0,"January 1, 1999",Math,38,1,I found the writing style to be quite beautiful.
On Beyond a Million: An Amazing Math Journey,9780440411772,"David M. Schwartz,Paul  Meisel",4.0,"January 1, 1999",Math,42,1,A quick and entertaining read.
The Heart of Success; Making It in Business without Losing in Life,9780340786239,Rob Parsons,4.0,"January 24, 2002",Personal-Development,384,1,I would recommend this to fans of [genre].
T. Rex and the Crater of Doom,9780375702105,Walter Álvarez,,"January 1, 1997",Computer-Science,101,0,The world-building in this fantasy novel is incredible.
Small Things Like These,9780802158741,Claire Keegan,4.0,"November 5, 2021",Children,99,1,The world-building in this fantasy novel is incredible.
Small Things Like These,9780802158741,Claire Keegan,4.0,"November 5, 2021",Children,171,1,The plot twists kept me guessing until the end.
"Leviathan Wakes (The Expanse, #1)",9781841499888,James S.A. Corey,4.0,"June 2, 2011",Biology,73,0,
The Scrambled States of America Talent Show,9780805079975,Laurie Keller,4.0,"January 1, 2002",Math,85,0,A classic for a reason. Highly enjoyable.
The Scrambled States of America Talent Show,9780805079975,Laurie Keller,4.0,"January 1, 2002",Math,356,1,I struggled to connect with the main character.
The Scrambled States of America Talent Show,9780805079975,Laurie Keller,4.0,"January 1, 2002",Math,465,0,A quick and entertaining read.
Louis L'Amour's Western Tales: Trap of Gold and Trail to Pie Town,9781433209048,"Louis L&apos;Amour,William Dufris",4.0,"January 1, 2008",Math,167,0,A classic for a reason. Highly enjoyable.
Louis L'Amour's Western Tales: Trap of Gold and Trail to Pie Town,9781433209048,"Louis L&apos;Amour,William Dufris",3.0,"January 1, 2008",Math,440,0,I found the writing style to be quite beautiful.
"How to Change Your Mind: What the New Science of Psychedelics Teaches Us About Consciousness, Dying, Addiction, Depression, and Transcendence",9781594204227,Michael Pollan,4.0,"May 15, 2018",Computer-Science,408,0,I would recommend this to fans of [genre].
The Coal Elf,9781606192160,Maria DeVivo,1.0,"October 15, 2012",Children,312,0,The plot twists kept me guessing until the end.
"The Land of the Walking Stones (Ernest & Rebecca, #4)",9781597074001,"Guillaume Bianco,Antonello Dalena",4.0,"May 31, 2012",Children,481,0,A thought-provoking and insightful book.
I'm Rising: Determined. Confident. Powerful.,9780985552718,Michelle G. Stradford,4.0,"September 3, 2019",Personal-Development,226,0,A thought-provoking and insightful book.
"Talk Sweetly to Me (Brothers Sinister, #4.5)",9781937248222,Courtney Milan,4.0,"August 18, 2014",Technology,252,0,I would recommend this to fans of [genre].
The Prophet,9780001000391,Kahlil Gibran,4.0,"January 1, 1923",Business,215,1,A thought-provoking and insightful book.
"Deviant: The Shocking True Story of Ed Gein, the Original ""Psycho""",9780671025465,Harold Schechter,4.0,"January 1, 1989",History,419,1,A quick and entertaining read.
A Moveable Feast,9780684833637,"Ernest Hemingway,James Naughton",4.0,"January 1, 1964",Personal-Development,205,0,Disappointing after all the hype.
The Night Gardener,9781419711442,Jonathan Auxier,4.0,"May 20, 2014",Children,110,0,A captivating story with well-developed characters.
"Stalingrad: The Fateful Siege, 1942–1943",9780140284584,Antony Beevor,,"July 1, 1998",History,402,0,A classic for a reason. Highly enjoyable.
Topology,9780131816299,James R. Munkres,,"June 1, 1974",Math,438,1,The ending left me wanting more.
"Porcupine's Pie (Woodland Friends, 1)",9781506431802,Laura Renauld,4.0,"October 9, 2018",Math,16,1,This book really made me think about [a theme].
"First In, Last Out: Leadership Lessons from the New York Fire Department",9781591840688,"John Salka,Barret Neville,Dennis  Smith",4.0,"January 1, 2004",Personal-Development,68,0,"Not what I expected, but in a good way!"
"First In, Last Out: Leadership Lessons from the New York Fire Department",9781591840688,"John Salka,Barret Neville,Dennis  Smith",4.0,"January 1, 2004",Personal-Development,421,0,"Not what I expected, but in a good way!"
Python for Finance: Analyze Big Financial Data,9781491945285,Yves Hilpisch,4.0,"October 1, 2012",Computer-Science,467,0,The plot twists kept me guessing until the end.
The Magic School Bus Takes a Moonwalk,9780439684002,"Joanna Cole,Carolyn Bracken,Bruce Degen,Scholastic Inc.",1.0,"May 1, 2007",Math,234,0,Disappointing after all the hype.
The Engineer's Wife (The Engineer’s Wife #1),9781492698142,Tracey Enerson Wood,4.0,"April 7, 2020",Math,386,1,The ending left me wanting more.
On Your Toes: A Ballet ABC,9780060502386,Rachel Isadora,4.0,"March 28, 2003",Math,105,1,
Flotsam,9780618194575,David Wiesner,4.0,"September 4, 2006",Children,430,1,The plot twists kept me guessing until the end.
"Success Is Not an Accident: Change Your Choices, Change Your Life",9781886669093,Tommy Newberry,4.0,"January 15, 1998",Personal-Development,34,1,The pacing felt a bit off in the middle.
The Chimp Paradox: How Our Impulses and Emotions Can Determine Success and Happiness and How We Can Control Them,9780091935580,Steve   Peters,3.0,"January 1, 2012",Personal-Development,34,0,A captivating story with well-developed characters.
The Chimp Paradox: How Our Impulses and Emotions Can Determine Success and Happiness and How We Can Control Them,9780091935580,Steve   Peters,4.0,"January 1, 2012",Personal-Development,165,0,"Not what I expected, but in a good way!"
The Chimp Paradox: How Our Impulses and Emotions Can Determine Success and Happiness and How We Can Control Them,9780091935580,Steve   Peters,4.0,"January 1, 2012",Personal-Development,494,1,The world-building in this fantasy novel is incredible.
Beyond Good and Evil,9780140449235,"Friedrich Nietzsche,Michael Tanner,R.J. Hollingdale",4.0,"January 1, 1886",Children,346,1,
Beyond Good and Evil,9780140449235,"Friedrich Nietzsche,Michael Tanner,R.J. Hollingdale",4.0,"January 1, 1886",Children,375,0,I would recommend this to fans of [genre].
The Madame Curie Complex: The Hidden History of Women in Science (Women Writing Science),9781558616134,Julie Des Jardins,2.0,"March 1, 2010",Math,180,0,"Not what I expected, but in a good way!"
Far Distant Oxus (Armada Lions),9780006704324,"Katharine Hull,Pamela Whitlock",3.0,"January 1, 1937",Children,239,0,This book really made me think about [a theme].
Dead Men Do Tell Tales: The Strange and Fascinating Cases of a Forensic Anthropologist,9780385479684,"William R. Maples,Michael Browning",3.0,"October 1, 1994",Biology,74,0,I found the writing style to be quite beautiful.
Captain Pugwash: A Pirate Story,9781845078218,John Ryan,4.0,"January 1, 1957",Children,485,1,I found the writing style to be quite beautiful.
What Technology Wants,9780143120179,Kevin Kelly,1.0,"October 1, 2010",Computer-Science,390,0,A classic for a reason. Highly enjoyable.
Killing Pablo: The Hunt for the World's Greatest Outlaw,9780142000953,Mark Bowden,4.0,"January 1, 2001",History,169,0,
Killing Pablo: The Hunt for the World's Greatest Outlaw,9780142000953,Mark Bowden,,"January 1, 2001",History,312,1,Disappointing after all the hype.
Killing Pablo: The Hunt for the World's Greatest Outlaw,9780142000953,Mark Bowden,4.0,"January 1, 2001",History,454,0,Disappointing after all the hype.
Kubernetes: Up & Running,9781491935675,"Kelsey Hightower,Brendan Burns,Joe Beda",3.0,"January 31, 2016",Computer-Science,222,0,A thought-provoking and insightful book.
"Nowhere But Here (Thunder Road, #1)",9780373211425,Katie McGarry,4.0,"May 26, 2015",Cars,93,0,The world-building in this fantasy novel is incredible.
The New Jim Crow: Mass Incarceration in the Age of Colorblindness,9781595585301,Michelle Alexander,5.0,"January 5, 2010",Children,43,1,"Not what I expected, but in a good way!"
The New Jim Crow: Mass Incarceration in the Age of Colorblindness,9781595585301,Michelle Alexander,5.0,"January 5, 2010",Children,64,1,I found the writing style to be quite beautiful.
"Persuasion (Curse of the Gods, #2)",9780648054221,"Jaymin Eve,Jane Washington",4.0,"May 30, 2017",nonfiction,70,1,Disappointing after all the hype.
"Geek Sublime: The Beauty of Code, the Code of Beauty",9781555976859,Vikram Chandra,3.0,"November 8, 2013",Computer-Science,386,0,
World Without Cancer: The Story of Vitamin B17,9780912986197,G. Edward Griffin,4.0,"December 18, 1974",Biology,383,1,I couldn't put it down!
"Touch the Dark (Cassandra Palmer, #1)",9780451460936,Karen Chance,1.0,"June 6, 2006",Fantasy,185,0,I found the writing style to be quite beautiful.
"Touch the Dark (Cassandra Palmer, #1)",9780451460936,Karen Chance,1.0,"June 6, 2006",Fantasy,194,0,Disappointing after all the hype.
"Touch the Dark (Cassandra Palmer, #1)",9780451460936,Karen Chance,4.0,"June 6, 2006",Fantasy,307,1,A quick and entertaining read.
Mixed Effects Models and Extensions in Ecology with R (Statistics for Biology and Health),9781441927644,"Alain F. Zuur,Elena N. Ieno,Neil Walker,Anatoly A. Saveliev,Graham M. Smith",4.0,"March 12, 2009",Computer-Science,180,1,A thought-provoking and insightful book.
"The Eternity Code (Artemis Fowl, #3)",9780141321318,Eoin Colfer,4.0,"April 27, 2003",Children,320,1,
It's Not Easy Being Green and Other Things to Consider,9781401302429,Jim Henson,4.0,"January 1, 2005",Personal-Development,61,1,The pacing felt a bit off in the middle.
It's Not Easy Being Green and Other Things to Consider,9781401302429,Jim Henson,4.0,"January 1, 2005",Personal-Development,260,1,The pacing felt a bit off in the middle.
It's Not Easy Being Green and Other Things to Consider,9781401302429,Jim Henson,4.0,"January 1, 2005",Personal-Development,488,0,
For One More Day,9781401303273,Mitch Albom,2.0,"September 26, 2006",Personal-Development,1,0,I struggled to connect with the main character.
For One More Day,9781401303273,Mitch Albom,2.0,"September 26, 2006",Personal-Development,129,0,I found the writing style to be quite beautiful.
"Father Forgive Us, for We Know Not What We Do",9798665327877,"Helmut Glavar,Andrew Oberg",4.0,"January 1, 2020",Personal-Development,111,0,I would recommend this to fans of [genre].
"Father Forgive Us, for We Know Not What We Do",9798665327877,"Helmut Glavar,Andrew Oberg",4.0,"January 1, 2020",Personal-Development,425,1,The ending left me wanting more.
The Big Leap: Conquer Your Hidden Fear and Take Life to the Next Level,9780061735349,Gay Hendricks,4.0,"January 1, 2009",Personal-Development,475,1,A classic for a reason. Highly enjoyable.
The Northern Lights: The True Story of the Man Who Unlocked the Secrets of the Aurora Borealis,9780375409806,Lucy Jago,1.0,"January 1, 2001",Computer-Science,433,0,I found the writing style to be quite beautiful.
The Secret Keeper,9781742374376,Kate Morton,,"October 1, 2012",Children,367,0,I would recommend this to fans of [genre].
"Dependency Injection Principles, Practices, and Patterns",9781617294730,"Mark Seemann,Steven van Deursen",4.0,"September 28, 2011",Computer-Science,191,1,A quick and entertaining read.
"Dependency Injection Principles, Practices, and Patterns",9781617294730,"Mark Seemann,Steven van Deursen",4.0,"September 28, 2011",Computer-Science,292,1,The ending left me wanting more.
The Particle at the End of the Universe: How the Hunt for the Higgs Boson Leads Us to the Edge of a New World,9780525953593,Sean Carroll,,"November 1, 2012",Computer-Science,237,1,I struggled to connect with the main character.
The Particle at the End of the Universe: How the Hunt for the Higgs Boson Leads Us to the Edge of a New World,9780525953593,Sean Carroll,3.0,"November 1, 2012",Computer-Science,358,0,The pacing felt a bit off in the middle.
Threat Modeling: Designing for Security,9781118810057,Adam Shostack,4.0,"January 1, 2014",Computer-Science,61,1,The pacing felt a bit off in the middle.
Threat Modeling: Designing for Security,9781118810057,Adam Shostack,4.0,"January 1, 2014",Computer-Science,68,0,
A Civil Action,9780679772675,Jonathan Harr,2.0,"January 1, 1995",Technology,94,0,I struggled to connect with the main character.
A Civil Action,9780679772675,Jonathan Harr,4.0,"January 1, 1995",Technology,302,1,I found the writing style to be quite beautiful.
A Civil Action,9780679772675,Jonathan Harr,3.0,"January 1, 1995",Technology,445,0,
"Periodic Tales: A Cultural History of the Elements, from Arsenic to Zinc",9780061824722,Hugh Aldersey-Williams,4.0,"January 1, 2011",Math,375,1,This book really made me think about [a theme].
Remarkable Creatures,9780007178377,Tracy Chevalier,4.0,"August 24, 2009",Artificial-Intelligence,380,0,"Not what I expected, but in a good way!"
"The Art of Thinking Clearly: Better Thinking, Better Decision",9781444759549,Rolf Dobelli,4.0,"January 1, 2011",Math,79,1,
The Magic School Bus Sees Stars: A Book About Stars,9780590187329,"Joanna Cole,Nancy White,Art Ruiz,Bruce Degen,Noel MacNeal",4.0,"February 1, 1999",Math,381,0,A quick and entertaining read.
Shakespeare's Sonnets,9781903436578,"William Shakespeare,Katherine Duncan-Jones",,"January 1, 1609",Children,59,0,The ending left me wanting more.
"Moby-Dick or, The Whale",9780142437247,"Herman Melville,Andrew Delbanco,Tom Quirk",4.0,"October 18, 1851",Math,496,1,A quick and entertaining read.
How Much Is a Million?,9780688099336,"David M. Schwartz,Steven Kellogg",4.0,"January 1, 1985",Math,426,1,
"More than a Glitch: Confronting Race, Gender, and Ability Bias in Tech",9780262047654,Meredith Broussard,,"March 14, 2023",Computer-Science,44,1,I couldn't put it down!
Data Structures and Algorithms Made Easy in Java: Data Structure and Algorithmic Puzzles,9781466304161,Narasimha Karumanchi,,"September 14, 2011",Computer-Science,97,0,
Methland: The Death and Life of an American Small Town,9781596916500,Nick Reding,4.0,"June 9, 2009",Personal-Development,21,0,A thought-provoking and insightful book.
The Echo Wife,9781250174666,Sarah Gailey,4.0,"February 16, 2021",Math,332,1,The plot twists kept me guessing until the end.
"Stolen Innocence: My Story of Growing Up in a Polygamous Sect, Becoming a Teenage Bride, and Breaking Free of Warren Jeffs",9780061734960,"Elissa Wall,Lisa Pulitzer",4.0,"May 13, 2008",nonfiction,343,0,I would recommend this to fans of [genre].
One Day in the Life of Ivan Denisovich,9780141184746,"Aleksandr Solzhenitsyn,Ralph Parker",4.0,"November 1, 1962",Children,400,1,I struggled to connect with the main character.
We Were Eight Years in Power: An American Tragedy,9780399590566,Ta-Nehisi Coates,4.0,"October 3, 2017",Personal-Development,185,1,
"Bone Crossed (Mercy Thompson, #4)",9781841496863,Patricia Briggs,4.0,"January 26, 2010",Fantasy,37,0,A quick and entertaining read.
Napoleon Hill's Keys to Success: The 17 Principles of Personal Achievement,9780452272811,"Napoleon Hill,Matthew Sartwell",,"January 1, 1994",Personal-Development,224,1,A quick and entertaining read.
A Crack in the Edge of the World,9780060572006,Simon Winchester,4.0,"October 4, 2005",Math,376,1,A thought-provoking and insightful book.
Darwin for Beginners,9780375714580,"Jonathan Miller,Borin Van Loon",4.0,"January 1, 1982",Math,39,0,The plot twists kept me guessing until the end.
Darwin for Beginners,9780375714580,"Jonathan Miller,Borin Van Loon",4.0,"January 1, 1982",Math,385,1,I would recommend this to fans of [genre].
"Diplomats & Admirals: From Failed Negotiations and Tragic Misjudgments to Powerful Leaders and Heroic Deeds, the Untold Story of the Pacific War from Pearl Harbor to Midway",9798986562629,Dale A. Jenkins,3.0,"December 1, 2022",Personal-Development,144,0,I found the writing style to be quite beautiful.
"Diplomats & Admirals: From Failed Negotiations and Tragic Misjudgments to Powerful Leaders and Heroic Deeds, the Untold Story of the Pacific War from Pearl Harbor to Midway",9798986562629,Dale A. Jenkins,4.0,"December 1, 2022",Personal-Development,314,1,
Vector Calculus,9780321780652,Susan Jane Colley,,"July 17, 1997",Math,36,0,"Not what I expected, but in a good way!"
Vector Calculus,9780321780652,Susan Jane Colley,,"July 17, 1997",Math,466,1,The world-building in this fantasy novel is incredible.
All the Crooked Saints,9780545930802,Maggie Stiefvater,4.0,"October 10, 2017",studio-ghibli,450,0,
All the Crooked Saints,9780545930802,Maggie Stiefvater,4.0,"October 10, 2017",studio-ghibli,482,1,I couldn't put it down!
Yours for the Taking,9781250283368,Gabrielle  Korn,4.0,"December 5, 2023",Math,159,1,A captivating story with well-developed characters.
The Book of Awakening: Having the Life You Want by Being Present to the Life You Have,9781573241175,Mark Nepo,4.0,"May 31, 1999",Personal-Development,207,1,The world-building in this fantasy novel is incredible.
Blockchain Babel: The Crypto Craze and the Challenge to Business,9780749484163,Igor Pejic,,"March 26, 2019",Computer-Science,83,1,The ending left me wanting more.
A (Very) Short History of Life on Earth: 4.6 Billion Years in 12 Pithy Chapters,9781250276650,Henry Gee,4.0,"November 9, 2021",Math,477,0,The ending left me wanting more.
"The Trouble with Hating You (The Trouble with Hating You, #1)",9781538733332,Sajni Patel,1.0,"May 12, 2020",Computer-Science,153,0,I struggled to connect with the main character.
Six Cousins At Mistletoe Farm,9780006916208,Enid Blyton,4.0,"January 1, 1948",Children,297,1,The ending left me wanting more.
"Seven Little Australians (Woolcots, #1)",9781428041455,Ethel Turner,4.0,"January 1, 1894",Children,122,0,The world-building in this fantasy novel is incredible.
"Seven Little Australians (Woolcots, #1)",9781428041455,Ethel Turner,4.0,"January 1, 1894",Children,315,1,A quick and entertaining read.
"Seven Little Australians (Woolcots, #1)",9781428041455,Ethel Turner,,"January 1, 1894",Children,392,0,A quick and entertaining read.
The Nine Lives of Christmas,9781409192657,Florence McNicoll,,"November 14, 2019",Children,128,0,I struggled to connect with the main character.
Why I'm No Longer Talking to White People About Race,9781408870556,Reni Eddo-Lodge,4.0,"June 1, 2017",Personal-Development,71,1,
Why I'm No Longer Talking to White People About Race,9781408870556,Reni Eddo-Lodge,,"June 1, 2017",Personal-Development,246,0,The world-building in this fantasy novel is incredible.
Why I'm No Longer Talking to White People About Race,9781408870556,Reni Eddo-Lodge,1.0,"June 1, 2017",Personal-Development,470,0,I would recommend this to fans of [genre].
Hindsight: A Novel of Suspense,9780394531823,Peter Dickinson,4.0,"January 1, 1983",Children,33,0,I couldn't put it down!
Hindsight: A Novel of Suspense,9780394531823,Peter Dickinson,,"January 1, 1983",Children,250,0,
Hindsight: A Novel of Suspense,9780394531823,Peter Dickinson,4.0,"January 1, 1983",Children,270,1,I found the writing style to be quite beautiful.
Hindsight: A Novel of Suspense,9780394531823,Peter Dickinson,4.0,"January 1, 1983",Children,380,1,The ending left me wanting more.
Beach Money: Creating Your Dream Life Through Network Marketing,9780981524504,Jordan Adler,4.0,"January 1, 2008",Personal-Development,384,1,I would recommend this to fans of [genre].
The Mary Shelley Club,9781250230102,Goldy Moldavsky,,"April 13, 2021",Children,52,0,I would recommend this to fans of [genre].
The Scorpio Races,9780545224901,Maggie Stiefvater,4.0,"October 18, 2011",Fantasy,52,1,"Not what I expected, but in a good way!"
"Callahan's Crosstime Saloon (Callahan's, #1)",9780812572278,Spider Robinson,2.0,"January 1, 1977",Children,206,0,A classic for a reason. Highly enjoyable.
"Hunter x Hunter, Vol. 01 (Hunter x Hunter, #1)",9781591167532,Yoshihiro Togashi,,"June 9, 1998",studio-ghibli,331,1,The plot twists kept me guessing until the end.
The Age of AI and Our Human Future,9780316273800,"Henry Kissinger,Eric Schmidt,Daniel Huttenlocher",3.0,"November 2, 2021",Artificial-Intelligence,298,0,A quick and entertaining read.
How to Read Literature Like a Professor,9780060009427,Thomas C. Foster,4.0,"February 18, 2003",Personal-Development,408,0,A quick and entertaining read.
The Declaration of Independence / The Constitution of the United States,9780553214826,Founding Fathers,4.0,"January 1, 1776",Economics,368,1,Disappointing after all the hype.
Distress,9780471691891,Greg Egan,4.0,"January 1, 1995",Computer-Science,40,1,I found the writing style to be quite beautiful.
Distress,9780471691891,Greg Egan,4.0,"January 1, 1995",Computer-Science,185,0,A quick and entertaining read.
Distress,9780471691891,Greg Egan,4.0,"January 1, 1995",Computer-Science,265,1,I couldn't put it down!
Crow Planet: Essential Wisdom from the Urban Wilderness,9780316019101,Lyanda Lynn Haupt,4.0,"January 1, 2009",Biology,233,1,Disappointing after all the hype.
Sinners and Saints,9780300115970,Allie Bloom,3.0,"January 9, 2021",Personal-Development,231,0,"Not what I expected, but in a good way!"
"Harry Potter Boxed Set, Books 1-5 (Harry Potter, #1-5)",9780439682589,"J.K. Rowling,Mary GrandPré",,"October 1, 2003",Children,103,1,The world-building in this fantasy novel is incredible.
"Harry Potter Boxed Set, Books 1-5 (Harry Potter, #1-5)",9780439682589,"J.K. Rowling,Mary GrandPré",,"October 1, 2003",Children,480,1,The ending left me wanting more.
"Harry Potter Boxed Set, Books 1-5 (Harry Potter, #1-5)",9780439682589,"J.K. Rowling,Mary GrandPré",5.0,"October 1, 2003",Children,482,1,A classic for a reason. Highly enjoyable.
Journey (Journey Trilogy #1),9780763660536,Aaron Becker,4.0,"August 6, 2013",Children,152,1,The world-building in this fantasy novel is incredible.
Cleopatra: A Life,9780316001922,Stacy Schiff,4.0,"November 1, 2010",Personal-Development,240,0,
The Greedy Triangle (Brainy Day Books),9780590489911,"Marilyn Burns,Syd Hoff,Gordon Silveria",,"January 1, 1994",Math,21,0,This book really made me think about [a theme].
Under the Sea-Wind,9780143104964,"Rachel Carson,Linda Lear",4.0,"January 1, 1941",Math,291,1,The ending left me wanting more.
This Plus That: Life's Little Equations,9780061726552,"Amy Krouse Rosenthal,Jen Corace",4.0,"April 26, 2011",Math,68,1,I struggled to connect with the main character.
Darwin's Black Box: The Biochemical Challenge to Evolution,9780743290319,Michael J. Behe,4.0,"August 1, 1996",Biology,173,1,I struggled to connect with the main character.
Darwin's Black Box: The Biochemical Challenge to Evolution,9780743290319,Michael J. Behe,4.0,"August 1, 1996",Biology,367,0,I would recommend this to fans of [genre].
The Culture Code: The Secrets of Highly Successful Groups,9780804176989,Daniel Coyle,4.0,"September 5, 2017",Artificial-Intelligence,126,0,A captivating story with well-developed characters.
Smarter Than You Think: How Technology is Changing Our Minds for the Better,9781594204456,Clive Thompson,4.0,"January 1, 2013",Math,179,1,A quick and entertaining read.
Walt Disney's Mother Goose (A Little Golden Book),9780307020413,"Al Dempster,Walt Disney Company",2.0,"January 1, 1949",Children,150,0,A thought-provoking and insightful book.
A Common-Sense Guide to Data Structures and Algorithms: Level Up Your Core Programming Skills,9781680502442,Jay Wengrow,4.0,"September 12, 2017",Computer-Science,471,0,This book really made me think about [a theme].
The Carpenter's Gift: A Christmas Tale about the Rockefeller Center Tree,9780375869228,"David Rubel,Jim LaMarche",4.0,"January 1, 2011",Children,80,1,"Not what I expected, but in a good way!"
The Angel and the Assassin: The Tiny Brain Cell That Changed the Course of Medicine,9781524799175,Donna Jackson Nakazawa,4.0,"January 21, 2020",Computer-Science,455,1,A quick and entertaining read.
"Talk To Me: How Voice Computing Will Transform the Way We Live, Work, and Think",9781328799302,James Vlahos,4.0,"March 26, 2019",Computer-Science,39,1,The ending left me wanting more.
"Talk To Me: How Voice Computing Will Transform the Way We Live, Work, and Think",9781328799302,James Vlahos,4.0,"March 26, 2019",Computer-Science,381,1,This book really made me think about [a theme].
"Molly Morningstar A Doll for Me: A Fun Story About Diversity, Inclusion, and A Sense of Belonging (Molly Morningstar Series)",9781777388317,"Andrea  Coke,M. Fernanda Orozco",5.0,"October 4, 2021",Children,451,1,I would recommend this to fans of [genre].
In Search of Lost Time,9780812969641,"Marcel Proust,C.K. Scott Moncrieff,Terence Kilmartin,Andreas Mayor,D.J. Enright",4.0,"January 1, 1913",Children,82,0,The ending left me wanting more.
"A Treasury of Royal Scandals: The Shocking True Stories of History's Wickedest, Weirdest, Most Wanton Kings, Queens, Tsars, Popes, and Emperors",9780140280241,Michael Farquhar,,"January 1, 2001",Biology,349,1,A classic for a reason. Highly enjoyable.
Real and Complex Analysis (Higher Mathematics Series),9780070542341,Walter Rudin,4.0,"January 1, 1970",Math,358,1,
A Hero's Heart,9781616739898,Amber Daulton,,"January 1, 2013",Children,153,0,The ending left me wanting more.
A Hero's Heart,9781616739898,Amber Daulton,4.0,"January 1, 2013",Children,362,1,I struggled to connect with the main character.
A Hero's Heart,9781616739898,Amber Daulton,2.0,"January 1, 2013",Children,395,0,The pacing felt a bit off in the middle.
A Second Is A Hiccup,9780439831062,"Hazel Hutchins,Kady MacDonald Denton",4.0,"January 1, 2004",Math,390,0,I struggled to connect with the main character.
Humble Pi: A Comedy of Maths Errors,9780241360194,Matt    Parker,1.0,"March 7, 2019",Math,289,0,Disappointing after all the hype.
The Tapping Solution for Pain Relief: A Step-by-Step Guide to Reducing and Eliminating Chronic Pain,9781401947675,Nick Ortner,4.0,"April 2, 2015",Personal-Development,63,1,The plot twists kept me guessing until the end.
"Gator Country: Deception, Danger, and Alligators in the Everglades",9781250842572,Rebecca Renner,,"November 14, 2023",Biology,480,0,The ending left me wanting more.
"The Wave: In Pursuit of the Rogues, Freaks, and Giants of the Ocean",9780767928847,Susan Casey,1.0,"September 14, 2010",Computer-Science,447,0,The plot twists kept me guessing until the end.
"Spooky Action at a Distance: The Phenomenon That Reimagines Space and Time—and What It Means for Black Holes, the Big Bang, and Theories of Everything",9780374298517,George Musser,4.0,"November 3, 2015",Math,275,1,
"Secrets II (Secrets, #2)",9780692845523,Julie Mannino,4.0,"October 19, 2022",Children,19,1,A thought-provoking and insightful book.
"Secrets II (Secrets, #2)",9780692845523,Julie Mannino,4.0,"October 19, 2022",Children,140,0,The plot twists kept me guessing until the end.
"Secrets II (Secrets, #2)",9780692845523,Julie Mannino,4.0,"October 19, 2022",Children,312,0,The ending left me wanting more.
"Let's Ask Marion: What You Need to Know about the Politics of Food, Nutrition, and Health (Volume 74) (California Studies in Food and Culture)",9780520343238,"Marion Nestle,Kerry Trueman",4.0,"September 1, 2020",Computer-Science,105,0,A thought-provoking and insightful book.
Incognito: The Secret Lives of the Brain,9781847679383,David Eagleman,1.0,"May 31, 2011",Math,240,0,
Number Theory (Dover Books on Mathematics),9780486682525,George E. Andrews,4.0,"January 1, 2012",Math,58,0,The pacing felt a bit off in the middle.
On the Move: A Life,9780385352543,Oliver Sacks,1.0,"April 1, 2015",Math,76,0,I found the writing style to be quite beautiful.
On the Move: A Life,9780385352543,Oliver Sacks,4.0,"April 1, 2015",Math,255,1,This book really made me think about [a theme].
On the Move: A Life,9780385352543,Oliver Sacks,4.0,"April 1, 2015",Math,319,1,
NeuroTribes: The Legacy of Autism and the Future of Neurodiversity,9781583334676,"Steve Silberman,Oliver Sacks",,"August 1, 2015",Computer-Science,214,0,A classic for a reason. Highly enjoyable.
American Born Chinese,9781596431522,"Gene Luen Yang,Lark Pien",4.0,"September 1, 2006",Children,87,1,
American Born Chinese,9781596431522,"Gene Luen Yang,Lark Pien",4.0,"September 1, 2006",Children,175,0,A quick and entertaining read.
American Born Chinese,9781596431522,"Gene Luen Yang,Lark Pien",4.0,"September 1, 2006",Children,266,1,
"Warcross (Warcross, #1)",9780399547980,Marie Lu,,"September 12, 2017",Math,429,0,A classic for a reason. Highly enjoyable.
The Paper Bag Princess,9780920236161,"Robert Munsch,Michael Martchenko",4.0,"May 1, 1980",Personal-Development,179,0,Disappointing after all the hype.
Pro AngularJS (Expert's Voice in Web Development),9781430264491,Adam   Freeman,4.0,"March 25, 2014",Computer-Science,77,0,The world-building in this fantasy novel is incredible.
"A Storm of Swords (A Song of Ice and Fire, #3)",9780553573428,George R.R. Martin,5.0,"August 8, 2000",Fantasy,288,1,
The Demon-Haunted World: Science as a Candle in the Dark,9780345409461,"Carl Sagan,Ann Druyan",4.0,"January 1, 1995",Biology,17,1,A thought-provoking and insightful book.
The Demon-Haunted World: Science as a Candle in the Dark,9780345409461,"Carl Sagan,Ann Druyan",4.0,"January 1, 1995",Biology,312,1,I found the writing style to be quite beautiful.
I Know My First Name is Steven: The True Story of the Steven Stayner Abduction Case,9780786011049,Mike  Echols,4.0,"December 1, 1991",History,309,1,The pacing felt a bit off in the middle.
Night Is Coming (Picture Puffins),9780140562286,"W. Nikola-Lisa,Jamichael Henterly",2.0,"January 1, 1991",Children,484,0,The world-building in this fantasy novel is incredible.
Toughen Up!,9780989576338,Claude Hamilton,4.0,"October 1, 2013",Personal-Development,196,0,A thought-provoking and insightful book.
Stealing Our Way Home,9781338042962,Cecilia Galante,,"June 27, 2017",Children,290,1,The plot twists kept me guessing until the end.
Inspired: How to Create Tech Products Customers Love,9781119387503,Marty Cagan,,"January 1, 2008",Artificial-Intelligence,41,0,This book really made me think about [a theme].
Slaughterhouse-Five,978-1-63246-014-1,Kurt Vonnegut Jr.,4.0,"March 31, 1969",Fantasy,394,1,The pacing felt a bit off in the middle.
Chronicles of Avonlea,9781620127773,L.M. Montgomery,4.0,"January 1, 1912",Math,379,1,The plot twists kept me guessing until the end.
By Your Side,9780062455864,Kasie West,4.0,"January 31, 2017",Children,33,0,This book really made me think about [a theme].
The Light Between Oceans,9781451681734,M.L. Stedman,4.0,"March 20, 2012",Children,343,0,
The Proper Care and Feeding of Husbands,9780060520625,Laura Schlessinger,4.0,"December 30, 2003",Personal-Development,338,1,A classic for a reason. Highly enjoyable.
Grokking Deep Learning,9781617295454,Andrew W. Trask,2.0,"January 1, 2017",Computer-Science,53,0,I would recommend this to fans of [genre].
Maria Mitchell and the Sexing of Science: An Astronomer Among the American Romantics,9780807021422,Renée Bergland,4.0,"April 1, 2008",Computer-Science,461,1,The plot twists kept me guessing until the end.
Maria Mitchell and the Sexing of Science: An Astronomer Among the American Romantics,9780807021422,Renée Bergland,4.0,"April 1, 2008",Computer-Science,465,0,A quick and entertaining read.
"When Hitler Stole Pink Rabbit (Out of the Hitler Time, #1)",9780007137633,Judith Kerr,4.0,"January 1, 1971",History,341,0,"Not what I expected, but in a good way!"
I Know This Much Is True,9780060987565,Wally Lamb,2.0,"June 14, 1998",Personal-Development,125,0,The world-building in this fantasy novel is incredible.
Secrets and Lies: Digital Security in a Networked World,9780471453802,Bruce Schneier,4.0,"January 1, 2000",Computer-Science,71,1,A captivating story with well-developed characters.
Just as Long as We're Together,9780330398046,Judy Blume,4.0,"January 1, 1986",Children,348,1,A classic for a reason. Highly enjoyable.
Ella Baker: Freedom Bound,9780471327172,"Joanne Grant,Igor Ed. Grant,Julian Bond",1.0,"January 1, 1998",Math,59,0,I would recommend this to fans of [genre].
The Very Hungry Caterpillar,9780241003008,Eric Carle,4.0,"June 3, 1969",Cars,32,1,
The Very Hungry Caterpillar,9780241003008,Eric Carle,4.0,"June 3, 1969",Cars,63,0,"Not what I expected, but in a good way!"
The Game of Life and How to Play It,9780875162577,Florence Scovel Shinn,4.0,"June 1, 1978",Personal-Development,462,0,I couldn't put it down!
The Olive Fairy Book,9780486219080,"Andrew Lang,Henry Justice Ford,Leonora Blanche Alleyne Lang",4.0,"January 1, 1907",Children,178,1,I would recommend this to fans of [genre].
Black and White Rabbit's ABC,9781856979511,Alan    Baker,4.0,"January 1, 1994",Math,81,1,The world-building in this fantasy novel is incredible.
Happy Place,9780593441275,Emily Henry,4.0,"April 25, 2023",Children,472,1,I would recommend this to fans of [genre].
The Complete Persepolis,9780375714832,Marjane Satrapi,4.0,"January 1, 2007",Comics,491,1,A captivating story with well-developed characters.
"The Emotion Machine: Commonsense Thinking, Artificial Intelligence, and the Future of the Human Mind",9780743276634,Marvin Minsky,4.0,"January 1, 2006",Computer-Science,325,0,A captivating story with well-developed characters.
10-Minute Declutter: The Stress-Free Habit for Simplifying Your Home,9781514133460,"S.J. Scott,Barrie Davenport",3.0,"May 14, 2015",Personal-Development,304,0,I found the writing style to be quite beautiful.
10-Minute Declutter: The Stress-Free Habit for Simplifying Your Home,9781514133460,"S.J. Scott,Barrie Davenport",3.0,"May 14, 2015",Personal-Development,461,0,I found the writing style to be quite beautiful.
The Angel Tree,9780545613781,Daphne Benedis-Grab,4.0,"September 30, 2014",Children,405,1,A quick and entertaining read.
Fun with Roman Numerals,9780823420605,"David A. Adler,Edward Miller III",4.0,"September 15, 2008",Math,65,0,The pacing felt a bit off in the middle.
Think Complexity: Complexity Science and Computational Modeling,9781449314637,Allen B. Downey,,"March 20, 2009",Computer-Science,157,1,Disappointing after all the hype.
Think Complexity: Complexity Science and Computational Modeling,9781449314637,Allen B. Downey,4.0,"March 20, 2009",Computer-Science,299,1,I struggled to connect with the main character.
Programming the Universe: A Quantum Computer Scientist Takes on the Cosmos,9781400040926,Seth Lloyd,4.0,"January 1, 2006",Computer-Science,11,1,A quick and entertaining read.
Programming the Universe: A Quantum Computer Scientist Takes on the Cosmos,9781400040926,Seth Lloyd,4.0,"January 1, 2006",Computer-Science,344,1,A thought-provoking and insightful book.
Programming the Universe: A Quantum Computer Scientist Takes on the Cosmos,9781400040926,Seth Lloyd,4.0,"January 1, 2006",Computer-Science,424,1,A quick and entertaining read.
Written in Bone: Hidden Stories in What We Leave Behind,9781951627805,Sue Black,,"September 30, 2020",Computer-Science,201,0,A captivating story with well-developed characters.
"Frostbite (Vampire Academy, #2)",9781595141750,Richelle Mead,4.0,"April 1, 2008",Fantasy,107,1,I found the writing style to be quite beautiful.
"Frostbite (Vampire Academy, #2)",9781595141750,Richelle Mead,,"April 1, 2008",Fantasy,203,0,A captivating story with well-developed characters.
"Fated (Dark Protectors, #1)",9780758259233,Rebecca  Zanetti,4.0,"March 1, 2011",Biology,6,1,The pacing felt a bit off in the middle.
The Dreams of Dragons: An Exploration and Celebration of the Mysteries of Nature,9780892813728,Lyall Watson,4.0,"January 1, 1987",Math,46,0,The ending left me wanting more.
The Dreams of Dragons: An Exploration and Celebration of the Mysteries of Nature,9780892813728,Lyall Watson,,"January 1, 1987",Math,227,0,
The Dreams of Dragons: An Exploration and Celebration of the Mysteries of Nature,9780892813728,Lyall Watson,4.0,"January 1, 1987",Math,336,1,The pacing felt a bit off in the middle.
Downfall: The End of the Imperial Japanese Empire,9780141001463,Richard B. Frank,,"January 1, 1999",studio-ghibli,171,0,I couldn't put it down!
Successful Fathers: The Subtle but Powerful Ways Fathers Mold Their Children's Characters,9781889334370,James B. Stenson,,"January 1, 2001",Personal-Development,115,1,I would recommend this to fans of [genre].
Probabilistic Reasoning in Intelligent Systems: Networks of Plausible Inference (Morgan Kaufmann Series in Representation and Reasoning),9781558604797,Judea Pearl,3.0,"September 1, 1988",Computer-Science,363,0,
Probabilistic Reasoning in Intelligent Systems: Networks of Plausible Inference (Morgan Kaufmann Series in Representation and Reasoning),9781558604797,Judea Pearl,4.0,"September 1, 1988",Computer-Science,489,1,The plot twists kept me guessing until the end.
"The Magic School Bus and the Climate Challenge (The Magic School Bus, #12)",9780590108263,"Joanna Cole,Bruce Degen",4.0,"March 1, 2010",Math,155,1,
"The Magic School Bus and the Climate Challenge (The Magic School Bus, #12)",9780590108263,"Joanna Cole,Bruce Degen",4.0,"March 1, 2010",Math,290,0,I would recommend this to fans of [genre].
Fault Lines: How Hidden Fractures Still Threaten the World Economy,9780691146836,Raghuram G. Rajan,4.0,"May 4, 2010",Economics,288,1,A thought-provoking and insightful book.
Fault Lines: How Hidden Fractures Still Threaten the World Economy,9780691146836,Raghuram G. Rajan,3.0,"May 4, 2010",Economics,351,0,I would recommend this to fans of [genre].
"The Lion's Share: A Tale of Halving Cake and Eating It, Too",9780802797681,Matthew McElligott,4.0,"January 1, 2009",Math,301,1,The plot twists kept me guessing until the end.
Too Much and Never Enough: How My Family Created the World's Most Dangerous Man,9781982141486,Mary L. Trump,4.0,"July 14, 2020",Personal-Development,380,1,I struggled to connect with the main character.
The 15 Invaluable Laws of Growth: Live Them and Reach Your Potential,9781599953663,John C. Maxwell,4.0,"October 2, 2012",Personal-Development,155,0,I would recommend this to fans of [genre].
"Magician: Apprentice (The Riftwar Saga, #1)",9780553564945,Raymond E. Feist,4.0,"October 1, 1982",Fantasy,325,0,The plot twists kept me guessing until the end.
"The Golden Wizard (Scrolls of Zndaria, #1)",9780988560819,J.S. Jaeger,4.0,"January 1, 2013",Children,75,0,The plot twists kept me guessing until the end.
An Introduction to Statistical Learning: with Applications in R (Springer Texts in Statistics),9781071614174,"Gareth James,Daniela Witten,Trevor Hastie,Robert Tibshirani",5.0,"June 24, 2013",Computer-Science,179,1,
An Introduction to Statistical Learning: with Applications in R (Springer Texts in Statistics),9781071614174,"Gareth James,Daniela Witten,Trevor Hastie,Robert Tibshirani",5.0,"June 24, 2013",Computer-Science,245,0,The world-building in this fantasy novel is incredible.
"To Kill a Kingdom (Hundred Kingdoms, #1)",9781250112682,Alexandra Christo,4.0,"March 6, 2018",Children,249,1,The ending left me wanting more.
The Serengeti Rules: The Quest to Discover How Life Works and Why It Matters,9780691167428,Sean B. Carroll,4.0,"February 16, 2016",Math,109,0,I struggled to connect with the main character.
The Serengeti Rules: The Quest to Discover How Life Works and Why It Matters,9780691167428,Sean B. Carroll,4.0,"February 16, 2016",Math,373,1,The pacing felt a bit off in the middle.
The Important Book,9780064432276,"Margaret Wise Brown,Leonard Weisgard",3.0,"January 1, 1949",Children,100,0,A captivating story with well-developed characters.
The Important Book,9780064432276,"Margaret Wise Brown,Leonard Weisgard",4.0,"January 1, 1949",Children,418,0,Disappointing after all the hype.
Software Requirements: Practical Techniques for Gathering and Managing Requirements Throughout the Product Development Cycle,9780735618794,Karl Wiegers,3.0,"January 1, 1999",Computer-Science,310,0,I couldn't put it down!
"A School for Sorcery (A School for Sorcery, #1)",9780765342195,E. Rose Sabin,,"January 1, 2002",Children,429,0,I would recommend this to fans of [genre].
"Physik (Septimus Heap, #3)",9780060577377,"Angie Sage,Mark Zug",4.0,"March 27, 2007",Children,124,0,This book really made me think about [a theme].
A Tour of C++ (C++ In Depth SERIES),9780321958310,Bjarne Stroustrup,4.0,"September 12, 2013",Computer-Science,108,1,Disappointing after all the hype.
How Wet Can You Get? (Dr. Seuss/Cat in the Hat),9780375865176,"Tish Rabe,Joe Mathieu,Aristides Ruiz",4.0,"January 11, 2011",Math,184,1,"Not what I expected, but in a good way!"
I Only Want to Get Married Once: Dating Secrets for Getting It Right the First Time,9789652294982,Chana Levitan,4.0,"March 10, 2010",Personal-Development,143,1,
The Five: The Untold Lives of the Women Killed by Jack the Ripper,9781328663818,Hallie Rubenhold,4.0,"February 28, 2019",Personal-Development,429,0,The plot twists kept me guessing until the end.
Smart Girls Marry Money: How Women Have Been Duped Into the Romantic Dream--And How They're Paying For It,9780762435173,"Elizabeth Ford,Daniela Drake",3.0,"April 11, 2009",Personal-Development,48,0,I found the writing style to be quite beautiful.
Smart Girls Marry Money: How Women Have Been Duped Into the Romantic Dream--And How They're Paying For It,9780762435173,"Elizabeth Ford,Daniela Drake",3.0,"April 11, 2009",Personal-Development,175,1,I found the writing style to be quite beautiful.
"Excession (Culture, #5)",9780553575378,Iain M. Banks,4.0,"January 1, 1996",Technology,201,0,The world-building in this fantasy novel is incredible.
The Neuroscientist Who Lost Her Mind: My Tale of Madness and Recovery,9781328787309,"Barbara K. Lipska,Elaine McArdle",,"April 3, 2018",Computer-Science,261,0,"Not what I expected, but in a good way!"
The True Confessions of Charlotte Doyle,9780380714759,Avi,,"September 1, 1990",Children,327,1,I struggled to connect with the main character.
The True Confessions of Charlotte Doyle,9780380714759,Avi,4.0,"September 1, 1990",Children,369,1,
The Federalist Papers,9780875860855,"Alexander Hamilton,James Madison,John Jay,Robert G. Scigliano,Charles R. Kessler,Clinton L. Rossiter,United States,Publius",2.0,"May 1, 1788",History,121,0,The pacing felt a bit off in the middle.
"Harry Potter and the Prisoner of Azkaban (Harry Potter, #3)",9780439655484,"J.K. Rowling,Mary GrandPré",5.0,"July 8, 1999",Fantasy,221,0,I found the writing style to be quite beautiful.
Fruitless Fall: The Collapse of the Honey Bee and the Coming Agricultural Crisis,9781596916395,Rowan Jacobsen,3.0,"September 16, 2008",Math,180,0,I would recommend this to fans of [genre].
Loser,9780060540746,Jerry Spinelli,4.0,"May 1, 2002",Children,98,1,The ending left me wanting more.
Loser,9780060540746,Jerry Spinelli,2.0,"May 1, 2002",Children,358,0,"Not what I expected, but in a good way!"
"Enough as She Is: How to Help Girls Move Beyond Impossible Standards of Success to Live Healthy, Happy, and Fulfilling Lives",9780062438409,Rachel Simmons,4.0,"February 27, 2018",Personal-Development,282,1,"Not what I expected, but in a good way!"
Learning Perl,9780596101053,"Randal L. Schwartz,Tom Phoenix,Brian D. Foy,Larry Wall",4.0,"November 1, 1993",Computer-Science,401,1,The plot twists kept me guessing until the end.
Great Boom Ahead: Your Guide to Personal & Business Profit in the New Era of Prosperity,9781562827588,Harry S. Dent Jr.,4.0,"January 1, 1993",Personal-Development,446,1,A quick and entertaining read.
My Morning Routine: How Successful People Start Every Day Inspired,9780735220270,"Benjamin Spall,Michael Xander",4.0,"May 1, 2018",Personal-Development,354,0,Disappointing after all the hype.
"Attacking Network Protocols: A Hacker's Guide to Capture, Analysis, and Exploitation",9781593278441,James Forshaw,4.0,"January 1, 2017",Computer-Science,310,0,The plot twists kept me guessing until the end.
Parkland: Birth of a Movement,9780062882943,Dave Cullen,4.0,"February 12, 2019",Technology,301,1,Disappointing after all the hype.
Parkland: Birth of a Movement,9780062882943,Dave Cullen,,"February 12, 2019",Technology,496,1,A captivating story with well-developed characters.
Metamagical Themas: Questing For The Essence Of Mind And Pattern,9780786723867,Douglas R. Hofstadter,4.0,"January 1, 1985",Math,391,0,A captivating story with well-developed characters.
"Izzy, Willy-Nilly",9781416903390,Cynthia Voigt,,"January 1, 1986",Cars,74,0,I struggled to connect with the main character.
"Izzy, Willy-Nilly",9781416903390,Cynthia Voigt,4.0,"January 1, 1986",Cars,226,1,A classic for a reason. Highly enjoyable.
"Izzy, Willy-Nilly",9781416903390,Cynthia Voigt,4.0,"January 1, 1986",Cars,491,0,
"The Turn-Around, Upside-Down Alphabet Book",9780689856853,Lisa Campbell Ernst,1.0,"June 22, 2004",Math,123,0,This book really made me think about [a theme].
"The Turn-Around, Upside-Down Alphabet Book",9780689856853,Lisa Campbell Ernst,4.0,"June 22, 2004",Math,247,1,I found the writing style to be quite beautiful.
"The Turn-Around, Upside-Down Alphabet Book",9780689856853,Lisa Campbell Ernst,4.0,"June 22, 2004",Math,321,0,A classic for a reason. Highly enjoyable.
Where the Crawdads Sing,9780735219090,Delia Owens,4.0,"August 14, 2018",Math,498,1,The plot twists kept me guessing until the end.
The Doctors Blackwell: How Two Pioneering Sisters Brought Medicine to Women and Women to Medicine,9780393635546,Janice P. Nimura,4.0,"January 19, 2021",Children,117,1,The ending left me wanting more.
The Doctors Blackwell: How Two Pioneering Sisters Brought Medicine to Women and Women to Medicine,9780393635546,Janice P. Nimura,4.0,"January 19, 2021",Children,473,0,The ending left me wanting more.
Red Team Field Manual,9781494295509,Ben Clark,4.0,"February 11, 2014",Computer-Science,139,0,A thought-provoking and insightful book.
Disney's The Lion King,9780717283538,Justine Korman Fontes,4.0,"January 1, 1994",Math,260,0,
I Am the Cheese,9780141300511,Robert Cormier,4.0,"January 1, 1977",Children,254,1,I found the writing style to be quite beautiful.
Too Happy To Be Sad Girl,9781393374312,Angel Aviles,,"November 11, 2020",Personal-Development,472,1,The ending left me wanting more.
The Complete Calvin and Hobbes,9780740748479,Bill Watterson,5.0,"September 6, 2005",Comics,5,0,
A First Course in Differential Equations with Modeling Applications,9781305965720,Dennis G. Zill,4.0,"February 7, 1989",Math,105,1,The ending left me wanting more.
Pro Truth: A Practical Plan for Putting Truth Back Into Politics,9781789043990,"Gleb Tsipursky,Tim Ward",4.0,"May 1, 2020",Personal-Development,88,1,The ending left me wanting more.
"Killing the Black Body: Race, Reproduction, and the Meaning of Liberty",9780679758693,Dorothy Roberts,3.0,"September 16, 1997",nonfiction,219,0,A quick and entertaining read.
"Cherry Ames, Island Nurse (Cherry Ames, #21)",9780826104236,Helen Wells,4.0,"January 1, 1960",Children,83,0,A thought-provoking and insightful book.
"The Clue in the Diary (Nancy Drew Mystery Stories, #7)",9781557091611,"Carolyn Keene,Russell H. Tandy,Margaret Maron",4.0,"January 1, 1932",Children,107,1,I struggled to connect with the main character.
"The Clue in the Diary (Nancy Drew Mystery Stories, #7)",9781557091611,"Carolyn Keene,Russell H. Tandy,Margaret Maron",4.0,"January 1, 1932",Children,477,0,A classic for a reason. Highly enjoyable.
"The Girl Who Kicked the Hornet’s Nest (Millennium, #3)",9780307269997,"Stieg Larsson,Reg Keeland",3.0,"May 1, 2007",Children,401,0,Disappointing after all the hype.
"The Girl Who Kicked the Hornet’s Nest (Millennium, #3)",9780307269997,"Stieg Larsson,Reg Keeland",4.0,"May 1, 2007",Children,492,1,
A First Course in Abstract Algebra,9780201763904,John B. Fraleigh,4.0,"December 1, 1967",Computer-Science,322,0,A thought-provoking and insightful book.
Dispatches,9780679735250,Michael Herr,4.0,"January 1, 1977",History,224,0,
Dispatches,9780679735250,Michael Herr,4.0,"January 1, 1977",History,363,0,I struggled to connect with the main character.
"Ada's Ideas: The Story of Ada Lovelace, the World's First Computer Programmer",9781419718724,Fiona  Robinson,,"August 2, 2016",Math,42,1,
"Ada's Ideas: The Story of Ada Lovelace, the World's First Computer Programmer",9781419718724,Fiona  Robinson,,"August 2, 2016",Math,340,0,Disappointing after all the hype.
"Hawkeye Collins & Amy Adams in The Case of the Clever Computer Crooks & 8 Other Mysteries (Can You Solve the Mystery?, #5)",9780915658114,M. Masters,4.0,"January 1, 1983",Computer-Science,193,0,
"Hawkeye Collins & Amy Adams in The Case of the Clever Computer Crooks & 8 Other Mysteries (Can You Solve the Mystery?, #5)",9780915658114,M. Masters,,"January 1, 1983",Computer-Science,243,1,A thought-provoking and insightful book.
What the Dog Saw and Other Adventures,9780316078573,Malcolm Gladwell,4.0,"January 1, 2009",Personal-Development,149,1,This book really made me think about [a theme].
Grave of the Fireflies,9781838719258,"Akiyuki Nosaka,James R. Abrams",4.0,"October 1, 1967",studio-ghibli,156,0,
The Solitude of Prime Numbers,9780670021482,"Paolo Giordano,Shaun Whiteside",4.0,"January 1, 2008",Math,223,0,Disappointing after all the hype.
Philosophy for Life: And Other Dangerous Situations,9781846043208,Jules Evans,4.0,"May 3, 2012",Personal-Development,205,1,This book really made me think about [a theme].
"Ghost in the Shell (Ghost in the Shell, #1)",9781593072285,Masamune Shirow,3.0,"January 1, 1989",Artificial-Intelligence,44,0,I struggled to connect with the main character.
The Lathe of Heaven,9780060512743,Ursula K. Le Guin,4.0,"May 1, 1971",Children,160,1,
"Fuzzy Nation (Fuzzy Sapiens, #7)",9780765328540,John Scalzi,4.0,"May 10, 2011",Children,385,1,I struggled to connect with the main character.
"Fuzzy Nation (Fuzzy Sapiens, #7)",9780765328540,John Scalzi,,"May 10, 2011",Children,486,0,A thought-provoking and insightful book.
The Lost Continent: Travels in Small-Town America,9780060920081,Bill Bryson,,"August 1, 1989",Children,119,0,The pacing felt a bit off in the middle.
The Family Under the Bridge,9780064402507,"Natalie Savage Carlson,Garth Williams",4.0,"January 1, 1958",Children,225,0,Disappointing after all the hype.
The Family Under the Bridge,9780064402507,"Natalie Savage Carlson,Garth Williams",4.0,"January 1, 1958",Children,414,1,I found the writing style to be quite beautiful.
Brown Girl Dreaming,9780399252518,Jacqueline Woodson,1.0,"August 28, 2014",Personal-Development,5,0,I would recommend this to fans of [genre].
Brown Girl Dreaming,9780399252518,Jacqueline Woodson,4.0,"August 28, 2014",Personal-Development,215,0,The pacing felt a bit off in the middle.
Stephen Biesty's Cross-Sections Man-of-War,9780241379776,"Stephen Biesty,Richard Platt",5.0,"June 1, 1990",Math,202,0,The plot twists kept me guessing until the end.
This Was Our Pact,9781626720534,Ryan  Andrews,4.0,"February 1, 2013",studio-ghibli,388,1,The ending left me wanting more.
The Hill We Climb: An Inaugural Poem for the Country,9780593465271,"Amanda Gorman,Oprah Winfrey",,"January 1, 2021",Personal-Development,354,0,A thought-provoking and insightful book.
Zero,9780972394635,Kathryn Otoshi,4.0,"September 15, 2010",Math,155,1,The world-building in this fantasy novel is incredible.
Zero,9780972394635,Kathryn Otoshi,4.0,"September 15, 2010",Math,295,1,I would recommend this to fans of [genre].
Zero,9780972394635,Kathryn Otoshi,4.0,"September 15, 2010",Math,339,0,The pacing felt a bit off in the middle.
Another Day in the Frontal Lobe: A Brain Surgeon Exposes Life on the Inside,9781400063208,Katrina Firlik,4.0,"January 1, 2006",Computer-Science,176,1,I struggled to connect with the main character.
Ruby Reinvented (mix),9781481437561,Ronni Arno,4.0,"November 3, 2015",Children,83,1,
"Group Theory in the Bedroom, and Other Mathematical Diversions",9780809052196,Brian Hayes,4.0,"April 1, 2008",Math,96,1,The ending left me wanting more.
The Wright Brothers,9781476728742,David McCullough,,"March 20, 2015",Personal-Development,84,1,A classic for a reason. Highly enjoyable.
You Are Here,9781442434394,Jennifer E. Smith,3.0,"May 19, 2009",Cars,459,1,A quick and entertaining read.
You Are Here,9781442434394,Jennifer E. Smith,3.0,"May 19, 2009",Cars,462,0,The world-building in this fantasy novel is incredible.
A Good Marriage,9781442383623,"Stephen        King,Jessica Hecht",1.0,"September 1, 2014",Math,299,0,This book really made me think about [a theme].
Children of the Forest,9780863154973,Elsa Beskow,4.0,"January 1, 1910",Children,84,0,A quick and entertaining read.
Flowers for Algernon,9780156030083,Daniel Keyes,4.0,"April 1, 1966",Fantasy,295,1,I found the writing style to be quite beautiful.
"Happiness Is Baking: Cakes, Pies, Tarts, Muffins, Brownies, Cookies: Favorite Desserts from the Queen of Cake",9780316420570,"Maida Heatter,Dorie Greenspan",3.0,"April 16, 2019",Math,233,0,
"Happiness Is Baking: Cakes, Pies, Tarts, Muffins, Brownies, Cookies: Favorite Desserts from the Queen of Cake",9780316420570,"Maida Heatter,Dorie Greenspan",,"April 16, 2019",Math,384,1,Disappointing after all the hype.
Ghettoside: A True Story of Murder in America,9780385529983,Jill Leovy,4.0,"January 27, 2015",Personal-Development,201,0,I struggled to connect with the main character.
Ghettoside: A True Story of Murder in America,9780385529983,Jill Leovy,4.0,"January 27, 2015",Personal-Development,263,1,I would recommend this to fans of [genre].
"Tough Times Never Last, But Tough People Do!",9780553273328,Robert H. Schuller,4.0,"January 1, 1984",Personal-Development,297,1,
The Curse of Cardoness: Maya's Magical Adventures continue,9781687019721,"Malcolm McCoard,Elizabeth McCoard,Anne McCoard,Maya McCoard",4.0,"September 28, 2019",Children,188,1,
The Cathedral & the Bazaar: Musings on Linux and Open Source by an Accidental Revolutionary,9780596153090,Eric S. Raymond,4.0,"October 1, 1999",Computer-Science,268,0,The world-building in this fantasy novel is incredible.
The Cathedral & the Bazaar: Musings on Linux and Open Source by an Accidental Revolutionary,9780596153090,Eric S. Raymond,4.0,"October 1, 1999",Computer-Science,460,1,I struggled to connect with the main character.
New Startup Mindset: Ten Mindset Shifts to Build the Company of Your Dreams,9781734610598,"Sandra Shpilberg,Cassandra Parker",,"April 15, 2020",Business,205,0,This book really made me think about [a theme].
Out of Africa,9780679600213,"Isak Dinesen,Karen Blixen",4.0,"January 1, 1937",Children,397,1,The pacing felt a bit off in the middle.
Success For Dummies,9780762407514,Zig Ziglar,1.0,"March 1, 2000",Personal-Development,64,0,I found the writing style to be quite beautiful.
Success For Dummies,9780762407514,Zig Ziglar,,"March 1, 2000",Personal-Development,490,0,I found the writing style to be quite beautiful.
Wolf Story,9780208021915,"William McCleery,Warren Chappell",4.0,"January 1, 1947",Children,30,1,Disappointing after all the hype.
"Compassionate Superintelligence AI 5.0: AI with Blockchain, BMI, Drone, IoT, and Biometric Technologies",9789382123453,Amit Ray,5.0,"July 4, 2018",Personal-Development,168,0,A quick and entertaining read.
"Compassionate Superintelligence AI 5.0: AI with Blockchain, BMI, Drone, IoT, and Biometric Technologies",9789382123453,Amit Ray,5.0,"July 4, 2018",Personal-Development,257,1,I couldn't put it down!
What's Math Got to Do with It?: How Teachers and Parents Can Transform Mathematics Learning and Inspire Success,9780143128298,Jo Boaler,4.0,"July 17, 2008",Math,13,0,I struggled to connect with the main character.
Think Again: The Power of Knowing What You Don't Know,9781984878106,Adam M. Grant,4.0,"February 2, 2021",Personal-Development,285,1,
The Magic Fish,9781648290619,Trung Le Nguyen,3.0,"October 13, 2020",Comics,114,0,Disappointing after all the hype.
Fire in the Valley: The Making of The Personal Computer,9780071358927,"Paul Freiberger,Michael Swaine",2.0,"January 1, 1984",Computer-Science,305,0,I struggled to connect with the main character.
Fire in the Valley: The Making of The Personal Computer,9780071358927,"Paul Freiberger,Michael Swaine",4.0,"January 1, 1984",Computer-Science,399,0,I struggled to connect with the main character.
Aspectj in Action: Practical Aspect-Oriented Programming (In Action Series),9781930110939,Ramnivas Laddad,4.0,"July 1, 2003",Computer-Science,127,1,This book really made me think about [a theme].
Aspectj in Action: Practical Aspect-Oriented Programming (In Action Series),9781930110939,Ramnivas Laddad,3.0,"July 1, 2003",Computer-Science,448,0,I found the writing style to be quite beautiful.
Aspectj in Action: Practical Aspect-Oriented Programming (In Action Series),9781930110939,Ramnivas Laddad,,"July 1, 2003",Computer-Science,469,1,The plot twists kept me guessing until the end.
"Some Girls Bite (Chicagoland Vampires, #1)",9780451226259,Chloe Neill,,"April 7, 2009",Fantasy,377,0,
"Some Girls Bite (Chicagoland Vampires, #1)",9780451226259,Chloe Neill,,"April 7, 2009",Fantasy,436,1,The plot twists kept me guessing until the end.
"Some Girls Bite (Chicagoland Vampires, #1)",9780451226259,Chloe Neill,4.0,"April 7, 2009",Fantasy,495,0,I would recommend this to fans of [genre].
Linchpin: Are You Indispensable?,9781591843160,Seth Godin,4.0,"January 26, 2010",Business,5,1,A thought-provoking and insightful book.
Information Architecture for the World Wide Web: Designing Large-Scale Web Sites,9780596527341,"Peter Morville,Louis Rosenfeld",4.0,"February 1, 1998",Computer-Science,406,1,A thought-provoking and insightful book.
The Things That Keep Us Here,9780440246046,Carla Buckley,4.0,"February 9, 2010",Personal-Development,376,1,I would recommend this to fans of [genre].
The Infinite Game,9780735213524,Simon Sinek,3.0,"January 1, 2017",Personal-Development,293,0,This book really made me think about [a theme].
The People's Republic of Chemicals,9781940207254,"William J. Kelly,Chip Jacobs",,"October 14, 2014",Personal-Development,464,0,The pacing felt a bit off in the middle.
The Meaning of Birds,9781681776262,Simon Barnes,2.0,"January 2, 2018",Biology,267,0,A classic for a reason. Highly enjoyable.
The Enchanted Apples of Oz,9780915419043,Eric Shanower,1.0,"January 1, 1986",Children,247,0,A quick and entertaining read.
Conquering Your Quarterlife Crisis: Advice from Twentysomethings Who Have Been There and Survived (Perigee Book),9780399530388,Alexandra Robbins,3.0,"October 5, 2004",Personal-Development,244,1,I couldn't put it down!
Conquering Your Quarterlife Crisis: Advice from Twentysomethings Who Have Been There and Survived (Perigee Book),9780399530388,Alexandra Robbins,,"October 5, 2004",Personal-Development,305,0,A quick and entertaining read.
The 10X Rule: The Only Difference Between Success and Failure,9780470627600,Grant Cardone,,"March 25, 2011",Personal-Development,93,1,"Not what I expected, but in a good way!"
"Mary Poppins Comes Back (Mary Poppins, #2)",9780152058166,"P.L. Travers,Mary Shepard",,"January 1, 1935",Children,232,1,
Trigger Warning: Short Fictions and Disturbances,9780062330260,Neil Gaiman,4.0,"February 3, 2015",Comics,99,0,I found the writing style to be quite beautiful.
Trigger Warning: Short Fictions and Disturbances,9780062330260,Neil Gaiman,4.0,"February 3, 2015",Comics,228,1,The plot twists kept me guessing until the end.
Trigger Warning: Short Fictions and Disturbances,9780062330260,Neil Gaiman,,"February 3, 2015",Comics,285,1,A classic for a reason. Highly enjoyable.
Trigger Warning: Short Fictions and Disturbances,9780062330260,Neil Gaiman,4.0,"February 3, 2015",Comics,465,1,I couldn't put it down!
Schaum's Outline of Essential Computer Mathematics,9780070379909,Seymour Lipschutz,4.0,"April 1, 1982",Math,105,1,The plot twists kept me guessing until the end.
Schaum's Outline of Essential Computer Mathematics,9780070379909,Seymour Lipschutz,,"April 1, 1982",Math,306,0,
Summer Blues,9780590400824,Emily Chase,4.0,"January 1, 1984",Children,14,0,
Summer Blues,9780590400824,Emily Chase,4.0,"January 1, 1984",Children,59,0,A thought-provoking and insightful book.
"The Stonekeeper's Curse (Amulet, #2)",9780439846837,Kazu Kibuishi,,"September 1, 2009",Comics,244,0,
"Attack of the 50 Foot Blockchain: Bitcoin, Blockchain, Ethereum & Smart Contracts",9781370775750,David    Gerard,4.0,"July 1, 2017",Math,477,0,A thought-provoking and insightful book.
"Skystorm (Ryan Decker, #4)",9781542022637,Steven Konkoly,4.0,"May 11, 2021",nonfiction,149,0,The pacing felt a bit off in the middle.
Wind Is a Dance,9781525308758,"Debra Kempf Shumaker,Josée Bisaillon",4.0,"October 1, 2024",Math,135,1,
The Bugatti Queen In Search of a Motor-racing Legend,9780743478595,Miranda Seymour,4.0,"February 2, 2004",Cars,400,1,The pacing felt a bit off in the middle.
The Art of Learning: A Journey in the Pursuit of Excellence,9780743277457,Josh Waitzkin,4.0,"January 1, 2007",Business,228,0,A classic for a reason. Highly enjoyable.
"Beyond Biocentrism: Rethinking Time, Space, Consciousness, and the Illusion of Death",9781942952213,"Robert Lanza,Bob Berman",4.0,"June 28, 2016",Personal-Development,292,1,A captivating story with well-developed characters.
"Journey to the Stars: Kalpana Chawla, Astronaut",9781506484693,"Laurie Wallmark,Maitreyi Ghosh,Raakhee Mirchandani",4.0,"February 13, 2024",Math,34,1,I found the writing style to be quite beautiful.
"Journey to the Stars: Kalpana Chawla, Astronaut",9781506484693,"Laurie Wallmark,Maitreyi Ghosh,Raakhee Mirchandani",4.0,"February 13, 2024",Math,92,1,The plot twists kept me guessing until the end.
Designing Social Inquiry: Scientific Inference in Qualitative Research,9780691034713,"Gary King,Robert O. Keohane,Sidney Verba",3.0,"January 1, 1994",Computer-Science,324,1,
Masters of the Broken Watches,9798616971159,Razi  Imam,4.0,"April 20, 2020",Biology,442,0,A quick and entertaining read.
Biohazard: The Chilling True Story of the Largest Covert Biological Weapons Program in the World--Told from Inside by the Man Who Ran It,9780385334969,"Ken Alibek,Stephen Handelman",4.0,"January 1, 1999",Computer-Science,424,0,A classic for a reason. Highly enjoyable.
"Once Burned (Night Prince, #1)",9780061783203,Jeaniene Frost,4.0,"June 26, 2012",Fantasy,119,0,A captivating story with well-developed characters.
Survival Math: Notes on an All-American Family,9781501131707,Mitchell S. Jackson,,"March 5, 2019",Math,197,1,The world-building in this fantasy novel is incredible.
The World in 2050: Four Forces Shaping Civilization's Northern Future,9781101443521,Laurence C. Smith,4.0,"September 1, 2010",Math,6,0,A thought-provoking and insightful book.
The World in 2050: Four Forces Shaping Civilization's Northern Future,9781101443521,Laurence C. Smith,4.0,"September 1, 2010",Math,161,1,I struggled to connect with the main character.
The World in 2050: Four Forces Shaping Civilization's Northern Future,9781101443521,Laurence C. Smith,,"September 1, 2010",Math,167,1,I couldn't put it down!
The Story of More: How We Got to Climate Change and Where to Go from Here,9780525563389,Hope Jahren,4.0,"March 3, 2020",Math,105,0,I struggled to connect with the main character.
"The Secret of Killimooin (Secret Series, #4)",9781841351421,Enid Blyton,4.0,"January 1, 1943",Children,36,0,
"The Secret of Killimooin (Secret Series, #4)",9781841351421,Enid Blyton,4.0,"January 1, 1943",Children,428,1,A classic for a reason. Highly enjoyable.
The Go-Getter: A Story That Tells You How To Be One,9789562914543,Peter B. Kyne,4.0,"November 30, 1920",Personal-Development,231,1,I would recommend this to fans of [genre].
"Dragon Bound (Elder Races, #1)",9780425241509,Thea Harrison,4.0,"May 1, 2011",Fantasy,441,1,A thought-provoking and insightful book.
"Spring Story (Brambly Hedge, #1)",9780689830587,Jill Barklem,3.0,"January 1, 1980",Children,68,0,"Not what I expected, but in a good way!"
"Divergent (Divergent, #1)",9780062024039,Veronica Roth,4.0,"April 25, 2011",self-help,70,0,The pacing felt a bit off in the middle.
The Chai Factor,9781443457644,Farah Heron,4.0,"June 11, 2019",Math,396,1,I couldn't put it down!
Tapping Into Wealth: How Emotional Freedom Techniques (EFT) Can Help You Clear The Path to Making More Money,9780399164095,"Margaret M. Lynch,Daylle Deanna Schwartz M.S.,Nick Ortner",4.0,"October 10, 2013",Personal-Development,20,1,A thought-provoking and insightful book.
Schaum's Outline of Operations Research,9780070080201,"Richard Bronson,Govindasami Naadimuthu",,"December 1, 1981",Math,365,0,A thought-provoking and insightful book.
"Guilty Pleasures (Anita Blake, Vampire Hunter, #1)",9780425197547,Laurell K. Hamilton,4.0,"October 1, 1993",Fantasy,260,0,A thought-provoking and insightful book.
"Guilty Pleasures (Anita Blake, Vampire Hunter, #1)",9780425197547,Laurell K. Hamilton,4.0,"October 1, 1993",Fantasy,347,1,A thought-provoking and insightful book.
"A Primate's Memoir : Love, Death and Baboons in East Africa",9780099285779,Robert M. Sapolsky,4.0,"January 1, 2001",Math,244,1,A quick and entertaining read.
"First, Break All the Rules: What the World's Greatest Managers Do Differently",9780684852867,"Marcus Buckingham,Curt Coffman",4.0,"May 5, 1998",Business,264,0,
Freakonomics: A Rogue Economist Explores the Hidden Side of Everything,9780061234002,"Steven D. Levitt,Stephen J. Dubner",,"April 12, 2005",Biology,5,0,Disappointing after all the hype.
Freakonomics: A Rogue Economist Explores the Hidden Side of Everything,9780061234002,"Steven D. Levitt,Stephen J. Dubner",4.0,"April 12, 2005",Biology,444,0,The ending left me wanting more.
The Johnstown Flood,9780844662923,David McCullough,4.0,"January 1, 1968",History,134,0,This book really made me think about [a theme].
"Fence, Vol. 3",9781684153343,"C.S. Pacat,Joana La Fuente,Johanna the Mad",,"August 20, 2019",Comics,62,1,The plot twists kept me guessing until the end.
How to Keep House While Drowning,9781668002858,K.C.  Davis,3.0,"April 26, 2022",Personal-Development,80,0,I would recommend this to fans of [genre].
How to Keep House While Drowning,9781668002858,K.C.  Davis,4.0,"April 26, 2022",Personal-Development,293,1,Disappointing after all the hype.
Christa Comes Out of Her Shell,9780593198780,Abbi Waxman,4.0,"April 16, 2024",Math,70,0,I would recommend this to fans of [genre].
"George's Secret Key to the Universe (George, #1)",9781416954620,"Lucy Hawking,Stephen Hawking",4.0,"January 1, 2007",Math,18,1,A quick and entertaining read.
Wooden: A Lifetime of Observations and Reflections On and Off the Court,9780809230419,"John Wooden,Steve Jamison",2.0,"February 28, 1997",Personal-Development,83,0,This book really made me think about [a theme].
Simon Says,9780152046781,Elaine Marie Alphin,4.0,"January 1, 2002",Children,62,1,I couldn't put it down!
Making Games with Python & Pygame,9781469901732,Al Sweigart,4.0,"January 12, 2012",Computer-Science,129,0,
Making Games with Python & Pygame,9781469901732,Al Sweigart,4.0,"January 12, 2012",Computer-Science,183,1,The ending left me wanting more.
Making Games with Python & Pygame,9781469901732,Al Sweigart,4.0,"January 12, 2012",Computer-Science,450,1,I would recommend this to fans of [genre].
"King's Blood Four (Land of the True Game, #1)",9780441445240,Sheri S. Tepper,,"April 1, 1983",Children,111,0,I struggled to connect with the main character.
Jesus Calling: Enjoying Peace in His Presence,9781591451884,Sarah  Young,,"September 1, 2003",Personal-Development,417,0,
The Law of Attraction: The Basics of the Teachings of Abraham,9781401917593,"Esther Hicks,Jerry Hicks",4.0,"October 1, 2006",Personal-Development,203,1,This book really made me think about [a theme].
"The Unwanteds (Unwanteds, #1)",9781442407688,Lisa McMann,4.0,"August 30, 2011",Children,447,1,A captivating story with well-developed characters.
Grand Theft Auto IV Signature Series Guide,9780744009330,"Tim Bogenn,Rick Barba",4.0,"April 29, 2007",Computer-Science,31,1,
Breaking Beautiful,9780802723529,Jennifer Shaw Wolf,4.0,"April 24, 2012",Cars,167,1,I would recommend this to fans of [genre].
Breaking Beautiful,9780802723529,Jennifer Shaw Wolf,4.0,"April 24, 2012",Cars,306,1,Disappointing after all the hype.
I'm Just Saying: A Guide to Maintaining Civil Discourse in an Increasingly Divided World,9780757324512,Milan Kordestani,,"March 28, 2023",Business,181,0,A captivating story with well-developed characters.
Kluge: The Haphazard Construction of the Human Mind,9780618879649,Gary F. Marcus,,"January 1, 2008",Computer-Science,405,1,I struggled to connect with the main character.
The Lion and the Mouse,9780316013567,Jerry Pinkney,4.0,"September 1, 2009",Children,33,1,I struggled to connect with the main character.
The Lion and the Mouse,9780316013567,Jerry Pinkney,4.0,"September 1, 2009",Children,333,0,This book really made me think about [a theme].
Trigonometric Delights,9780691095417,Eli Maor,2.0,"January 1, 1998",Math,392,0,The plot twists kept me guessing until the end.
Trigonometric Delights,9780691095417,Eli Maor,4.0,"January 1, 1998",Math,449,1,The plot twists kept me guessing until the end.
"A World Without Work: Technology, Automation, and How We Should Respond",9781250173522,Daniel Susskind,4.0,"January 14, 2020",Computer-Science,451,0,A classic for a reason. Highly enjoyable.
The Incredible Adventures of Professor Branestawm,9780140367768,Norman Hunter,4.0,"January 1, 1933",Children,347,0,This book really made me think about [a theme].
The Incredible Adventures of Professor Branestawm,9780140367768,Norman Hunter,4.0,"January 1, 1933",Children,360,1,
"Awaken the Giant Within: How to Take Immediate Control of Your Mental, Emotional, Physical and Financial Destiny!",9780671791544,"Tony Robbins,Anthony Robbins,Frederick L. Covan",4.0,"January 1, 1992",Business,463,1,I couldn't put it down!
Amy & Roger's Epic Detour,9781416990659,Morgan Matson,4.0,"May 4, 2010",Cars,232,0,The plot twists kept me guessing until the end.
Patterns of Software: Tales from the Software Community,9780195102697,Richard P. Gabriel,4.0,"January 1, 1996",Computer-Science,168,0,A quick and entertaining read.
"Kamisama Kiss, Vol. 16 (Kamisama Kiss, #16)",9781421567648,"Julietta Suzuki,Tomo Kimura",5.0,"August 20, 2013",nonfiction,75,0,The world-building in this fantasy novel is incredible.
The Man Who Knew Infinity: A Life of the Genius Ramanujan,9780349104522,Robert Kanigel,1.0,"January 1, 1991",Math,458,0,A thought-provoking and insightful book.
"Joan Procter, Dragon Doctor: The Woman Who Loved Reptiles",9780399557262,"Patricia Valdez,Felicita Sala",4.0,"March 13, 2018",Computer-Science,373,1,A quick and entertaining read.
"Penis Politics: A Memoir of Women, Men and Power",9781736211670,Karen  Hinton,4.0,"December 1, 2021",Children,486,1,"Not what I expected, but in a good way!"
"Junie B., First Grader (at Last!) (Junie B. Jones, #18)",9787940039949,"Barbara Park,Denise Brunkus",4.0,"January 1, 2001",Math,229,1,A classic for a reason. Highly enjoyable.
Batwoman: Elegy,9781401226923,"Greg Rucka,J.H. Williams III,J.G. Jones",2.0,"June 14, 2011",Comics,31,0,Disappointing after all the hype.
Batwoman: Elegy,9781401226923,"Greg Rucka,J.H. Williams III,J.G. Jones",4.0,"June 14, 2011",Comics,32,0,Disappointing after all the hype.
Human Compatible: AI and the Problem of Control,9780241335208,Stuart Russell,,"October 8, 2019",Computer-Science,55,0,I couldn't put it down!
Human Compatible: AI and the Problem of Control,9780241335208,Stuart Russell,4.0,"October 8, 2019",Computer-Science,427,1,The plot twists kept me guessing until the end.
The Exceptions: Nancy Hopkins and the Fight for Women in Science,9781982131845,Kate Zernike,4.0,"February 28, 2023",Computer-Science,423,0,I would recommend this to fans of [genre].
Peak Performance: Mental Training Techniques of the World's Greatest Athletes,9780446391153,"Charles A. Garfield,Hal Zina Bennett",4.0,"May 1, 1984",Personal-Development,289,1,I couldn't put it down!
The End of Procrastination: How to Stop Postponing and Live a Fulfilled Life,9781250308054,"Petr Ludwig,Adela Schicker",4.0,"May 15, 2013",Personal-Development,123,1,I would recommend this to fans of [genre].
Is a Blue Whale the Biggest Thing There Is? (Robert E. Wells Science Series),9780807536551,Robert E. Wells,4.0,"January 1, 1993",Math,239,0,
"Hateship, Friendship, Courtship, Loveship, Marriage: Stories",9780375727436,Alice Munro,4.0,"September 25, 2001",Children,486,1,The ending left me wanting more.
"Shift Your Brilliance: Harness the Power of You, Inc. (Brilliant Living)",9780768404579,Simon T. Bailey,4.0,"April 21, 2014",Personal-Development,431,0,"Not what I expected, but in a good way!"
Black Orchid,9780930289553,"Neil Gaiman,Dave McKean",4.0,"January 12, 1989",Comics,350,0,A quick and entertaining read.
Read for Your Life: 11 Ways to Better Yourself Through Books,9780757305450,Pat Williams,4.0,"June 1, 2007",Personal-Development,319,0,I struggled to connect with the main character.
Line of Fire (Alan Gregory),9780451418364,Stephen White,1.0,"August 7, 2012",Math,248,0,The ending left me wanting more.
Line of Fire (Alan Gregory),9780451418364,Stephen White,4.0,"August 7, 2012",Math,368,1,I struggled to connect with the main character.
"The Host (The Host, #1)",9780316068048,Stephenie Meyer,4.0,"May 6, 2008",Biology,138,1,The plot twists kept me guessing until the end.
"The Host (The Host, #1)",9780316068048,Stephenie Meyer,4.0,"May 6, 2008",Biology,207,1,I found the writing style to be quite beautiful.
The Computer That Ate My Brother,9780590440059,Dean Marney,3.0,"April 1, 1985",Computer-Science,82,0,I would recommend this to fans of [genre].
"The Yellow-Lighted Bookshop: A Memoir, a History",9781555974503,Lewis Buzbee,4.0,"January 1, 2002",Personal-Development,451,0,This book really made me think about [a theme].
Life on the Mississippi,9780451528179,"Mark Twain,Justin Kaplan",4.0,"January 1, 1883",nonfiction,184,1,The ending left me wanting more.
Life on the Mississippi,9780451528179,"Mark Twain,Justin Kaplan",4.0,"January 1, 1883",nonfiction,442,1,I couldn't put it down!
Hidden Women: The African-American Mathematicians of NASA Who Helped America Win the Space Race (Encounter: Narrative Nonfiction Stories),9781515799634,Rebecca Rissman,,"February 1, 2018",Math,95,0,A captivating story with well-developed characters.
Hidden Women: The African-American Mathematicians of NASA Who Helped America Win the Space Race (Encounter: Narrative Nonfiction Stories),9781515799634,Rebecca Rissman,4.0,"February 1, 2018",Math,136,0,I couldn't put it down!
Interpreter of Maladies,9780618101368,Jhumpa Lahiri,4.0,"June 1, 1999",Children,493,1,This book really made me think about [a theme].
1089 and All That: A Journey into Mathematics,9780198516231,David Acheson,4.0,"July 18, 2002",Math,382,1,I found the writing style to be quite beautiful.
Unstoppable: Harnessing Science to Change the World,9781250007148,Bill Nye,4.0,"November 10, 2015",Math,232,1,I struggled to connect with the main character.
Think Like a Programmer: An Introduction to Creative Problem Solving,9781593274245,V. Anton Spraul,4.0,"July 29, 2012",Computer-Science,214,0,"Not what I expected, but in a good way!"
Dinosaurs Before Dark  (Magic Tree House Graphic Novel #1),9780593174715,"Jenny Laird,Mary Pope Osborne,Kelly Matthews,Nichole Matthews",2.0,"May 4, 2021",Children,44,0,I found the writing style to be quite beautiful.
Dinosaurs Before Dark  (Magic Tree House Graphic Novel #1),9780593174715,"Jenny Laird,Mary Pope Osborne,Kelly Matthews,Nichole Matthews",4.0,"May 4, 2021",Children,77,0,The pacing felt a bit off in the middle.
Dinosaurs Before Dark  (Magic Tree House Graphic Novel #1),9780593174715,"Jenny Laird,Mary Pope Osborne,Kelly Matthews,Nichole Matthews",4.0,"May 4, 2021",Children,219,0,The world-building in this fantasy novel is incredible.
Dinosaurs Before Dark  (Magic Tree House Graphic Novel #1),9780593174715,"Jenny Laird,Mary Pope Osborne,Kelly Matthews,Nichole Matthews",4.0,"May 4, 2021",Children,227,1,The ending left me wanting more.
Dinosaurs Before Dark  (Magic Tree House Graphic Novel #1),9780593174715,"Jenny Laird,Mary Pope Osborne,Kelly Matthews,Nichole Matthews",4.0,"May 4, 2021",Children,427,1,The world-building in this fantasy novel is incredible.
Archer's Goon,9780060298890,Diana Wynne Jones,4.0,"April 9, 1984",Math,347,1,The plot twists kept me guessing until the end.
The Aesop for Children,9781566192927,"Aesop,Milo Winter,H.Y. Xiao",3.0,"January 1, 1919",Children,113,0,I couldn't put it down!
To Serve Them All My Days,9780340839904,R.F. Delderfield,4.0,"January 1, 1972",Children,487,1,The ending left me wanting more.
Euclid's Window: The Story of Geometry from Parallel Lines to Hyperspace,9780684865249,"Leonard Mlodinow,Sibel Eraltan",4.0,"January 1, 2001",Math,380,1,The ending left me wanting more.
Innumeracy: Mathematical Illiteracy and Its Consequences,9780809058402,John Allen Paulos,2.0,"January 1, 1988",Math,17,0,The plot twists kept me guessing until the end.
Innumeracy: Mathematical Illiteracy and Its Consequences,9780809058402,John Allen Paulos,1.0,"January 1, 1988",Math,443,0,The plot twists kept me guessing until the end.
"The Autobiography of Martin Luther King, Jr.",9780446676502,"Martin Luther King Jr.,Clayborne Carson",4.0,"August 1, 1986",Math,159,1,
"The Autobiography of Martin Luther King, Jr.",9780446676502,"Martin Luther King Jr.,Clayborne Carson",4.0,"August 1, 1986",Math,498,1,I couldn't put it down!
"The Sea of Monsters (Percy Jackson and the Olympians, #2)",9780786856862,Rick Riordan,,"April 1, 2006",Fantasy,260,0,Disappointing after all the hype.
Yearbook,9781984825407,Seth Rogen,3.0,"May 11, 2021",Personal-Development,9,0,
Yearbook,9781984825407,Seth Rogen,4.0,"May 11, 2021",Personal-Development,262,1,A classic for a reason. Highly enjoyable.
A Disappearing Number (Oberon Modern Plays),9781840028300,Simon McBurney,3.0,"September 1, 2008",Math,166,0,
Understanding Computation: From Simple Machines to Impossible Programs,9781449329273,Tom Stuart,4.0,"January 1, 2013",Computer-Science,11,0,I would recommend this to fans of [genre].
The Player of Games (Culture #2),9781857231465,Iain M. Banks,4.0,"August 1, 1988",Artificial-Intelligence,155,1,"Not what I expected, but in a good way!"
Notes on the Synthesis of Form,9780674627512,Christopher W. Alexander,3.0,"January 1, 1964",Computer-Science,224,0,The ending left me wanting more.
Mathematics for the Nonmathematician,9780486248233,Morris Kline,1.0,"May 1, 1967",Math,209,0,Disappointing after all the hype.
Indiscrete Thoughts,9780817638665,"Fabrizio Palombi Gian-Carlo Rota,Fabrizio Palombi",,"December 18, 1996",Math,1,0,
Star Wars: Death Troopers,9780345509628,Joe Schreiber,,"January 1, 2009",Biology,309,1,Disappointing after all the hype.
Star Wars: Death Troopers,9780345509628,Joe Schreiber,4.0,"January 1, 2009",Biology,421,1,The plot twists kept me guessing until the end.
One Thing At a Time: 100 Simple Ways to Live Clutter-Free Every Day,9780312324865,Cindy Glovinsky,3.0,"July 1, 2004",Personal-Development,308,0,I couldn't put it down!
Wonderstruck,9780545027892,Brian Selznick,4.0,"September 13, 2011",Comics,195,1,
"Father and I Were Ranchers (Little Britches, #1)",9780803281783,Ralph Moody,4.0,"January 1, 1950",Children,447,1,I struggled to connect with the main character.
Heiress Behind the Headlines,9780373130979,Caitlin Crews,3.0,"October 1, 2011",Math,57,1,I struggled to connect with the main character.
Analyzing Social Networks,9781446247402,"Stephen P. Borgatti,Martin G. Everett,Jeffrey C. Johnson",3.0,"May 13, 2013",Math,473,0,I found the writing style to be quite beautiful.
"The Lost Generation: The Brilliant but Tragic Lives of Rising British F1 Stars Roger Williamson, Tony Brise and Tom Pryce",9781844258390,David Tremayne,3.0,"February 1, 2007",Cars,175,0,Disappointing after all the hype.
Cue for Treason,9780140302318,"Geoffrey Trease,Zena Flax",4.0,"January 1, 1940",Math,423,1,The plot twists kept me guessing until the end.
The True History of Chocolate,9780500282298,"Sophie D. Coe,Michael D. Coe",4.0,"June 1, 1996",Technology,207,0,A classic for a reason. Highly enjoyable.
"A Dance with Dragons (A Song of Ice and Fire, #5)",9780002247399,George R.R. Martin,4.0,"July 12, 2011",Fantasy,430,1,I found the writing style to be quite beautiful.
Math-terpieces: The Art of Problem-Solving,9780439443883,"Greg Tang,Greg Paprocki",,"January 1, 2003",Math,459,0,A classic for a reason. Highly enjoyable.
Alligator Pie (Collector's Edition),9781552633380,"Dennis Lee,Frank Newfeld",4.0,"September 1, 1974",Math,34,1,This book really made me think about [a theme].
Alligator Pie (Collector's Edition),9781552633380,"Dennis Lee,Frank Newfeld",4.0,"September 1, 1974",Math,117,0,The world-building in this fantasy novel is incredible.
The Secret Lives of Numbers: A Hidden History of Math's Unsung Trailblazers,9780063206076,"Kate Kitagawa,Timothy Revell",4.0,"April 17, 2023",Math,128,1,A classic for a reason. Highly enjoyable.
"Ponies on Parade (Pony Pals, #38)",9780439559881,"Jeanne Betancourt,Richard Jones",4.0,"November 1, 2003",Children,75,1,I couldn't put it down!
"Ponies on Parade (Pony Pals, #38)",9780439559881,"Jeanne Betancourt,Richard Jones",4.0,"November 1, 2003",Children,263,0,I would recommend this to fans of [genre].
"Ponies on Parade (Pony Pals, #38)",9780439559881,"Jeanne Betancourt,Richard Jones",4.0,"November 1, 2003",Children,302,1,The pacing felt a bit off in the middle.
Neil Patrick Harris: Choose Your Own Autobiography,9780385346993,Neil Patrick Harris,4.0,"October 14, 2014",Personal-Development,271,0,"Not what I expected, but in a good way!"
When Breath Becomes Air,9780812988413,"Paul Kalanithi,Abraham   Verghese",4.0,"January 12, 2016",Biology,120,1,I struggled to connect with the main character.
"Operation Bunny (Wings & Co., #1)",9781627792059,"Sally Gardner,David Roberts",4.0,"October 1, 2012",Children,351,1,
Permanent Record,9781250237231,Edward Snowden,4.0,"September 17, 2019",Children,62,0,
Permanent Record,9781250237231,Edward Snowden,4.0,"September 17, 2019",Children,276,1,I found the writing style to be quite beautiful.
"The Gulag Archipelago: An Experiment in Literary Investigation, Volume 1",9780061253713,"Aleksandr Solzhenitsyn,Thomas P. Whitney,Anne Applebaum",4.0,"January 1, 1973",Economics,379,0,A captivating story with well-developed characters.
The Phoenix Crown,9780063304734,"Kate Quinn,Janie Chang",4.0,"February 13, 2024",Technology,358,0,I struggled to connect with the main character.
"Wish You Were Here (Mrs. Murphy, #1)",9780553287530,"Rita Mae Brown,Sneaky Pie Brown",3.0,"November 1, 1990",Math,457,0,I found the writing style to be quite beautiful.
"Working Backwards: Insights, Stories, and Secrets from Inside Amazon",9781250267603,"Colin Bryar,Bill Carr",3.0,"February 9, 2021",Computer-Science,256,0,A classic for a reason. Highly enjoyable.
"Working Backwards: Insights, Stories, and Secrets from Inside Amazon",9781250267603,"Colin Bryar,Bill Carr",4.0,"February 9, 2021",Computer-Science,414,0,I would recommend this to fans of [genre].
Operating Instructions: A Journal of My Son's First Year,9781400079094,Anne Lamott,4.0,"April 27, 1993",History,360,1,I struggled to connect with the main character.
Operating Instructions: A Journal of My Son's First Year,9781400079094,Anne Lamott,4.0,"April 27, 1993",History,412,0,The plot twists kept me guessing until the end.
Traffic: Why We Drive the Way We Do and What It Says About Us,9780307264787,Tom Vanderbilt,4.0,"July 29, 2008",History,140,1,I would recommend this to fans of [genre].
Traffic: Why We Drive the Way We Do and What It Says About Us,9780307264787,Tom Vanderbilt,2.0,"July 29, 2008",History,296,0,
Traffic: Why We Drive the Way We Do and What It Says About Us,9780307264787,Tom Vanderbilt,,"July 29, 2008",History,491,0,Disappointing after all the hype.
The Girl Who Played With Fire (Millennium #2),9780307269980,"Stieg Larsson,Reg Keeland",4.0,"January 1, 2006",Fantasy,187,1,The world-building in this fantasy novel is incredible.
Taxi,9781906300029,"Khaled Al Khamissi,خالد الخميسي",4.0,"December 1, 2006",Cars,267,1,The world-building in this fantasy novel is incredible.
"Somebody Loves You, Mr. Hatch (Stories to Go!)",9781416912354,"Eileen Spinelli,Paul Yalowitz",4.0,"January 1, 1991",Children,314,1,A thought-provoking and insightful book.
Everything I Know About Love,9780062968784,Dolly Alderton,4.0,"February 1, 2018",Personal-Development,249,1,The ending left me wanting more.
Everything I Know About Love,9780062968784,Dolly Alderton,4.0,"February 1, 2018",Personal-Development,258,1,I found the writing style to be quite beautiful.
"Mountains Beyond Mountains: The Quest of Dr. Paul Farmer, a Man Who Would Cure the World",9780812973013,Tracy Kidder,,"January 1, 2003",Personal-Development,209,0,A quick and entertaining read.
"Mountains Beyond Mountains: The Quest of Dr. Paul Farmer, a Man Who Would Cure the World",9780812973013,Tracy Kidder,3.0,"January 1, 2003",Personal-Development,338,0,Disappointing after all the hype.
"The Happy Hollisters (Happy Hollisters, #1)",9780448168708,"Jerry  West,Andrew E. Svenson",4.0,"January 1, 1953",Children,94,1,The plot twists kept me guessing until the end.
"The Happy Hollisters (Happy Hollisters, #1)",9780448168708,"Jerry  West,Andrew E. Svenson",,"January 1, 1953",Children,146,0,"Not what I expected, but in a good way!"
The Once and Future King,9780441627400,T.H. White,4.0,"January 1, 1958",Fantasy,31,1,I would recommend this to fans of [genre].
The Once and Future King,9780441627400,T.H. White,2.0,"January 1, 1958",Fantasy,170,0,The world-building in this fantasy novel is incredible.
Everything is Figureoutable,9780241341032,Marie Forleo,4.0,"September 10, 2019",Personal-Development,219,0,I struggled to connect with the main character.
Everything is Figureoutable,9780241341032,Marie Forleo,1.0,"September 10, 2019",Personal-Development,268,0,A thought-provoking and insightful book.
"Daring Greatly: How the Courage to Be Vulnerable Transforms the Way We Live, Love, Parent, and Lead",9781592407330,Brené Brown,4.0,"September 11, 2012",Business,142,1,This book really made me think about [a theme].
Under the Banner of Heaven: A Story of Violent Faith,9780330419123,Jon Krakauer,4.0,"July 1, 2003",History,220,1,A classic for a reason. Highly enjoyable.
Under the Banner of Heaven: A Story of Violent Faith,9780330419123,Jon Krakauer,4.0,"July 1, 2003",History,269,0,A thought-provoking and insightful book.
Debugging Teams: Better Productivity through Collaboration,9781491932056,"Brian W. Fitzpatrick,Ben Collins-Sussman",2.0,"October 25, 2015",Computer-Science,33,0,The world-building in this fantasy novel is incredible.
Business adventures,9780575003491,John Brooks,4.0,"August 14, 1969",Technology,386,1,I couldn't put it down!
Business adventures,9780575003491,John Brooks,4.0,"August 14, 1969",Technology,426,1,A quick and entertaining read.
God Speaks Again: An Introduction to the Baha'i Faith,9781931847124,Kenneth E. Bowers,4.0,"April 15, 2004",Personal-Development,199,0,The pacing felt a bit off in the middle.
God Speaks Again: An Introduction to the Baha'i Faith,9781931847124,Kenneth E. Bowers,4.0,"April 15, 2004",Personal-Development,487,0,A captivating story with well-developed characters.
"Start.: Punch Fear in the Face, Escape Average, and Do Work That Matters",9781937077594,Jon Acuff,,"April 18, 2013",Personal-Development,271,1,"Not what I expected, but in a good way!"
"Start.: Punch Fear in the Face, Escape Average, and Do Work That Matters",9781937077594,Jon Acuff,4.0,"April 18, 2013",Personal-Development,328,0,
Escape,9780767927567,"Carolyn Jessop,Laura Palmer",1.0,"October 16, 2007",Personal-Development,237,0,I couldn't put it down!
The Hard Thing About Hard Things: Building a Business When There Are No Easy Answers―Straight Talk on the Challenges of Entrepreneurship,9780062273208,Ben Horowitz,4.0,"October 1, 2014",Personal-Development,483,1,The world-building in this fantasy novel is incredible.
A Devil to Play: One Man's Year-Long Quest to Master the Orchestra's Most Difficult Instrument,9780061626616,Jasper Rees,4.0,"January 3, 2008",nonfiction,13,1,
A Devil to Play: One Man's Year-Long Quest to Master the Orchestra's Most Difficult Instrument,9780061626616,Jasper Rees,4.0,"January 3, 2008",nonfiction,364,1,I couldn't put it down!
Uprooted,9780804179034,Naomi Novik,4.0,"May 19, 2015",studio-ghibli,232,0,I struggled to connect with the main character.
"Hacker, Hoaxer, Whistleblower, Spy: The Many Faces of Anonymous",9781781685839,Gabriella Coleman,4.0,"October 7, 2014",Computer-Science,186,0,The plot twists kept me guessing until the end.
"One Dark Window (The Shepherd King, #1)",9780316312486,Rachel Gillig,1.0,"September 27, 2022",Children,56,0,I would recommend this to fans of [genre].
Calico Captive,9780618150762,Elizabeth George Speare,4.0,"January 1, 1957",Children,177,1,The ending left me wanting more.
Calico Captive,9780618150762,Elizabeth George Speare,2.0,"January 1, 1957",Children,318,0,A quick and entertaining read.
Letters from Santa: A Christmas Alphabet,9781623954789,Katrina Streza,1.0,"December 3, 2012",Cars,290,0,I struggled to connect with the main character.
Talent is Overrated: What Really Separates World-Class Performers from Everybody Else,9781591842248,Geoff Colvin,,"January 1, 2008",Personal-Development,365,1,A quick and entertaining read.
"A-Ma Alchemy of Love (AoL Mindfulness, #1)",9789995754198,Nataša Pantović,3.0,"March 1, 2016",Personal-Development,403,0,
The Cases That Haunt Us,9780671017064,"John E. Douglas,Mark Olshaker",4.0,"January 1, 2000",History,26,1,I found the writing style to be quite beautiful.
The Magic Numbers of Dr. Matrix,9780879752828,Martin Gardner,2.0,"January 1, 1967",Math,448,0,I struggled to connect with the main character.
Never Built New York,9781938922756,Greg Goldin,,"October 25, 2016",Math,200,0,This book really made me think about [a theme].
Honor Girl: A Graphic Memoir,9780763673826,Maggie Thrash,4.0,"September 8, 2015",Comics,405,1,
"Dr. Seuss's Green Eggs and Ham: For Soprano, Boy Soprano, and Orchestra",9780793551613,"Robert Kapilow,Dr. Seuss",4.0,"January 1, 1996",Personal-Development,169,0,"Not what I expected, but in a good way!"
"The Possibility of Life: Science, Imagination and Our Quest for Kinship in the Cosmos—Exploring the Fascinating History of Our Universe and the Possibility of Life Beyond Our Planet",9780369700018,Jaime Green,4.0,"April 18, 2023",Computer-Science,81,0,The pacing felt a bit off in the middle.
The Car,9780152058272,Gary Paulsen,4.0,"January 1, 1994",Cars,114,0,I couldn't put it down!
"The Weaver of Odds (Vivian Amberville, #1)",9789492064073,Louise Blackwick,4.0,"March 23, 2017",Children,409,0,The pacing felt a bit off in the middle.
Erno Rubik and His Magic Cube,9781682636640,"Kerry Aradhya,Kara Kramer",,"June 11, 2024",Math,416,1,I would recommend this to fans of [genre].
Erno Rubik and His Magic Cube,9781682636640,"Kerry Aradhya,Kara Kramer",4.0,"June 11, 2024",Math,485,1,I couldn't put it down!
Erno Rubik and His Magic Cube,9781682636640,"Kerry Aradhya,Kara Kramer",,"June 11, 2024",Math,495,1,A captivating story with well-developed characters.
Batman: The Black Mirror,9781401232061,"Scott Snyder,Jock,Francesco Francavilla,Jared K. Fletcher,Sal Cipriano,David   Baron",,"November 23, 2011",Comics,173,0,Disappointing after all the hype.
Mastering Your Inner Critic and 7 Other High Hurdles to Advancement: How the Best Women Leaders Practice Self-Awareness to Change What Really Matters,9781260440607,Susan MacKenty Brady,4.0,"November 29, 2018",Personal-Development,455,0,A captivating story with well-developed characters.
"Click'd (Click'd, #1)",9781484784976,Tamara Ireland Stone,4.0,"September 5, 2017",Computer-Science,42,1,A thought-provoking and insightful book.
"Fashion, Faith, and Fantasy in the New Physics of the Universe",9780691119793,Roger Penrose,3.0,"February 22, 2016",Math,49,0,I struggled to connect with the main character.
Zeitoun,9781934781630,Dave Eggers,4.0,"July 15, 2009",Biology,49,1,I would recommend this to fans of [genre].
Zeitoun,9781934781630,Dave Eggers,4.0,"July 15, 2009",Biology,435,1,I found the writing style to be quite beautiful.
Divide and Ride (Mathstart. Level 3),9780060267766,"Stuart J. Murphy,George Ulrich",4.0,"January 1, 1997",Math,183,1,The pacing felt a bit off in the middle.
"The Turnaway Study: Ten Years, a Thousand Women, and the Consequences of Having―or Being Denied―an Abortion",9781982141561,Diana Greene Foster,5.0,"June 2, 2020",Computer-Science,426,1,I struggled to connect with the main character.
It's Called a Breakup Because It's Broken: The Smart Girl's Break-Up Buddy,9780767921961,"Greg Behrendt,Amiira Ruotola-Behrendt",4.0,"January 1, 2005",Personal-Development,25,1,The ending left me wanting more.
"Student Council Smackdown! (Classroom, #2)",9781423150640,"Robin Mellom,Stephen Gilpin",3.0,"June 25, 2013",Children,258,0,The world-building in this fantasy novel is incredible.
My Graphic Bipolar Fantasies: & Other Short Stories,9798985045116,R.B. Le`Deach,4.0,"November 30, 2021",Personal-Development,49,1,A captivating story with well-developed characters.
"Applied Cryptography: Protocols, Algorithms, and Source Code in C",9780471128458,Bruce Schneier,4.0,"November 10, 1993",Computer-Science,109,1,A quick and entertaining read.
The Adventures of Penrose the Mathematical Cat,9781884550140,Theoni Pappas,4.0,"January 1, 1997",Math,52,1,Disappointing after all the hype.
How to Read a Book: The Classic Guide to Intelligent Reading,9780671212094,"Mortimer J. Adler,Charles van Doren",4.0,"January 1, 1940",Personal-Development,307,0,Disappointing after all the hype.
How to Read a Book: The Classic Guide to Intelligent Reading,9780671212094,"Mortimer J. Adler,Charles van Doren",2.0,"January 1, 1940",Personal-Development,360,0,A classic for a reason. Highly enjoyable.
How to Read a Book: The Classic Guide to Intelligent Reading,9780671212094,"Mortimer J. Adler,Charles van Doren",3.0,"January 1, 1940",Personal-Development,422,0,A captivating story with well-developed characters.
"The End of Faith: Religion, Terror, and the Future of Reason",9780393327656,Sam Harris,4.0,"August 11, 2004",Children,44,0,I would recommend this to fans of [genre].
"The End of Faith: Religion, Terror, and the Future of Reason",9780393327656,Sam Harris,4.0,"August 11, 2004",Children,484,1,The world-building in this fantasy novel is incredible.
Protecting Her,9781517904975,Ella Goode,4.0,"September 6, 2020",Math,213,1,This book really made me think about [a theme].
"Bleach, Vol. 1",9781591164418,Tite Kubo,4.0,"January 5, 2002",Children,68,1,A thought-provoking and insightful book.
Grandpa Green,9781596436077,Lane Smith,2.0,"August 30, 2011",Children,391,0,This book really made me think about [a theme].
The Book of Disquiet,9780141183046,"Fernando Pessoa,Bernardo Soares,Richard Zenith",4.0,"January 1, 1982",Economics,52,1,The pacing felt a bit off in the middle.
The Road Back to You: An Enneagram Journey to Self-Discovery,9780830846191,"Ian Morgan Cron,Suzanne Stabile",4.0,"October 4, 2016",Personal-Development,425,0,The ending left me wanting more.
The Road Back to You: An Enneagram Journey to Self-Discovery,9780830846191,"Ian Morgan Cron,Suzanne Stabile",,"October 4, 2016",Personal-Development,453,0,The world-building in this fantasy novel is incredible.
A Guide to SQL (MindTap Course List),9780357361689,"Mark Shellman,Philip J. Pratt,Mary Z. Last",,"January 1, 1990",Computer-Science,262,0,I struggled to connect with the main character.
Leadership Lessons From Mom,9781636981291,Mark Villareal,4.0,"February 2, 2017",Children,247,0,I found the writing style to be quite beautiful.
The Codebreakers: The Comprehensive History of Secret Communication from Ancient Times to the Internet,9780684831305,David Kahn,4.0,"January 1, 1967",Math,155,1,I would recommend this to fans of [genre].
The Codebreakers: The Comprehensive History of Secret Communication from Ancient Times to the Internet,9780684831305,David Kahn,4.0,"January 1, 1967",Math,496,1,A captivating story with well-developed characters.
The Body Code: Unlocking Your Body's Ability to Heal Itself,9781250773821,Bradley  Nelson,,"February 21, 2023",Business,355,1,
The Body Code: Unlocking Your Body's Ability to Heal Itself,9781250773821,Bradley  Nelson,4.0,"February 21, 2023",Business,471,1,
Tomorrow-Land: The 1964-65 World's Fair and the Transformation of America,9780762788613,Joseph Tirella,4.0,"January 1, 2013",Cars,225,0,The pacing felt a bit off in the middle.
Cardboard,9780545418737,Doug TenNapel,1.0,"August 1, 2012",Comics,263,0,A quick and entertaining read.
Extremely Loud & Incredibly Close,9780618711659,Jonathan Safran Foer,4.0,"January 1, 2005",Personal-Development,30,0,I couldn't put it down!
Extremely Loud & Incredibly Close,9780618711659,Jonathan Safran Foer,4.0,"January 1, 2005",Personal-Development,115,0,A quick and entertaining read.
Extremely Loud & Incredibly Close,9780618711659,Jonathan Safran Foer,4.0,"January 1, 2005",Personal-Development,331,1,"Not what I expected, but in a good way!"
Extremely Loud & Incredibly Close,9780618711659,Jonathan Safran Foer,4.0,"January 1, 2005",Personal-Development,439,1,A quick and entertaining read.
The Principle of Relativity (Books on Physics),9780486600819,"Albert Einstein,Francis A. Davis",4.0,"June 1, 1952",Math,327,0,"Not what I expected, but in a good way!"
"Change Your Brain, Change Your Life: The Breakthrough Program for Conquering Anxiety, Depression, Obsessiveness, Anger, and Impulsiveness",9780812929980,Daniel G. Amen,4.0,"December 22, 1998",Business,268,1,A classic for a reason. Highly enjoyable.
Ten Arguments for Deleting Your Social Media Accounts Right Now,9781847925398,Jaron Lanier,4.0,"May 29, 2018",Computer-Science,478,0,I struggled to connect with the main character.
The Boy: Stirling Moss: A Life in 60 Laps,9781471198465,Richard Williams,4.0,"April 1, 2021",Cars,1,1,The pacing felt a bit off in the middle.
The Boy: Stirling Moss: A Life in 60 Laps,9781471198465,Richard Williams,4.0,"April 1, 2021",Cars,109,0,I found the writing style to be quite beautiful.
"Prisoner's Dilemma: John von Neumann, Game Theory, and the Puzzle of the Bomb",9780385415804,William Poundstone,4.0,"January 1, 1992",Math,194,0,This book really made me think about [a theme].
"Acheron (Dark-Hunter, #14)",9780312362157,Sherrilyn Kenyon,,"August 5, 2008",Fantasy,126,1,I found the writing style to be quite beautiful.
Programming in Scala: A Comprehensive Step-by-step Guide,9780981531601,"Martin Odersky,Lex Spoon,Bill Venners",3.0,"January 1, 2008",Computer-Science,85,0,This book really made me think about [a theme].
Programming in Scala: A Comprehensive Step-by-step Guide,9780981531601,"Martin Odersky,Lex Spoon,Bill Venners",4.0,"January 1, 2008",Computer-Science,86,0,A thought-provoking and insightful book.
A Butterfly Is Patient (Sylvia Long),9780811864794,"Dianna Hutts Aston,Sylvia Long",2.0,"May 18, 2011",Math,209,0,
Owen & Mzee: Language Of Friendship,9780439899598,"Isabella Hatkoff,Paula Kahumbu,Craig Hatkoff",4.0,"January 1, 2007",Children,169,0,A captivating story with well-developed characters.
The Magic School Bus Makes a Rainbow: A Book About Color,9780590922517,"Carolyn Bracken,Jocelyn Stevenson,Carolyn Bracken,Carolyn Braken",4.0,"November 1, 1997",Math,51,1,I couldn't put it down!
"Candy Cane Murder (Hannah Swensen, #9.5)",9780758221988,"Joanne Fluke,Laura Levine,Leslie Meier",4.0,"October 1, 2007",Children,14,1,I couldn't put it down!
The Unseen World,9780393354416,Liz    Moore,4.0,"July 26, 2016",Math,91,1,The plot twists kept me guessing until the end.
The Unseen World,9780393354416,Liz    Moore,4.0,"July 26, 2016",Math,107,1,A captivating story with well-developed characters.
"Main Lines, Blood Feasts, and Bad Taste: A Lester Bangs Reader",9780375713675,"Lester Bangs,John Morthland,Rebecca Aidlin",4.0,"August 12, 2003",Math,478,1,This book really made me think about [a theme].
The ABC of Materialist Dialectics,2940025649922,Leon Trotsky,4.0,"December 1, 1939",Math,231,1,The ending left me wanting more.
"Bitten (Otherworld, #1)",9780452286030,Kelley Armstrong,4.0,"September 21, 2001",Fantasy,460,1,A quick and entertaining read.
Some Answered Questions,9780877431909,Abdu&apos;l-Bahá,5.0,"January 1, 1908",Personal-Development,300,0,The world-building in this fantasy novel is incredible.
Some Answered Questions,9780877431909,Abdu&apos;l-Bahá,5.0,"January 1, 1908",Personal-Development,490,1,I couldn't put it down!
Flash Boys: A Wall Street Revolt,9780393351590,Michael   Lewis,1.0,"March 31, 2014",Personal-Development,498,0,A classic for a reason. Highly enjoyable.
Bloom,9781626726413,"Kevin Panetta,Savanna Ganucheau",4.0,"January 29, 2019",Comics,395,0,I struggled to connect with the main character.
Milkweed,9780440420057,Jerry Spinelli,4.0,"September 9, 2003",History,17,1,A classic for a reason. Highly enjoyable.
Milkweed,9780440420057,Jerry Spinelli,4.0,"September 9, 2003",History,125,0,The pacing felt a bit off in the middle.
Christmas Bedtime Stories (Great Illustrated Classics),9780866119276,"Claudia Vurnakes,Jesse Zerner,Joshua Hanft",4.0,"January 1, 1990",Children,19,0,This book really made me think about [a theme].
Christmas Bedtime Stories (Great Illustrated Classics),9780866119276,"Claudia Vurnakes,Jesse Zerner,Joshua Hanft",4.0,"January 1, 1990",Children,434,0,A thought-provoking and insightful book.
"My Summer of Wes (Wes & Mal, #1)",9781607378334,Missy Welsh,1.0,"August 10, 2010",Cars,489,0,A captivating story with well-developed characters.
HTML and CSS: Design and Build Websites,9781118008188,Jon Duckett,,"October 25, 2011",Computer-Science,58,1,
"Saga, Volume 2",9781607066927,"Brian K. Vaughan,Fiona Staples",4.0,"June 19, 2013",Comics,170,1,A captivating story with well-developed characters.
Peter the Great: His Life and World,9781842121160,Robert K. Massie,4.0,"January 1, 1980",History,51,0,This book really made me think about [a theme].
Peter the Great: His Life and World,9781842121160,Robert K. Massie,4.0,"January 1, 1980",History,215,1,I struggled to connect with the main character.
Gone Girl,9780307588371,Gillian Flynn,4.0,"May 24, 2012",Fantasy,374,0,
Finish the Fight!,9780358408307,"Veronica Chambers,The New York Times",4.0,"August 18, 2020",Math,320,1,The world-building in this fantasy novel is incredible.
Finish the Fight!,9780358408307,"Veronica Chambers,The New York Times",,"August 18, 2020",Math,371,0,I found the writing style to be quite beautiful.
Fire Prayers: Building Arsenals That Destroy Satanic Kingdoms,9781636411569,John Ramirez,,"March 7, 2023",Personal-Development,207,1,The pacing felt a bit off in the middle.
Deep Work: Rules for Focused Success in a Distracted World,9781455586691,Cal Newport,4.0,"January 5, 2016",Personal-Development,313,0,The pacing felt a bit off in the middle.
Weird Math: A Teenage Genius and His Teacher Reveal the Strange Connections Between Math and Everyday Life,9781541644786,"David Darling,Agnijo Banerjee",4.0,"April 17, 2018",Math,247,0,
Weird Math: A Teenage Genius and His Teacher Reveal the Strange Connections Between Math and Everyday Life,9781541644786,"David Darling,Agnijo Banerjee",4.0,"April 17, 2018",Math,432,1,A classic for a reason. Highly enjoyable.
"Claimings, Tails, and Other Alien Artifacts (Claimings, #1)",9781623001926,Lyn Gala,4.0,"January 29, 2013",Biology,25,1,A classic for a reason. Highly enjoyable.
"Sweet as Pie: A Small Town Romance (Good Southern Women, 1)",9781335424846,Alicia Hunter Pace,4.0,"August 24, 2021",Math,220,1,This book really made me think about [a theme].
Den of Thieves,9780671792275,James B. Stewart,2.0,"October 15, 1991",Technology,72,0,I would recommend this to fans of [genre].
Public Parts: How Sharing in the Digital Age Improves the Way We Work and Live,9781451636000,Jeff Jarvis,4.0,"January 1, 2011",Computer-Science,350,0,The world-building in this fantasy novel is incredible.
The Design of the UNIX Operating System,9780132017992,Maurice J. Bach,2.0,"January 1, 1986",Computer-Science,224,0,Disappointing after all the hype.
The Lion's Woman (Interstellar Visitors),9781586086695,"Kaitlyn O&apos;Connor,Angelique Anjou",4.0,"January 1, 2003",Biology,161,0,The plot twists kept me guessing until the end.
The Lion's Woman (Interstellar Visitors),9781586086695,"Kaitlyn O&apos;Connor,Angelique Anjou",4.0,"January 1, 2003",Biology,223,1,I couldn't put it down!
"Delusions of Gender: How Our Minds, Society, and Neurosexism Create Difference",9780393068382,Cordelia Fine,,"January 1, 2010",Personal-Development,206,0,A quick and entertaining read.
Schaum's Outline of College Physics (Schaum's Outline Series),9780071448147,"Frederick J. Bueche,Eugene Hecht",4.0,"November 15, 2005",Math,19,0,I found the writing style to be quite beautiful.
Schaum's Outline of College Physics (Schaum's Outline Series),9780071448147,"Frederick J. Bueche,Eugene Hecht",4.0,"November 15, 2005",Math,145,0,I would recommend this to fans of [genre].
Schaum's Outline of College Physics (Schaum's Outline Series),9780071448147,"Frederick J. Bueche,Eugene Hecht",4.0,"November 15, 2005",Math,185,0,Disappointing after all the hype.
"The Art of Computer Programming, Volumes 1-3 Boxed Set",9780201485417,Donald Ervin Knuth,4.0,"October 15, 1998",Math,342,1,
Right of Way,9781442451278,Lauren Barnholdt,,"July 9, 2013",Cars,446,1,I would recommend this to fans of [genre].
Real Analysis: A Long-Form Mathematics Textbook,9781077254541,Jay Cummings,5.0,"July 15, 2019",Math,237,1,The pacing felt a bit off in the middle.
Windhaven,9780553577907,"George R.R. Martin,Lisa Tuttle",,"January 1, 1975",Biology,29,0,A captivating story with well-developed characters.
Windhaven,9780553577907,"George R.R. Martin,Lisa Tuttle",4.0,"January 1, 1975",Biology,262,0,I couldn't put it down!
Pop-Up London,9780763657871,Jennie Maizels,5.0,"October 1, 2011",Math,169,0,
Pop-Up London,9780763657871,Jennie Maizels,5.0,"October 1, 2011",Math,192,0,The pacing felt a bit off in the middle.
Pop-Up London,9780763657871,Jennie Maizels,,"October 1, 2011",Math,304,0,I struggled to connect with the main character.
"A Beautifully Foolish Endeavor (The Carls, #2)",9781524743475,Hank Green,3.0,"July 7, 2020",Children,322,0,The plot twists kept me guessing until the end.
"The Sandman, Vol. 5: A Game of You",9781563890932,"Neil Gaiman,Shawn McManus,Colleen Doran,Bryan Talbot,George Pratt,Stan Woch,Dick Giordano,Todd Klein",4.0,"March 26, 1992",Comics,420,1,I struggled to connect with the main character.
I'm Not Who You Think I Am,9780141312378,Peg Kehret,4.0,"April 1, 1999",Children,341,0,A thought-provoking and insightful book.
I'm Not Who You Think I Am,9780141312378,Peg Kehret,1.0,"April 1, 1999",Children,348,0,I couldn't put it down!
I'm Not Who You Think I Am,9780141312378,Peg Kehret,4.0,"April 1, 1999",Children,452,1,I found the writing style to be quite beautiful.
"Virtual Freedom: How to Work with Virtual Staff to Buy More Time, Become More Productive, and Build Your Dream Business",9781939529749,Chris C. Ducker,,"January 1, 2014",Personal-Development,295,1,A classic for a reason. Highly enjoyable.
The Last Camellia,9781101613856,Sarah Jio,,"January 1, 2013",Computer-Science,190,1,"Not what I expected, but in a good way!"
Shrill: Notes from a Loud Woman,9780316348409,Lindy West,,"May 17, 2016",Personal-Development,392,1,The plot twists kept me guessing until the end.
Discipline Equals Freedom: Field Manual,9781250156952,Jocko Willink,3.0,"January 1, 2017",Personal-Development,235,0,A quick and entertaining read.
Curious George Makes Pancakes,9780395919088,"Margret Rey,H.A. Rey",4.0,"January 1, 1998",Children,203,0,
His Dark Materials (His Dark Materials #1-3),9780440238607,Philip Pullman,2.0,"November 1, 2000",Fantasy,416,0,I couldn't put it down!
Galactic North,9780441015139,Alastair Reynolds,,"July 1, 2006",Biology,464,1,I found the writing style to be quite beautiful.
"Enchantress from the Stars (Elana, #1)",9780802787644,"Sylvia Engdahl,Lois Lowry,Leo Dillon,Diane Dillon",,"February 1, 1970",Children,396,0,A quick and entertaining read.
"American Eden: David Hosack, Botany, and Medicine in the Garden of the Early Republic",9781631494192,Victoria  Johnson,4.0,"June 5, 2018",Computer-Science,291,0,"Not what I expected, but in a good way!"
Fragile Things: Short Fictions and Wonders,9780060515225,Neil Gaiman,3.0,"September 25, 2006",Comics,166,0,The world-building in this fantasy novel is incredible.
The Teachings of Don Juan: A Yaqui Way of Knowledge,9780671227425,Carlos Castaneda,,"January 1, 1968",Personal-Development,459,0,I found the writing style to be quite beautiful.
Love Warrior,9781250128546,"Glennon Doyle Melton,Glennon Doyle",4.0,"September 6, 2016",Children,83,0,I struggled to connect with the main character.
Love Warrior,9781250128546,"Glennon Doyle Melton,Glennon Doyle",,"September 6, 2016",Children,199,0,I would recommend this to fans of [genre].
"The Amulet of Samarkand (Bartimaeus, #1)",9780786818594,Jonathan Stroud,4.0,"September 30, 2003",Fantasy,492,1,I struggled to connect with the main character.
"First, We Make the Beast Beautiful: A New Story About Anxiety",9781743535868,Sarah Wilson,4.0,"February 28, 2017",Personal-Development,263,1,A thought-provoking and insightful book.
"First, We Make the Beast Beautiful: A New Story About Anxiety",9781743535868,Sarah Wilson,4.0,"February 28, 2017",Personal-Development,384,1,This book really made me think about [a theme].
Unthinkable: An Extraordinary Journey Through the World's Strangest Brains,9780062391162,Helen  Thomson,4.0,"June 26, 2018",Computer-Science,16,0,The pacing felt a bit off in the middle.
Corvus: A Life with Birds,9781847080295,Esther Woolfson,,"January 1, 2008",Biology,15,0,I found the writing style to be quite beautiful.
Corvus: A Life with Birds,9781847080295,Esther Woolfson,4.0,"January 1, 2008",Biology,76,1,The world-building in this fantasy novel is incredible.
Corvus: A Life with Birds,9781847080295,Esther Woolfson,4.0,"January 1, 2008",Biology,388,0,
Somebody Owes Me Money,9780843959628,Donald E. Westlake,4.0,"January 1, 1969",Cars,413,1,The pacing felt a bit off in the middle.
Somebody Owes Me Money,9780843959628,Donald E. Westlake,4.0,"January 1, 1969",Cars,415,0,A classic for a reason. Highly enjoyable.
Blacque/Bleu (Arcada #3),9781607378662,Belinda McBride,4.0,"October 1, 2010",Cars,279,0,A quick and entertaining read.
Come As You Are,9780385471992,Dahlia Adler,4.0,"May 27, 2025",Children,470,0,A thought-provoking and insightful book.
The Best of 2600: A Hacker Odyssey,9780470294192,Emmanuel Goldstein,4.0,"January 1, 2008",Computer-Science,304,0,This book really made me think about [a theme].
The Hidden Alphabet,9780761319412,Laura Vaccaro Seeger,4.0,"September 3, 2003",Math,249,1,The pacing felt a bit off in the middle.
The Hidden Alphabet,9780761319412,Laura Vaccaro Seeger,2.0,"September 3, 2003",Math,416,0,The world-building in this fantasy novel is incredible.
"Tesla's Attic (The Accelerati Trilogy, #1)",9781423148036,"Neal Shusterman,Eric Elfman",4.0,"February 11, 2014",Math,119,1,Disappointing after all the hype.
"Tesla's Attic (The Accelerati Trilogy, #1)",9781423148036,"Neal Shusterman,Eric Elfman",,"February 11, 2014",Math,494,1,This book really made me think about [a theme].
"The Ghosts of Tupelo Landing (Mo & Dale Mysteries, #2)",9780803736719,Sheila Turnage,,"January 1, 2014",Children,180,1,I found the writing style to be quite beautiful.
"The Ghosts of Tupelo Landing (Mo & Dale Mysteries, #2)",9780803736719,Sheila Turnage,3.0,"January 1, 2014",Children,311,0,I struggled to connect with the main character.
"Foundation (Foundation, #1)",9780553803716,Isaac Asimov,4.0,"August 30, 1951",Fantasy,262,0,I struggled to connect with the main character.
"Foundation (Foundation, #1)",9780553803716,Isaac Asimov,,"August 30, 1951",Fantasy,485,1,The world-building in this fantasy novel is incredible.
The Right It: Why So Many Ideas Fail and How to Make Sure Yours Succeed,9780062884657,Alberto Savoia,2.0,"February 26, 2019",Artificial-Intelligence,172,0,The world-building in this fantasy novel is incredible.
The Right It: Why So Many Ideas Fail and How to Make Sure Yours Succeed,9780062884657,Alberto Savoia,,"February 26, 2019",Artificial-Intelligence,478,1,A thought-provoking and insightful book.
The Onion Field,9780385341592,Joseph Wambaugh,4.0,"January 1, 1973",History,212,1,Disappointing after all the hype.
The Onion Field,9780385341592,Joseph Wambaugh,4.0,"January 1, 1973",History,344,0,I couldn't put it down!
The Onion Field,9780385341592,Joseph Wambaugh,4.0,"January 1, 1973",History,392,1,
Cruel Sacrifice,9780786010639,Aphrodite Jones,2.0,"January 1, 1994",History,425,0,The world-building in this fantasy novel is incredible.
A Beginner's Guide to Mathematical Logic (Dover Books on Mathematics),9780486782973,Raymond M. Smullyan,4.0,"January 1, 2014",Math,240,1,The pacing felt a bit off in the middle.
A Beginner's Guide to Mathematical Logic (Dover Books on Mathematics),9780486782973,Raymond M. Smullyan,4.0,"January 1, 2014",Math,337,0,The plot twists kept me guessing until the end.
The Art of Readable Code: Simple and Practical Techniques for Writing Better Code,9780596802295,"Dustin Boswell,Trevor Foucher",3.0,"September 15, 2010",Computer-Science,323,0,
The Red Towers of Granada,9780330326285,"Geoffrey Trease,Charles Keeping",4.0,"January 1, 1966",Math,138,1,A classic for a reason. Highly enjoyable.
The Red Towers of Granada,9780330326285,"Geoffrey Trease,Charles Keeping",4.0,"January 1, 1966",Math,145,1,I struggled to connect with the main character.
Pie Town,9780062045089,Lynne Hinton,4.0,"May 19, 2011",Math,37,0,A thought-provoking and insightful book.
Amelia Earhart: Young Aviator (Childhood of Famous Americans),9780689831881,"Beatrice Gormley,Meryl Henderson",,"February 1, 2000",Math,27,0,
Amelia Earhart: Young Aviator (Childhood of Famous Americans),9780689831881,"Beatrice Gormley,Meryl Henderson",4.0,"February 1, 2000",Math,259,0,
Meadowland: The Private Life of an English Field,9780552778992,John Lewis-Stempel,4.0,"March 13, 2014",Biology,244,0,"Not what I expected, but in a good way!"
"Modern Graph Theory (Graduate Texts in Mathematics, 184)",9780387984889,"Béla Bollobás,F.W. Gehring,Sheldon Axler",4.0,"July 1, 1998",Math,137,1,This book really made me think about [a theme].
Reinforcement Learning: An Introduction (Adaptive Computation and Machine Learning series),9780262039246,"Richard S. Sutton,Andrew G. Barto",5.0,"October 19, 2018",Computer-Science,55,1,I struggled to connect with the main character.
The Complete Guide to Bathrooms: Ideas & Projects For Building & Remodeling,9781589230620,"Black &amp; Decker,Creative Publishing International",4.0,"January 1, 2002",Computer-Science,483,0,"Not what I expected, but in a good way!"
"Horton Halfpott; or, The Fiendish Mystery of Smugwick Manor; or, The Loosening of M’Lady Luggertuck’s Corset",9780810997158,Tom Angleberger,4.0,"January 1, 2011",Children,411,0,
"Hour Game (Sean King & Michelle Maxwell, #2)",9780446616492,David Baldacci,4.0,"October 1, 2004",Children,266,1,I found the writing style to be quite beautiful.
"""Look Here, Sir, What a Curious Bird"": Searching for Ali, Alfred Russel Wallace's Faithful Companion",9782940573417,Paul Spencer Sochaczewski,4.0,"July 3, 2023",Personal-Development,157,1,
"""Look Here, Sir, What a Curious Bird"": Searching for Ali, Alfred Russel Wallace's Faithful Companion",9782940573417,Paul Spencer Sochaczewski,4.0,"July 3, 2023",Personal-Development,215,0,The pacing felt a bit off in the middle.
"""Look Here, Sir, What a Curious Bird"": Searching for Ali, Alfred Russel Wallace's Faithful Companion",9782940573417,Paul Spencer Sochaczewski,,"July 3, 2023",Personal-Development,244,0,
"""Look Here, Sir, What a Curious Bird"": Searching for Ali, Alfred Russel Wallace's Faithful Companion",9782940573417,Paul Spencer Sochaczewski,4.0,"July 3, 2023",Personal-Development,428,1,The plot twists kept me guessing until the end.
Kiss My Math: Showing Pre-Algebra Who's Boss,9781594630491,Danica McKellar,4.0,"August 5, 2008",Math,302,1,A classic for a reason. Highly enjoyable.
If Dogs Were Dinosaurs,9780439676120,"David M. Schwartz,James Warhola",4.0,"January 1, 2005",Math,123,0,This book really made me think about [a theme].
If Dogs Were Dinosaurs,9780439676120,"David M. Schwartz,James Warhola",3.0,"January 1, 2005",Math,409,0,The ending left me wanting more.
The Little Broomstick,9780340932636,Mary  Stewart,4.0,"January 1, 1971",Children,24,0,
The Millionaire Next Door: The Surprising Secrets of America's Wealthy,9780671015206,"Thomas J. Stanley,William D. Danko",4.0,"October 28, 1995",Personal-Development,497,0,I would recommend this to fans of [genre].
"Cinderellis and the Glass Hill (The Princess Tales, #4)",9780060283360,"Gail Carson Levine,Mark Elliott",2.0,"February 2, 2000",Children,362,0,
"The Adventures of Captain Underpants (Captain Underpants, #1)",9780439014571,Dav Pilkey,4.0,"September 1, 1997",Comics,352,1,I couldn't put it down!
Stephen Biesty's Cross-Sections Castle /anglais,9780241379790,"Stephen Biesty,Richard Platt",3.0,"September 1, 1994",Math,249,0,
Stephen Biesty's Cross-Sections Castle /anglais,9780241379790,"Stephen Biesty,Richard Platt",4.0,"September 1, 1994",Math,435,0,A classic for a reason. Highly enjoyable.
One Grain of Rice: A Mathematical Folktale,9780590939980,Demi,4.0,"March 1, 1997",Math,388,0,This book really made me think about [a theme].
The Mechanic's Tale. Life in the pit-lanes of Formula One,9780752827834,Steve Matchett,4.0,"January 1, 1999",Cars,156,0,A captivating story with well-developed characters.
"A Dead and Stormy Night (Nevermore Bookshop Mysteries, #1)",9781991160461,Steffanie Holmes,4.0,"January 15, 2019",Fantasy,60,1,The ending left me wanting more.
"A Dead and Stormy Night (Nevermore Bookshop Mysteries, #1)",9781991160461,Steffanie Holmes,4.0,"January 15, 2019",Fantasy,179,1,I couldn't put it down!
Elixir in Action,9781617295027,Saša Jurić,5.0,"January 1, 2015",Computer-Science,224,1,The pacing felt a bit off in the middle.
"Act Like a Success, Think Like a Success",9780062220325,Steve  Harvey,4.0,"September 1, 2014",Personal-Development,11,0,A thought-provoking and insightful book.
"Surviving the Applewhites (Applewhites, #1)",9780064410441,Stephanie S. Tolan,4.0,"August 6, 2002",Children,78,1,The world-building in this fantasy novel is incredible.
"Surviving the Applewhites (Applewhites, #1)",9780064410441,Stephanie S. Tolan,4.0,"August 6, 2002",Children,400,1,A thought-provoking and insightful book.
Difficult Conversations: How to Discuss What Matters Most,9780140288520,"Douglas Stone,Bruce Patton,Sheila Heen,Roger Fisher",4.0,"April 1, 1999",Personal-Development,387,1,I would recommend this to fans of [genre].
"Miss American Pie: A Diary of Love, Secrets and Growing Up in the 1970s",9781596912014,Margaret Sartor,3.0,"June 27, 2006",Math,197,1,The plot twists kept me guessing until the end.
Building a Second Brain: A Proven Method to Organize Your Digital Life and Unlock Your Creative Potential,9781982167387,Tiago Forte,4.0,"June 14, 2022",Children,18,0,Disappointing after all the hype.
"The Undertaking of Hart and Mercy (Hart and Mercy, #1)",9780356518657,Megan Bannen,4.0,"August 23, 2022",studio-ghibli,75,0,A thought-provoking and insightful book.
"The Undertaking of Hart and Mercy (Hart and Mercy, #1)",9780356518657,Megan Bannen,4.0,"August 23, 2022",studio-ghibli,393,1,
Halloween Pie,9780688168049,"Michael O. Tunnell,Kevin O&apos;Malley",3.0,"September 29, 1999",Math,468,1,The ending left me wanting more.
"Design and Evolution of C++, The",9780201543308,Bjarne Stroustrup,4.0,"April 8, 1994",Computer-Science,3,0,I would recommend this to fans of [genre].
Disappearance at Hangman's Bluff (Felony Bay Mysteries Book 2),9780062104519,J.E.  Thompson,,"September 2, 2014",Children,35,1,Disappointing after all the hype.
Disappearance at Hangman's Bluff (Felony Bay Mysteries Book 2),9780062104519,J.E.  Thompson,4.0,"September 2, 2014",Children,251,1,A thought-provoking and insightful book.
Disappearance at Hangman's Bluff (Felony Bay Mysteries Book 2),9780062104519,J.E.  Thompson,4.0,"September 2, 2014",Children,252,0,
The Emperor of All Maladies: A Biography of Cancer,9781439107959,Siddhartha Mukherjee,,"November 16, 2010",Biology,346,1,
Through to You,9781442434653,Lauren Barnholdt,4.0,"July 8, 2014",Cars,96,1,
Through to You,9781442434653,Lauren Barnholdt,4.0,"July 8, 2014",Cars,196,0,The world-building in this fantasy novel is incredible.
1776,9780743226721,David McCullough,4.0,"March 20, 2005",Biology,444,1,The pacing felt a bit off in the middle.
Dodger Boy,9781773060729,Sarah Ellis,3.0,"September 1, 2018",Cars,150,1,A captivating story with well-developed characters.
"King Perry (The Lost and Founds, #1)",9781613723791,Edmond Manning,,"February 26, 2012",Cars,130,0,The pacing felt a bit off in the middle.
"King Perry (The Lost and Founds, #1)",9781613723791,Edmond Manning,,"February 26, 2012",Cars,230,0,A classic for a reason. Highly enjoyable.
"King Perry (The Lost and Founds, #1)",9781613723791,Edmond Manning,4.0,"February 26, 2012",Cars,495,0,The plot twists kept me guessing until the end.
The Strangest Secret,9789562912679,Earl Nightingale,4.0,"January 1, 1956",Personal-Development,223,1,The world-building in this fantasy novel is incredible.
Heather Has Two Mommies,9781555835439,"Lesléa Newman,Diana Souza",2.0,"October 28, 1989",Personal-Development,39,0,A quick and entertaining read.
Heather Has Two Mommies,9781555835439,"Lesléa Newman,Diana Souza",,"October 28, 1989",Personal-Development,471,0,This book really made me think about [a theme].
Pattern Classification,9780471056690,"David G. Stork,Richard O. Duda,Peter E. Hart",4.0,"February 9, 1973",Computer-Science,72,1,The ending left me wanting more.
The Girl from the Sea,9781338540581,Molly Knox Ostertag,4.0,"June 1, 2021",Comics,319,1,The world-building in this fantasy novel is incredible.
"More Sideways Arithmetic from Wayside School (Wayside School, #2.75)",9780747569138,Louis Sachar,4.0,"September 1, 1994",Math,263,0,The ending left me wanting more.
Good to Great: Why Some Companies Make the Leap... and Others Don't,9780066620992,Jim Collins,4.0,"November 1, 2001",Business,209,0,The plot twists kept me guessing until the end.
"Unwind (Unwind, #1)",9781416912040,Neal Shusterman,4.0,"November 6, 2007",Fantasy,466,0,"Not what I expected, but in a good way!"
Every Man Dies Alone,9781933633633,"Hans Fallada,Michael Hofmann,Geoff Wilkes",3.0,"January 1, 1947",History,101,0,A captivating story with well-developed characters.
Every Man Dies Alone,9781933633633,"Hans Fallada,Michael Hofmann,Geoff Wilkes",2.0,"January 1, 1947",History,172,0,I would recommend this to fans of [genre].
"Online Business Startup: The entrepreneur's guide to launching a fast, lean and profitable online venture",9781781331149,Robin Waite,4.0,"April 15, 2015",Technology,275,1,This book really made me think about [a theme].
"String, Straightedge and Shadow - The Story of Geometry",9781892857071,"Julia E. Diggins,Corydon Bell",4.0,"January 1, 1965",Math,370,0,A classic for a reason. Highly enjoyable.
"Chocolate Cream Pie Murder (Hannah Swensen, #24)",9781496718884,Joanne Fluke,4.0,"February 26, 2019",Math,323,1,"Not what I expected, but in a good way!"
"Five Run Away Together (Famous Five, #3)",9780340796177,Enid Blyton,4.0,"January 1, 1944",Children,102,1,I struggled to connect with the main character.
The Intelligent Entrepreneur: How Three Harvard Business School Graduates Learned the 10 Rules of Successful Entrepreneurship,9780805091663,Bill Murphy Jr.,4.0,"October 12, 2010",Business,404,1,A classic for a reason. Highly enjoyable.
"Lectures on the Foundations of Mathematics, Cambridge 1939",9780226904269,"Ludwig Wittgenstein,Cora Diamond",1.0,"October 15, 1989",Math,358,0,I would recommend this to fans of [genre].
The Double Helix,9780451037701,James D. Watson,4.0,"January 1, 1968",Biology,463,1,Disappointing after all the hype.
"Something Fishy at Macdonald Hall (Macdonald Hall, #7)",9780590255226,Gordon Korman,4.0,"January 1, 1995",Children,250,0,I found the writing style to be quite beautiful.
Happy Hour is 9 to 5,9780991260904,Alexander Kjerulf,4.0,"January 1, 2007",Personal-Development,211,1,A quick and entertaining read.
Enslaved by Ducks,9781565124509,Bob Tarte,3.0,"January 1, 2003",Biology,273,1,A thought-provoking and insightful book.
Jane and the Dragon,9780763635701,Martin Baynton,4.0,"January 1, 1988",Children,283,0,The world-building in this fantasy novel is incredible.
Jane and the Dragon,9780763635701,Martin Baynton,4.0,"January 1, 1988",Children,389,1,I would recommend this to fans of [genre].
The Tree Lady: The True Story of How One Tree-Loving Woman Changed a City Forever,9781442414020,"H. Joseph Hopkins,Jill McElmurry",4.0,"September 17, 2013",Math,233,1,The plot twists kept me guessing until the end.
The Tree Lady: The True Story of How One Tree-Loving Woman Changed a City Forever,9781442414020,"H. Joseph Hopkins,Jill McElmurry",4.0,"September 17, 2013",Math,493,0,The ending left me wanting more.
The Fractal Geometry of Nature,9780716711865,Benoît B. Mandelbrot,4.0,"January 1, 1977",Math,298,1,
The Fractal Geometry of Nature,9780716711865,Benoît B. Mandelbrot,4.0,"January 1, 1977",Math,430,0,A quick and entertaining read.
One Christmas Wish,9781526603678,"Katherine Rundell,Emily Sutton",4.0,"October 3, 2019",Children,378,1,A classic for a reason. Highly enjoyable.
"The Sky-Liners (The Sacketts, #11)",9780553276879,Louis L&apos;Amour,,"April 1, 1967",Math,123,0,I couldn't put it down!
Why Big Fierce Animals Are Rare: An Ecologist's Perspective,9780691023649,Paul Colinvaux,4.0,"January 1, 1978",Math,46,0,A classic for a reason. Highly enjoyable.
Why Big Fierce Animals Are Rare: An Ecologist's Perspective,9780691023649,Paul Colinvaux,4.0,"January 1, 1978",Math,479,1,This book really made me think about [a theme].
Cowboy Mike and Winston Attend Cowboy Church (Cowboy Mike and Winston Collection),9781649534972,"Michael Eastwood,Lily Cooper,Katryna Eastwood,Cynthia Eastwood,Wendy Yu",5.0,"April 27, 2022",Children,24,0,
Cowboy Mike and Winston Attend Cowboy Church (Cowboy Mike and Winston Collection),9781649534972,"Michael Eastwood,Lily Cooper,Katryna Eastwood,Cynthia Eastwood,Wendy Yu",5.0,"April 27, 2022",Children,412,0,The plot twists kept me guessing until the end.
An Edible History of Humanity,9780802715883,Tom Standage,,"April 16, 2010",Technology,325,1,
Stephen Biesty's Incredible Everything,9780789420497,"Stephen Biesty,Stephen Biesty",4.0,"September 1, 1997",Math,174,0,A thought-provoking and insightful book.
"After the Golden Age (Golden Age, #1)",9780765325556,Carrie Vaughn,4.0,"April 12, 2011",Comics,143,1,Disappointing after all the hype.
"After the Golden Age (Golden Age, #1)",9780765325556,Carrie Vaughn,,"April 12, 2011",Comics,412,1,A quick and entertaining read.
"Schaum's Outline of Differential Equations, 3rd edition (Schaum's Outline Series)",9780071456876,"Richard Bronson,Gabriel B. Costa",4.0,"June 15, 2006",Math,99,0,A classic for a reason. Highly enjoyable.
The Magic School Bus Going Batty: A Book About Bats,9780590738729,"Joanna Cole,Nancy E. Krulik,Bob Ostrom,Bruce Degen",4.0,"October 1, 1996",Math,240,1,Disappointing after all the hype.
The Magic School Bus Going Batty: A Book About Bats,9780590738729,"Joanna Cole,Nancy E. Krulik,Bob Ostrom,Bruce Degen",4.0,"October 1, 1996",Math,417,0,
"The Mysterious Benedict Society Collection (The Mysterious Benedict Society, #0-3 + Extra)",9780316219426,Trenton Lee Stewart,5.0,"October 16, 2012",Children,48,1,The plot twists kept me guessing until the end.
"The Mysterious Benedict Society Collection (The Mysterious Benedict Society, #0-3 + Extra)",9780316219426,Trenton Lee Stewart,,"October 16, 2012",Children,309,0,This book really made me think about [a theme].
Unwell Women: Misdiagnosis and Myth in a Man-Made World,9780593182956,Elinor Cleghorn,4.0,"June 8, 2021",Computer-Science,122,0,The pacing felt a bit off in the middle.
Unwell Women: Misdiagnosis and Myth in a Man-Made World,9780593182956,Elinor Cleghorn,3.0,"June 8, 2021",Computer-Science,383,0,I would recommend this to fans of [genre].
Unwell Women: Misdiagnosis and Myth in a Man-Made World,9780593182956,Elinor Cleghorn,,"June 8, 2021",Computer-Science,472,1,The pacing felt a bit off in the middle.
Operating Systems: Three Easy Pieces,9781985086593,"Remzi H. Arpaci-Dusseau,Andrea C. Arpaci-Dusseau",5.0,"August 18, 2012",Computer-Science,37,1,The world-building in this fantasy novel is incredible.
"Lirael (Abhorsen, #2)",9780060590161,Garth Nix,2.0,"April 21, 2001",Children,98,0,The ending left me wanting more.
"Lirael (Abhorsen, #2)",9780060590161,Garth Nix,3.0,"April 21, 2001",Children,162,0,I struggled to connect with the main character.
SQL (Database Programming),9781937842314,Chris Fehily,4.0,"July 29, 2002",Computer-Science,67,0,A thought-provoking and insightful book.
Elementary Linear Algebra,9780470458211,Howard Anton,4.0,"January 1, 1973",Math,349,0,
Your Money or Your Life,9780140286786,"Joe Dominguez,Vicki Robin",4.0,"September 1, 1992",Personal-Development,69,0,"Not what I expected, but in a good way!"
Your Money or Your Life,9780140286786,"Joe Dominguez,Vicki Robin",4.0,"September 1, 1992",Personal-Development,355,0,"Not what I expected, but in a good way!"
Strange Luck (Strange Luck Series #1),9781508807995,A.I. Winters,4.0,"June 1, 2015",Children,397,0,A classic for a reason. Highly enjoyable.
A Christmas Carol / The Chimes / The Cricket on the Hearth,9781593080334,"Charles Dickens,Katharine Kroeber Wiley",4.0,"December 19, 1843",Children,153,1,
A Christmas Carol / The Chimes / The Cricket on the Hearth,9781593080334,"Charles Dickens,Katharine Kroeber Wiley",4.0,"December 19, 1843",Children,412,1,Disappointing after all the hype.
Blind Faith,9780451162182,Joe McGinniss,4.0,"January 1, 1989",History,459,0,The plot twists kept me guessing until the end.
The Book of Hope: A Survival Guide for Trying Times (Global Icons Series),9781250817938,"Jane Goodall,Douglas Carlton Abrams",,"October 19, 2021",Computer-Science,332,0,The pacing felt a bit off in the middle.
"Heat Wave (Nikki Heat, #1)",9781401323820,Richard Castle,,"September 29, 2008",Children,371,0,The world-building in this fantasy novel is incredible.
Flight of the Doves,9780330397872,Walter Macken,1.0,"January 1, 1967",Children,410,0,A quick and entertaining read.
Landline,9781250049377,Rainbow Rowell,,"July 8, 2014",Math,218,1,The ending left me wanting more.
Landline,9781250049377,Rainbow Rowell,4.0,"July 8, 2014",Math,219,1,A captivating story with well-developed characters.
Landline,9781250049377,Rainbow Rowell,,"July 8, 2014",Math,325,0,A classic for a reason. Highly enjoyable.
The Effective Engineer: How to Leverage Your Efforts In Software Engineering to Make a Disproportionate and Meaningful Impact,9780996128100,Edmond Lau,4.0,"March 19, 2015",Computer-Science,22,1,A captivating story with well-developed characters.
The Effective Engineer: How to Leverage Your Efforts In Software Engineering to Make a Disproportionate and Meaningful Impact,9780996128100,Edmond Lau,4.0,"March 19, 2015",Computer-Science,296,1,This book really made me think about [a theme].
The Effective Engineer: How to Leverage Your Efforts In Software Engineering to Make a Disproportionate and Meaningful Impact,9780996128100,Edmond Lau,,"March 19, 2015",Computer-Science,435,0,
Metro 7,9781496049186,Matthew J. Hellscream,,"April 5, 2014",Biology,413,0,The pacing felt a bit off in the middle.
You2,9780944002049,Price Pritchett,4.0,"June 1, 1994",Personal-Development,112,1,I couldn't put it down!
You2,9780944002049,Price Pritchett,4.0,"June 1, 1994",Personal-Development,193,0,
"A Spinster's Guide to Danger and Dukes (Ladies Most Scandalous, #3)",9781538725573,Manda Collins,4.0,"March 28, 2023",nonfiction,389,0,"Not what I expected, but in a good way!"
The EFT Manual,9781604150667,Gary Craig,4.0,"August 31, 2008",Personal-Development,342,1,This book really made me think about [a theme].
The Referral Engine: Teaching Your Business to Market Itself,9781591843115,John Jantsch,4.0,"January 1, 2010",Personal-Development,27,0,Disappointing after all the hype.
The Referral Engine: Teaching Your Business to Market Itself,9781591843115,John Jantsch,4.0,"January 1, 2010",Personal-Development,145,1,Disappointing after all the hype.
The Happiness Curve: Why Life Gets Better After 50,9781250078803,Jonathan Rauch,4.0,"May 1, 2018",Personal-Development,294,0,"Not what I expected, but in a good way!"
Super Volcanoes: What They Reveal about Earth and the Worlds Beyond,9780393542066,Robin George Andrews,4.0,"November 2, 2021",Math,79,1,The world-building in this fantasy novel is incredible.
Hadoop: The Definitive Guide,9780596521974,Tom White,4.0,"May 1, 2009",Computer-Science,91,1,Disappointing after all the hype.
"The Secret Life of Plants: A Fascinating Account of the Physical, Emotional and Spiritual Relations Between Plants and Man",9780060915872,"Peter Tompkins,Christopher Bird",4.0,"September 1, 1973",Math,167,1,I couldn't put it down!
The World in Six Songs: How the Musical Brain Created Human Nature,9780525950738,Daniel J. Levitin,3.0,"January 1, 2008",Math,392,0,A captivating story with well-developed characters.
"Fallen (Fallen, #1)",9780385738934,Lauren Kate,4.0,"December 8, 2009",Fantasy,352,1,The ending left me wanting more.
The Illustrated Compendium of Amazing Animal Facts,9781607748328,Maja Säfström,4.0,"March 29, 2016",Math,361,1,A quick and entertaining read.
Northanger Abbey,9781593082642,"Jane Austen,Alfred Mac Adam",4.0,"December 20, 1817",Children,392,1,I couldn't put it down!
Cats are not Peas: A Calico History of Genetics,9780387947969,Laura L. Gould,,"August 1, 1996",Math,164,0,The plot twists kept me guessing until the end.
The Axemaker's Gift A Double Edged History of Human Culture,9780399140884,"James  Burke,Robert  Ornstein",4.0,"January 1, 1995",Computer-Science,283,0,I found the writing style to be quite beautiful.
How to Be Perfect: The Correct Answer to Every Moral Question,9781982159313,Michael Schur,,"January 25, 2022",Personal-Development,230,0,The pacing felt a bit off in the middle.
How to Be Perfect: The Correct Answer to Every Moral Question,9781982159313,Michael Schur,4.0,"January 25, 2022",Personal-Development,268,0,I found the writing style to be quite beautiful.
How to Be Perfect: The Correct Answer to Every Moral Question,9781982159313,Michael Schur,,"January 25, 2022",Personal-Development,418,0,Disappointing after all the hype.
Every Cowgirl Needs Dancing Boots,9780525423416,"Rebecca Janni,Lynne Avril",4.0,"June 9, 2011",Cars,221,1,I would recommend this to fans of [genre].
All the Single Ladies,9781476716565,Rebecca Traister,4.0,"March 1, 2016",Children,12,0,The plot twists kept me guessing until the end.
All the Single Ladies,9781476716565,Rebecca Traister,4.0,"March 1, 2016",Children,374,0,A thought-provoking and insightful book.
"The Revenge of the Baby-Sat (Calvin and Hobbes, #5)",9781417642120,Bill Watterson,,"January 1, 1991",Comics,103,0,I would recommend this to fans of [genre].
"The Truth About Markets: Their Genius, Their Limits, Their Follies",9780713994896,John Kay,4.0,"January 1, 2003",Technology,483,1,I found the writing style to be quite beautiful.
Untamed: The Wildest Woman in America and the Fight for Cumberland Island,9780802122582,Will Harlan,4.0,"May 6, 2014",Computer-Science,347,1,The ending left me wanting more.
The Mare on the Hill (Picture Puffins),9780140553390,Thomas Locker,4.0,"January 1, 1985",Children,30,0,The ending left me wanting more.
Goddesses: Mysteries of the Feminine Divine,9781608681822,"Joseph Campbell,Safron Rossi",4.0,"December 10, 2013",Personal-Development,423,1,The plot twists kept me guessing until the end.
Schaum's Outline of Electric Circuits,9780070189997,Joseph A. Edminister,3.0,"June 1, 1983",Math,98,0,A quick and entertaining read.
"Abducting Abby (Dragon Lords of Valdier, #1)",9781942562009,S.E. Smith,,"September 1, 2011",Biology,34,1,This book really made me think about [a theme].
"Abducting Abby (Dragon Lords of Valdier, #1)",9781942562009,S.E. Smith,4.0,"September 1, 2011",Biology,358,0,The pacing felt a bit off in the middle.
"Batman & Robin, Vol. 3: Batman & Robin Must Die!",9781401230913,"Grant Morrison,Irving Frazier,Cameron   Stewart",4.0,"May 11, 2011",Comics,318,0,I found the writing style to be quite beautiful.
"Dark Lover (Black Dagger Brotherhood, #1)",9780451216953,J.R. Ward,4.0,"February 19, 2005",Biology,334,0,Disappointing after all the hype.
Tigana,9780451457769,Guy Gavriel Kay,4.0,"August 1, 1990",Fantasy,331,0,A quick and entertaining read.
Tigana,9780451457769,Guy Gavriel Kay,,"August 1, 1990",Fantasy,343,1,The world-building in this fantasy novel is incredible.
Batman: Year One,9781401207526,"Frank Miller,David Mazzucchelli,Richmond Lewis,Dennis O&apos;Neil,Todd Klein",4.0,"January 1, 1988",Comics,284,1,A classic for a reason. Highly enjoyable.
The Junction of Sunshine and Lucky,9780803737259,Holly Schindler,4.0,"January 1, 2014",Children,44,1,Disappointing after all the hype.
The Junction of Sunshine and Lucky,9780803737259,Holly Schindler,,"January 1, 2014",Children,238,0,This book really made me think about [a theme].
"PUSH: 30 Days to Turbocharged Habits, a Bangin' Body, and the Life You Deserve!",9781609613334,Chalene Johnson,,"December 1, 2011",Personal-Development,494,1,The pacing felt a bit off in the middle.
The Emerald Planet: How Plants Changed Earth's History,9780192806024,David Beerling,4.0,"February 22, 2007",Computer-Science,364,1,I couldn't put it down!
Amusing Ourselves to Death: Public Discourse in the Age of Show Business,9780143036531,"Neil Postman,Andrew Postman",4.0,"November 25, 1985",Children,397,0,A captivating story with well-developed characters.
Analyzing Baseball Data with R (The R Series),9781466570221,"Max Marchi,Jim Albert",4.0,"October 29, 2013",Computer-Science,46,1,A thought-provoking and insightful book.
Fantasia Mathematica,9780387949314,Clifton Fadiman,4.0,"January 1, 1958",Math,483,1,The plot twists kept me guessing until the end.
"Blood Red (Elemental Masters, #9)",9780756408978,Mercedes Lackey,3.0,"January 1, 2014",nonfiction,66,0,I would recommend this to fans of [genre].
Inside the Outbreaks: The Elite Medical Detectives of the Epidemic Intelligence Service,9780151011209,Mark Pendergrast,4.0,"January 1, 2010",Computer-Science,92,1,"Not what I expected, but in a good way!"
Inside the Outbreaks: The Elite Medical Detectives of the Epidemic Intelligence Service,9780151011209,Mark Pendergrast,4.0,"January 1, 2010",Computer-Science,453,1,I would recommend this to fans of [genre].
From Here to Infinity,9780192832023,Ian Stewart,4.0,"January 1, 1987",Math,376,1,The ending left me wanting more.
From Here to Infinity,9780192832023,Ian Stewart,4.0,"January 1, 1987",Math,456,1,"Not what I expected, but in a good way!"
"Wildlanders' Woman (Wildlands, #1)",9781311682796,Jenycka Wolfe,4.0,"September 5, 2014",Biology,236,1,I found the writing style to be quite beautiful.
"Algebra Essentials Practice Workbook with Answers: Linear & Quadratic Equations, Cross Multiplying, and Systems of Equations (Improve Your Math Fluency Series)",9781453661383,Chris McMullen,,"July 12, 2010",Math,323,0,The ending left me wanting more.
Coming Back,9780593125434,Jessi Zabarsky,4.0,"January 18, 2022",Children,183,0,A quick and entertaining read.
The Magic School Bus Inside Ralphie: A Book About Germs,9781590400251,"Joanna Cole,Bruce Degen,John Speirs",4.0,"January 1, 1995",Math,265,1,The world-building in this fantasy novel is incredible.
"The Cat in the Hat Comes Back (The Cat in the Hat, #2)",9780394800028,Dr. Seuss,2.0,"September 12, 1958",Children,463,0,The plot twists kept me guessing until the end.
"The Code Breaker: Jennifer Doudna, Gene Editing, and the Future of the Human Race",9781982115852,Walter Isaacson,4.0,"March 9, 2021",Math,88,1,The ending left me wanting more.
The Enormous Crocodile,9780142302453,"Roald Dahl,Quentin Blake",4.0,"November 1, 1978",Children,252,0,This book really made me think about [a theme].
"Steelheart (The Reckoners, #1)",9780385743563,Brandon Sanderson,4.0,"September 24, 2013",Comics,164,0,I found the writing style to be quite beautiful.
"Kamisama Kiss, Vol. 10 (10)",9781421542690,"Julietta Suzuki,Tomo Kimura",5.0,"September 20, 2011",nonfiction,177,1,I would recommend this to fans of [genre].
Color: A Natural History of the Palette,9780812971422,Victoria Finlay,4.0,"January 1, 2003",History,395,0,I couldn't put it down!
Race Matters,9780679749868,Cornel West,4.0,"May 1, 1993",Economics,90,1,A quick and entertaining read.
A Stranger on My Land (Civil War Romance #1),9781941103272,Sandra Merville Hart,1.0,"August 15, 2014",Children,108,0,I found the writing style to be quite beautiful.
A Stranger on My Land (Civil War Romance #1),9781941103272,Sandra Merville Hart,4.0,"August 15, 2014",Children,350,1,I found the writing style to be quite beautiful.
A Stranger on My Land (Civil War Romance #1),9781941103272,Sandra Merville Hart,4.0,"August 15, 2014",Children,441,1,A classic for a reason. Highly enjoyable.
"Betsy and Tacy Go Over the Big Hill (Betsy-Tacy, #3)",9780064400992,"Maud Hart Lovelace,Lois Lenski,Judy Blume",,"January 1, 1942",Children,248,0,I found the writing style to be quite beautiful.
"Love on the Line (Women at Work, #1)",9781532341885,Kirsten Fullmer,4.0,"June 14, 2017",Children,440,1,This book really made me think about [a theme].
Buddhism for Busy People: Finding Happiness in an Uncertain World,9781741142600,David Michie,4.0,"January 1, 2004",Personal-Development,208,1,The ending left me wanting more.
"The Year of Lightning (Time Shift Trilogy, #1)",9781631630507,Ryan Dalton,,"January 12, 2016",Children,203,1,The plot twists kept me guessing until the end.
Where the Heart Is,9780446672214,Billie Letts,4.0,"January 1, 1995",Children,156,1,The world-building in this fantasy novel is incredible.
Tiny Beautiful Things: Advice from Dear Sugar,9780593685211,"Cheryl Strayed,Steve Almond",4.0,"July 10, 2012",Children,408,0,A classic for a reason. Highly enjoyable.
The Science of Interstellar,9780393351378,"Kip S. Thorne,Christopher      Nolan",4.0,"January 9, 2015",Math,37,0,A thought-provoking and insightful book.
"Schaum's Outline of Probability, Random Variables, and Random Processes",9780070306448,Hwei P. Hsu,4.0,"October 1, 1996",Math,24,0,A quick and entertaining read.
The Little Engine That Could,9780448405209,"Watty Piper,George Hauman,Doris Hauman",,"January 1, 1930",Cars,142,1,I couldn't put it down!
The Enigma of Capital: And the Crises of Capitalism,9780199758715,David Harvey,4.0,"January 1, 2010",Economics,385,0,The ending left me wanting more.
The Enigma of Capital: And the Crises of Capitalism,9780199758715,David Harvey,4.0,"January 1, 2010",Economics,437,1,The ending left me wanting more.
In the Sphere of Silence (English and Dutch Edition),9789719264729,Vijay Eswaran,4.0,"June 1, 2005",Personal-Development,181,0,A thought-provoking and insightful book.
In the Sphere of Silence (English and Dutch Edition),9789719264729,Vijay Eswaran,2.0,"June 1, 2005",Personal-Development,500,0,I couldn't put it down!
"A Shadow Bright and Burning (Kingdom on Fire, #1)",9780553535914,Jessica Cluess,,"September 20, 2016",Children,293,1,I found the writing style to be quite beautiful.
